"SPOT.Close","NFLX.Close","NVDA.Close","META.Close","AAPL.Close","X005930.KS.Close","MSFT.Close","GOOG.Close"
151.619995117188,329.809997558594,5.99774980545044,209.779998779297,75.0875015258789,55200,160.619995117188,68.3684997558594
152.5,325.899993896484,5.90175008773804,208.669998168945,74.3574981689453,55500,158.619995117188,68.0329971313477
156.720001220703,335.829986572266,5.92649984359741,212.600006103516,74.9499969482422,55500,159.029998779297,69.7105026245117
156.020004272461,330.75,5.99825000762939,213.059997558594,74.5975036621094,55800,157.580001831055,69.6669998168945
158.779998779297,339.260009765625,6.00950002670288,215.220001220703,75.7975006103516,56800,160.089996337891,70.2160034179688
157.740005493164,335.660003662109,6.07550001144409,218.300003051758,77.4075012207031,58600,162.089996337891,70.9915008544922
156.039993286133,329.049987792969,6.10799980163574,218.059997558594,77.5824966430664,59500,161.339996337891,71.4865036010742
150.869995117188,338.920013427734,6.29949998855591,221.910003662109,79.2399978637695,60000,163.279998779297,71.9615020751953
149.399993896484,338.690002441406,6.18200016021729,219.059997558594,78.1699981689453,60000,162.130004882812,71.5439987182617
152.449996948242,339.070007324219,6.13924980163574,221.149993896484,77.8349990844727,59000,163.179992675781,71.9599990844727
151.839996337891,338.619995117188,6.22324991226196,221.770004272461,78.8099975585938,60700,166.169998168945,72.5849990844727
148.339996337891,339.670013427734,6.23199987411499,222.139999389648,79.682502746582,61300,167.100006103516,74.0195007324219
149.579499816895,340.888999938965,6.13177499771118,216.7625,78.2640003204346,62400,164.95599899292,72.3191005706787
148.949996948242,338.109985351562,6.19850015640259,221.440002441406,79.1425018310547,61400,166.5,74.2200012207031
148.119995117188,326,6.25274991989136,221.320007324219,79.4250030517578,62300,165.699996948242,74.2975006103516
148.970001220703,349.600006103516,6.32149982452393,219.759994506836,79.807502746582,60800,166.720001220703,74.3324966430664
146.630004882812,353.160003662109,6.26200008392334,217.940002441406,79.5774993896484,59789.4736842105,165.039993286133,73.3355026245117
144.339996337891,342.880004882812,6.00500011444092,214.869995117188,77.2375030517578,59799.4736842105,162.279998779297,71.6949996948242
144.300003051758,348.519989013672,6.19925022125244,217.789993286133,79.4225006103516,58800,165.460006713867,72.6279983520508
141.570007324219,343.160003662109,6.13850021362305,223.229995727539,81.0849990844727,59100,168.039993286133,72.9315032958984
142.710006713867,347.739990234375,6.14524984359741,209.529998779297,80.9674987792969,57200,172.779998779297,72.7919998168945
141.300003051758,345.089996337891,5.91074991226196,201.910003662109,77.3775024414062,56400,170.229995727539,71.7115020751953
146.5,358,6.00825023651123,204.190002441406,77.1650009155273,57200,174.380004882812,74.2969970703125
154.309997558594,369.010009765625,6.17824983596802,209.830001831055,79.7125015258789,58900,180.119995117188,72.3535003662109
147,369.670013427734,6.26900005340576,210.110000610352,80.3625030517578,59500,179.899993896484,72.4114990234375
154.369995117188,366.950012207031,6.35624980926514,210.850006103516,81.3024978637695,61100,183.630004882812,73.8115005493164
154.550003051758,366.769989013672,6.28975009918213,212.330001831055,80.0074996948242,60400,183.889999389648,73.9615020751953
148.330001831055,371.070007324219,6.57425022125244,213.059997558594,80.3874969482422,59700,188.699996948242,75.4339981079102
145.770004272461,373.690002441406,6.69724988937378,207.190002441406,79.9024963378906,59900,184.440002441406,75.4394989013672
147.080001831055,380.010009765625,6.81349992752075,210.759994506836,81.8000030517578,60500,184.710006713867,75.9134979248047
141.5,381.399993896484,6.76949977874756,213.139999389648,81.2174987792969,60700,183.710006713867,75.7330017089844
141,380.399993896484,7.24475002288818,214.179992675781,81.2375030517578,61800,185.350006103516,76.0370025634766
145.090000152588,374.341500854492,6.78018746376038,206.952000427246,77.6618740081787,61500,178.422999572754,73.0180248260498
144.630004882812,387.779998779297,7.41424989700317,217.800003051758,79.75,59800,187.229995727539,75.9834976196289
143.360000610352,386.190002441406,7.86749982833862,217.490005493164,80.9049987792969,60200,187.279998779297,76.3345031738281
147.860000610352,386,7.71750020980835,214.580001831055,80.0749969482422,60000,184.419998168945,75.9075012207031
146.949996948242,380.070007324219,7.35174989700317,210.179992675781,78.2624969482422,59200,178.589996337891,74.255500793457
145.330001831055,368.700012207031,6.83199977874756,200.720001220703,74.5449981689453,56800,170.889999389648,71.0794982910156
141.800003051758,360.089996337891,6.55124998092651,196.770004272461,72.0199966430664,57900,168.070007324219,69.4225006103516
140.490005493164,379.239990234375,6.69124984741211,197.199996948242,73.1624984741211,56500,170.169998168945,69.6589965820312
134.509994506836,371.709991455078,6.31500005722046,189.75,68.379997253418,55900,158.179992675781,65.9045028686523
137.119995117188,369.029998779297,6.75174999237061,192.470001220703,68.3399963378906,54200,162.009994506836,66.9664993286133
139.339996337891,381.049987792969,6.91074991226196,196.440002441406,74.7024993896484,55000,172.789993286133,69.4554977416992
137.160003662109,368.769989013672,6.64725017547607,185.889999389648,72.3300018310547,55400,164.509994506836,67.0695037841797
144.25,383.790008544922,7.11275005340576,191.759994506836,75.6849975585938,57400,170.550003051758,69.3259963989258
148.080001831055,372.779998779297,6.83225011825562,185.169998168945,73.2300033569336,57800,166.270004272461,65.9520034790039
145.139999389648,368.970001220703,6.65100002288818,181.089996337891,72.2574996948242,56500,161.570007324219,64.9205017089844
139.779998779297,346.489990234375,6.13600015640259,169.5,66.5425033569336,56500,150.619995117188,60.7779998779297
141.899993896484,364.130004882812,6.52699995040894,178.190002441406,71.3349990844727,54600,160.919998168945,64.0195007324219
135.059997558594,349.920013427734,6.16174983978271,170.240005493164,68.8574981689453,52100,153.630004882812,60.7705001831055
126.98999786377,315.25,5.40775012969971,154.470001220703,62.0574989318848,52100,139.059997558594,55.7454986572266
131.559997558594,336.299987792969,6.02099990844727,170.279998779297,69.4925003051758,49950,158.830001831055,60.986499786377
117.639999389648,298.839996337891,4.90999984741211,146.009994506836,60.5525016784668,48900,135.419998168945,54.2164993286133
118.870002746582,319.75,5.43174982070923,149.419998168945,63.2150001525879,47300,146.570007324219,55.9900016784668
121.23999786377,315.470001220703,5.07049989700317,146.960006713867,61.6674995422363,45600,140.399993896484,54.8400001525879
129.130004882812,332.029998779297,5.32425022125244,153.130004882812,61.1949996948242,42950,142.710006713867,55.7644996643066
124.360000610352,332.829986572266,5.14375019073486,149.729995727539,57.310001373291,45400,137.350006103516,53.6160011291504
118.180000305176,360.269989013672,5.31724977493286,148.100006103516,56.0924987792969,42500,135.979995727539,52.8310012817383
129.690002441406,357.320007324219,6.22949981689453,160.979995727539,61.7200012207031,46950,148.339996337891,56.7229995727539
124.230003356934,342.390014648438,6.14050006866455,156.210006713867,61.3800010681152,48650,146.919998168945,55.1245002746582
126.809997558594,362.989990234375,6.43100023269653,163.339996337891,64.6100006103516,47800,156.110000610352,58.0875015258789
122.540000915527,357.119995117188,6.31825017929077,156.789993286133,61.935001373291,48300,149.699996948242,55.5354995727539
121.430000305176,370.959991455078,6.6397500038147,165.949996948242,63.7024993896484,47850,160.229995727539,57.3409996032715
121.440002441406,375.5,6.59000015258789,166.800003051758,63.5724983215332,47750,157.710006713867,58.1404991149902
121.610000610352,364.079986572266,6.07674980163574,159.600006103516,60.2275009155273,45800,152.110000610352,55.2809982299805
121.910003662109,370.079986572266,6.38675022125244,158.190002441406,61.2324981689453,46800,155.259994506836,56.0419998168945
122.120002746582,361.760009765625,6.09775018692017,154.179992675781,60.3525009155273,47000,153.830001831055,54.8940010070801
122.519996643066,379.959991455078,6.71000003814697,165.550003051758,65.6175003051758,48700,165.270004272461,59.3460006713867
127.610000610352,372.279998779297,6.47574996948242,168.830001831055,64.8574981689453,49600,163.490005493164,59.3255004882812
126.040000915527,371.119995117188,6.67374992370605,174.279998779297,66.5175018310547,48600,165.130004882812,60.5139999389648
131.860000610352,370.720001220703,6.57375001907349,175.190002441406,66.9974975585938,49100,165.139999389648,60.5724983215332
131.24700050354,396.857997131348,6.7745875120163,171.865000915527,66.6708744049072,49250,165.848500823975,60.343999671936
129.830001831055,396.720001220703,6.74625015258789,174.789993286133,68.3125,48300,165.509994506836,60.8779983520508
135.929992675781,413.549987792969,7.09875011444092,178.169998168945,71.7624969482422,49000,173.699996948242,63.461498260498
138.779998779297,426.75,7.02099990844727,176.970001220703,71.1074981689453,49045,171.880004882812,63.1235008239746
139.490005493164,439.170013427734,7.36749982833862,176.25,71.6725006103516,49000,177.039993286133,63.1735000610352
141.860000610352,422.959991455078,7.30800008773804,179.240005493164,70.6999969482422,51400,178.600006103516,64.1624984741211
144.539993286133,437.489990234375,7.17624998092651,178.240005493164,69.2324981689453,50100,175.059997558594,63.3305015563965
139.139999389648,433.829986572266,6.73775005340576,170.800003051758,67.0924987792969,49250,167.820007324219,60.8170013427734
139.740005493164,421.420013427734,7.15374994277954,182.279998779297,69.0250015258789,49850,173.520004272461,63.1604995727539
138.710006713867,426.700012207031,7.10024976730347,185.130004882812,68.7574996948242,49850,171.419998168945,63.8154983520508
137.839996337891,424.989990234375,7.23974990844727,190.070007324219,70.7425003051758,49350,174.550003051758,63.9654998779297
140.25,421.380004882812,7.42700004577637,187.5,70.7925033569336,49850,174.050003051758,63.7939987182617
139.779998779297,403.829986572266,7.28399991989136,182.910003662109,69.6449966430664,50100,169.809997558594,61.6834983825684
155.779998779297,411.890014648438,7.46150016784668,194.190002441406,71.932502746582,50000,177.429992675781,67.0739974975586
151.570007324219,419.850006103516,7.30700016021729,204.710006713867,73.4499969482422,49272.2222222222,179.210006713867,67.4329986572266
144.839996337891,415.269989013672,7.06949996948242,202.270004272461,72.2675018310547,49211.6959064327,174.570007324219,66.0305023193359
145.309997558594,428.149993896484,7.28224992752075,205.259994506836,73.2900009155273,48500,178.839996337891,66.3399963378906
145.020004272461,424.679992675781,7.3435001373291,207.070007324219,74.3899993896484,49091.6959064327,180.759994506836,67.5554962158203
148.479995727539,434.260009765625,7.44474983215332,208.470001220703,75.1575012207031,49200,182.539993286133,67.3649978637695
148.039993286133,436.529998779297,7.62174987792969,211.259994506836,75.9349975585938,48800,183.600006103516,68.6279983520508
152.149993896484,435.549987792969,7.8125,212.350006103516,77.5325012207031,48800,184.679992675781,69.4185028076172
156.020004272461,440.519989013672,8.06550025939941,213.179992675781,78.7525024414062,48400,186.740005493164,70.1630020141602
153.940002441406,431.820007324219,7.80249977111816,210.100006103516,77.8525009155273,47900,182.509994506836,68.7870025634766
148.979995727539,438.269989013672,7.78000020980835,205.100006103516,76.9124984741211,48550,179.75,67.4664993286133
152.070007324219,441.950012207031,8.0305004119873,206.809997558594,77.3850021362305,48000,180.529998779297,67.8065032958984
158.830001831055,454.190002441406,8.49075031280518,210.880004882812,76.9274978637695,47850,183.160003662109,68.6595001220703
161.429992675781,452.579986572266,8.7502498626709,213.190002441406,78.7399978637695,48800,184.910003662109,69.1969985961914
175.029998779297,451.040008544922,8.80550003051758,216.880004882812,78.2850036621094,50300,183.630004882812,68.6742477416992
189.800003051758,447.670013427734,8.97000026702881,229.970001220703,79.807502746582,50000,185.660003662109,70.3359985351562
192.740005493164,436.25,8.77525043487549,231.389999389648,79.2125015258789,49950,183.429992675781,70.1399993896484
190.169998168945,429.320007324219,9.02624988555908,234.910003662109,79.7225036621094,48750,183.509994506836,70.5210037231445
176.211500549316,431.003001403809,8.59972507953644,223.377500915527,79.53762550354,48850,183.67200012207,70.3003128051758
191,414.769989013672,8.71774959564209,232.199996948242,79.182502746582,49250,181.570007324219,70.8509979248047
185.949996948242,419.890014648438,8.52525043487549,229.139999389648,79.5274963378906,49900,181.809997558594,70.8919982910156
177.220001220703,413.440002441406,8.48700046539307,225.460006713867,79.5625,50400,181.399993896484,70.8365020751953
180.929992675781,419.730010986328,8.8754997253418,225.089996337891,79.4850006103516,50700,183.25,71.4459991455078
182.710006713867,425.920013427734,8.80624961853027,231.910003662109,80.4625015258789,51200,182.830001831055,71.5910034179688
189.360000610352,427.309997558594,8.82524967193604,232.720001220703,80.8349990844727,51400,184.910003662109,71.9609985351562
184.630004882812,421.970001220703,8.76949977874756,230.160003662109,81.2799987792969,54500,185.360000610352,71.8190002441406
181.839996337891,414.329986572266,8.76650047302246,226.289993286133,80.5800018310547,54600,182.919998168945,70.609001159668
184.279998779297,419.600006103516,8.92000007629395,230.770004272461,82.875,55500,187.199996948242,71.9195022583008
187.300003051758,419.489990234375,8.80500030517578,231.399993896484,83.3649978637695,54900,188.360000610352,72.3304977416992
191.309997558594,434.049987792969,9.04599952697754,238.669998168945,85.9974975585938,55500,189.800003051758,72.8079986572266
189.399993896484,434.480010986328,9.36674976348877,236.729995727539,88.2099990844727,55400,196.839996337891,73.2925033569336
178.679992675781,425.559997558594,8.79625034332275,224.429992675781,83.9749984741211,54300,186.270004272461,70.1920013427734
180.070007324219,418.070007324219,8.93249988555908,228.580001831055,84.6999969482422,52300,187.740005493164,70.6589965820312
187.880004882812,425.5,9.17374992370605,232.5,85.7474975585938,49900,188.940002441406,70.9925003051758
185.479995727539,436.130004882812,9.06849956512451,235.649993896484,88.0199966430664,52100,193.570007324219,72.1360015869141
199.830001831055,447.769989013672,9.23600006103516,235.529998779297,87.8974990844727,52200,194.240005493164,72.5559997558594
225.279998779297,449.869995117188,9.2180004119873,235.940002441406,87.932502746582,52300,196.320007324219,71.7979965209961
231.289993286133,453.720001220703,9.26124954223633,238.789993286133,87.4300003051758,52900,195.149993896484,71.5859985351562
236.059997558594,468.040008544922,9.52674961090088,239.220001220703,89.7174987792969,52000,200.570007324219,72.5930023193359
241.759994506836,466.260009765625,9.44999980926514,242.240005493164,91.6324996948242,51400,201.910003662109,73.2204971313477
242.860000610352,457.850006103516,9.23550033569336,234.020004272461,90.0149993896484,52900,197.839996337891,71.598503112793
267.470001220703,465.910003662109,9.48999977111816,235.679992675781,91.2099990844727,51900,200.339996337891,72.0664978027344
264.950012207031,443.399993896484,9.15499973297119,216.080001831055,88.4075012207031,53300,196.330001831055,67.995002746582
265.140014648438,447.239990234375,9.19999980926514,220.639999389648,90.4449996948242,52400,198.440002441406,69.7484970092773
258.190002441406,455.040008544922,9.4977502822876,227.070007324219,91.1999969482422,52800,203.509994506836,70.6804962158203
258.899993896484,485.640014648438,9.52999973297119,237.550003051758,91.0274963378906,52600,204.699996948242,71.9020004272461
271.489990234375,476.890014648438,9.61225032806396,233.419998168945,91.0274963378906,52900,206.259994506836,73.2350006103516
259.852500152588,488.012503051758,9.79332489967346,237.048500061035,92.94362449646,53600,204.754000091553,73.5030750274658
260.260009765625,493.809997558594,9.83924961090088,240.279998779297,93.4625015258789,55000,210.699996948242,74.7850036621094
261.989990234375,493.160003662109,9.87174987792969,240.860000610352,93.1725006103516,53400,208.25,74.2590026855469
269.260009765625,502.779998779297,10.2159996032715,243.580001831055,95.3424987792969,53000,212.830001831055,74.8000030517578
274.790008544922,507.760009765625,10.5089998245239,244.5,95.7525024414062,52800,214.320007324219,75.5494995117188
278.239990234375,548.72998046875,10.4792499542236,245.070007324219,95.9199981689453,52700,213.669998168945,77.0869979858398
261.190002441406,525.5,10.0522499084473,239,95.4775009155273,53400,207.070007324219,75.5670013427734
262.799987792969,524.880004882812,10.3769998550415,239.729995727539,97.057502746582,53800,208.350006103516,76.0289993286133
258.5,523.260009765625,10.2272500991821,240.279998779297,97.7249984741211,54700,208.039993286133,75.681999206543
268.679992675781,527.390014648438,10.1347503662109,240.929992675781,96.5224990844727,53800,203.919998168945,75.9000015258789
263.230010986328,492.989990234375,10.2014999389648,242.029998779297,96.3274993896484,54400,202.880004882812,75.7774963378906
291.190002441406,502.410003662109,10.5107498168945,245.419998168945,98.3574981689453,54200,211.600006103516,78.286003112793
276.380004882812,490.100006103516,10.3284997940063,241.75,97,55300,208.75,77.9209976196289
289.619995117188,489.820007324219,10.4387502670288,239.869995117188,97.2724990844727,54700,211.75,78.4244995117188
267.540008544922,477.579986572266,10.12975025177,232.600006103516,92.8450012207031,54100,202.539993286133,75.7839965820312
268.739990234375,480.450012207031,10.1944999694824,230.710006713867,92.6149978637695,54200,201.300003051758,75.5934982299805
272.5,495.649993896484,10.4215002059937,233.5,94.8099975585938,55600,203.850006103516,76.5100021362305
267.119995117188,488.510009765625,10.2154998779297,230.119995117188,93.2525024414062,58600,202.020004272461,75.0169982910156
262.209991455078,484.480010986328,10.4654998779297,233.289993286133,95.0400009155273,59000,204.059997558594,76.1009979248047
261.790008544922,485.799987792969,10.6140003204346,234.5,96.1900024414062,59000,203.899993896484,76.5725021362305
257.820007324219,488.880004882812,10.6147499084473,253.669998168945,106.26000213623,57900,205.009994506836,74.1480026245117
254.429992675781,498.619995117188,11.0102500915527,251.960006713867,108.9375,56800,216.539993286133,73.7225036621094
250.020004272461,509.640014648438,11.2277498245239,249.830001831055,109.665000915527,57300,213.289993286133,73.2484970092773
249.25,502.109985351562,11.2867498397827,249.119995117188,110.0625,56900,212.940002441406,73.6804962158203
255.320007324219,509.079986572266,11.3354997634888,265.279998779297,113.902496337891,58000,216.350006103516,75.004997253418
252.119995117188,494.730010986328,11.1995000839233,268.440002441406,111.112503051758,57500,212.479995727539,74.7245025634766
248.990005493164,483.380004882812,11.164999961853,263,112.727500915527,57800,208.25,74.8050003051758
253.720001220703,466.929992675781,10.8500003814697,256.130004882812,109.375,58200,203.380004882812,74.015998840332
253.289993286133,475.470001220703,11.4402503967285,259.890014648438,113.01000213623,59000,209.190002441406,75.3310012817383
253.660003662109,481.329986572266,11.4429998397827,261.299987792969,115.01000213623,58700,208.699996948242,75.9225006103516
251.320007324219,482.679992675781,11.5640001296997,261.239990234375,114.907501220703,58000,208.899993896484,75.3864974975586
259.910003662109,482.350006103516,12.3369998931885,261.160003662109,114.607498168945,56980,210.279998779297,75.8990020751953
256.799987792969,491.869995117188,12.2607498168945,262.339996337891,115.5625,58400,211.490005493164,77.9300003051758
261.720001220703,484.529998779297,12.138500213623,262.589996337891,115.707496643066,57800,209.699996948242,77.3765029907227
269.329986572266,497.899993896484,12.1409997940063,269.010009765625,118.275001525879,55400,214.580001831055,79.0875015258789
270.980010986328,492.309997558594,12.683500289917,267.010009765625,124.370002746582,55900,213.020004272461,79.0210037231445
269.130004882812,488.809997558594,12.7202501296997,271.390014648438,125.857498168945,56100,213.690002441406,79.4100036621094
268.690002441406,490.579986572266,12.75,280.820007324219,124.824996948242,56400,216.470001220703,80.411003112793
278.290008544922,547.530029296875,12.7729997634888,303.910003662109,126.522499084473,56400,221.149993896484,82.6190032958984
272.010009765625,526.27001953125,12.6282501220703,293.220001220703,125.01000213623,55600,226.580001831055,81.7164993286133
279.359985351562,523.890014648438,13.1477499008179,293.660003662109,124.807502746582,55400,228.910003662109,82.2204971313477
282.160003662109,529.559997558594,13.3745002746582,293.200012207031,129.039993286133,54000,225.529998779297,81.7089996337891
291.75,556.549987792969,13.8210000991821,295.440002441406,134.179992675781,54200,227.270004272461,83.0354995727539
276.290008544922,552.840026855469,14.3465003967285,302.5,131.399993896484,54400,231.649993896484,86.4140014648438
261.660003662109,525.75,13.0155000686646,291.119995117188,120.879997253418,56400,217.300003051758,82.0920028686523
248.210006713867,516.049987792969,12.6225004196167,282.730010986328,120.959999084473,55600,214.25,79.552001953125
256.036502075195,505.568002319336,12.7925625801086,277.258001708984,119.470123291016,56500,213.561499786377,78.7349498748779
240.020004272461,507.019989013672,11.9130001068115,271.160003662109,112.819999694824,58700,202.660003662109,76.619499206543
244.929992675781,500.190002441406,12.7150001525879,273.720001220703,117.319999694824,58400,211.289993286133,77.8479995727539
247.779998779297,480.670013427734,12.3117504119873,268.089996337891,113.48999786377,59200,205.369995117188,76.6009979248047
241.600006103516,482.029998779297,12.1645002365112,266.609985351562,112,59000,204.029998779297,76.036003112793
238.550003051758,476.260009765625,12.8722496032715,266.149993896484,115.360000610352,60400,205.410003662109,75.963996887207
237.910003662109,495.989990234375,12.9910001754761,272.420013427734,115.540000915527,61000,208.779998779297,77.0719985961914
234.850006103516,483.859985351562,12.5144996643066,263.519989013672,112.129997253418,61000,205.050003051758,76.0449981689453
234.309997558594,470.200012207031,12.4635000228882,254.820007324219,110.339996337891,59500,202.910003662109,74.776496887207
233.889999389648,469.959991455078,12.1892499923706,252.529998779297,106.839996337891,59300,200.389999389648,72.9994964599609
239.339996337891,487.350006103516,12.5172500610352,248.149993896484,110.080001831055,59200,202.539993286133,71.5579986572266
241.009994506836,491.170013427734,12.637749671936,254.75,111.809997558594,58200,207.419998168945,73.2730026245117
235.050003051758,470.609985351562,12.1237497329712,249.020004272461,107.120002746582,58600,200.589996337891,70.760498046875
231.259994506836,473.079986572266,12.3479995727539,249.529998779297,108.220001220703,57800,203.190002441406,71.4144973754883
235.979995727539,482.880004882812,12.8737497329712,254.820007324219,112.279998779297,57900,207.820007324219,72.2480010986328
236.419998168945,490.649993896484,13.0349998474121,256.820007324219,114.959999084473,58200,209.440002441406,73.2259979248047
242.449996948242,493.480010986328,13.2257499694824,261.790008544922,114.089996337891,58200,207.259994506836,73.4664993286133
242.570007324219,500.029998779297,13.5305004119873,261.899993896484,115.809997558594,59258.8235294118,210.330001831055,73.4800033569336
250.190002441406,527.510009765625,13.6145000457764,266.630004882812,116.790000915527,59203.2679738562,212.460006713867,74.5045013427734
240.279998779297,503.059997558594,13.0622501373291,259.940002441406,113.019996643066,59203.2679738562,206.190002441406,72.9209976196289
251.369995117188,520.650024414062,13.6424999237061,264.649993896484,116.5,58700,210.380004882812,74.3010025024414
248.539993286133,505.869995117188,13.736499786377,258.660003662109,113.160003662109,59000,205.910003662109,72.6719970703125
251.509994506836,534.659973144531,13.96399974823,258.119995117188,115.080001831055,59900,209.830001831055,73.0145034790039
249.800003051758,531.789978027344,13.8387498855591,263.760009765625,114.970001220703,59700,210.580001831055,74.296501159668
250,539.440002441406,13.762749671936,264.450012207031,116.970001220703,59653.2679738562,215.809997558594,75.7610015869141
251.440002441406,539.809997558594,14.2259998321533,275.75,124.400001525879,60400,221.399993896484,78.4574966430664
266.950012207031,554.090026855469,14.2482500076294,276.140014648438,121.099998474121,60900,222.860000610352,78.5839996337891
257.619995117188,541.450012207031,14.0952501296997,271.820007324219,121.190002441406,60900,220.860000610352,78.4039993286133
261.549987792969,541.940002441406,13.9700002670288,266.720001220703,120.709999084473,60000,219.660003662109,77.9564971923828
262.549987792969,530.789978027344,13.8114995956421,265.929992675781,119.019996643066,59500,219.660003662109,78.6504974365234
261.010009765625,530.719970703125,13.4977502822876,261.399993896484,115.980003356934,60000,214.220001220703,76.7304992675781
260.950012207031,525.419982910156,13.6455001831055,267.559997558594,117.51000213623,60900,214.649993896484,77.796501159668
271.320007324219,489.049987792969,13.5247497558594,278.730010986328,116.870002746582,60900,214.800003051758,79.6654968261719
271.880004882812,485.230010986328,13.3610000610352,278.119995117188,115.75,60100,214.889999389648,80.7665023803711
283.489990234375,488.279998779297,13.5902500152588,284.790008544922,115.040000915527,60200,216.229995727539,82.0500030517578
284.959991455078,488.239990234375,13.1412496566772,277.109985351562,115.050003051758,60400,210.080001831055,79.5224990844727
287.450012207031,488.929992675781,13.3967504501343,283.290008544922,116.599998474121,59800,213.25,80.2129974365234
276.140014648438,486.239990234375,12.6269998550415,267.670013427734,111.199996948242,59000,202.679992675781,75.8310012817383
266.869995117188,504.209991455078,13.0240001678467,280.829986572266,115.319999694824,58100,204.720001220703,78.3619995117188
239.889999389648,475.739990234375,12.5340003967285,263.109985351562,108.860000610352,56600,202.470001220703,81.0504989624023
231.600006103516,484.119995117188,12.5807504653931,261.359985351562,108.769996643066,57400,202.330001831055,81.3014984130859
236.529998779297,487.220001220703,13.0194997787476,265.299987792969,110.440002441406,58800,206.429992675781,82.510498046875
239.279998779297,496.950012207031,13.7942495346069,287.380004882812,114.949996948242,58500,216.389999389648,87.4564971923828
256.380004882812,513.760009765625,14.1599998474121,294.679992675781,119.029998779297,60300,223.289993286133,88.1685028076172
276.100006103516,514.72998046875,14.5620002746582,293.410003662109,118.690002441406,60100,223.720001220703,88.0875015258789
274.200012207031,470.5,13.6307497024536,278.769989013672,116.319999694824,60200,218.389999389648,88.1500015258789
249.990005493164,480.239990234375,12.7700004577637,272.429992675781,115.970001220703,60200,211.009994506836,87.0195007324219
261.040008544922,490.760009765625,13.4180002212524,276.480010986328,119.48999786377,61300,216.550003051758,87.635498046875
258.690002441406,486.769989013672,13.4567499160767,275.079986572266,119.209999084473,61000,215.440002441406,87.4919967651367
253.5,482.839996337891,13.2969999313354,276.950012207031,119.26000213623,63200,216.509994506836,88.8509979248047
245.850006103516,479.100006103516,13.5152502059937,278.959991455078,120.300003051758,66300,217.229995727539,89.0690002441406
250.440002441406,480.630004882812,13.4222497940063,275,119.389999389648,65700,214.460006713867,88.5074996948242
253.020004272461,481.790008544922,13.428750038147,271.970001220703,118.029998779297,64800,211.080001831055,87.338996887207
249.940002441406,484.670013427734,13.4402503967285,272.940002441406,118.639999389648,64600,212.419998168945,88.1959991455078
260,488.239990234375,13.0877504348755,269.700012207031,117.339996337891,64700,210.389999389648,87.1094970703125
268.859985351562,476.619995117188,13.1400003433228,268.429992675781,113.849998474121,67500,210.110000610352,86.7429962158203
270.140014648438,482.880004882812,12.9577503204346,276.920013427734,115.169998168945,67700,213.860000610352,88.4440002441406
270.089996337891,485,13.2347497940063,275.589996337891,116.029998779297,66600,213.869995117188,88.5715026855469
287.110498809814,491.875999450684,13.3195875644684,277.797999572754,119.84999961853,68000,213.873500061035,89.0966991424561
277.619995117188,491.359985351562,13.2612495422363,277.809997558594,116.589996337891,68200,215.229995727539,89.6595001220703
291.369995117188,490.700012207031,13.40149974823,276.970001220703,119.050003051758,66700,214.070007324219,88.0370025634766
284.989990234375,504.579986572266,13.3900003433228,286.549987792969,122.720001220703,67800,216.210006713867,89.9049987792969
320.890014648438,503.380004882812,13.5445003509521,287.519989013672,123.080001831055,69500,215.369995117188,91.3974990844727
316.429992675781,497.519989013672,13.3959999084473,281.850006103516,122.940002441406,69700,214.240005493164,91.3385009765625
319.769989013672,498.309997558594,13.5582504272461,279.700012207031,122.25,71500,214.360000610352,91.3994979858398
342,515.780029296875,13.6067495346069,285.579986572266,123.75,72900,214.289993286133,90.9739990234375
332.859985351562,512.659973144531,13.3500003814697,283.399993896484,124.379997253418,71700,216.009994506836,90.9274978637695
332.450012207031,493.600006103516,12.9307498931885,277.920013427734,121.779998779297,73900,211.800003051758,89.2064971923828
343.299987792969,501.089996337891,12.9722499847412,277.119995117188,123.23999786377,72900,210.520004272461,88.7665023803711
341.220001220703,503.220001220703,13.0132503509521,273.549987792969,122.410003662109,73400,213.259994506836,89.0885009765625
320.339996337891,522.419982910156,13.3087501525879,274.190002441406,121.779998779297,73800,214.199996948242,88.0029983520508
326.970001220703,519.780029296875,13.3605003356934,275.549987792969,127.879997253418,73800,214.130004882812,88.3884963989258
318.529998779297,524.830017089844,13.2425003051758,275.670013427734,127.809997558594,73800,219.279998779297,88.1500015258789
328.059997558594,532.900024414062,13.3412504196167,274.480010986328,128.699996948242,73300,219.419998168945,87.3949966430664
336.100006103516,534.450012207031,13.2720003128052,276.399993896484,126.660003662109,73000,218.589996337891,86.5504989624023
325.570007324219,528.909973144531,13.3322496414185,272.790008544922,128.229995727539,73000,222.589996337891,86.9684982299805
321.959991455078,527.330017089844,13.2782497406006,267.089996337891,131.880004882812,72300,223.940002441406,86.1750030517578
330.790008544922,514.47998046875,13.0092496871948,268.109985351562,130.960006713867,73900,221.020004272461,86.6190032958984
328.390014648438,513.969970703125,12.9937496185303,267.399993896484,131.970001220703,77800,222.75,86.942497253418
317.290008544922,519.119995117188,12.8999996185303,277,136.690002441406,78700,224.960006713867,88.8044967651367
318.429992675781,530.869995117188,12.9432497024536,276.779998779297,134.869995117188,78300,224.149993896484,87.9359970092773
319.350006103516,524.590026855469,13.1457500457764,271.869995117188,133.720001220703,81000,221.679992675781,86.9759979248047
314.660003662109,540.72998046875,13.0550003051758,273.160003662109,132.690002441406,81245,222.419998168945,87.5940017700195
311,522.859985351562,13.1134996414185,268.940002441406,129.410003662109,83000,217.690002441406,86.4120025634766
313.720001220703,520.799987792969,13.4047498703003,270.970001220703,131.009994506836,83900,217.899993896484,87.0459976196289
314.239990234375,500.489990234375,12.6145000457764,263.309997558594,126.599998474121,82200,212.25,86.7645034790039
331.359985351562,508.890014648438,13.3439998626709,268.739990234375,130.919998168945,82900,218.289993286133,89.3625030517578
353.109985351562,510.399993896484,13.2767496109009,267.570007324219,132.050003051758,88800,219.619995117188,90.3604965209961
344.070007324219,499.100006103516,13.6215000152588,256.839996337891,128.979995727539,91000,217.490005493164,88.3359985351562
347.010009765625,494.25,13.4847497940063,251.089996337891,128.800003051758,90600,214.929992675781,87.3274993896484
347.059997558594,507.790008544922,13.5317497253418,251.639999389648,130.889999389648,89700,216.339996337891,87.7200012207031
342.269989013672,500.859985351562,13.200249671936,245.639999389648,128.910003662109,89700,213.020004272461,87.0090026855469
319.820007324219,497.980010986328,12.8594999313354,251.360000610352,127.139999389648,88000,212.649993896484,86.8095016479492
331.798997497559,527.428001403809,13.285312461853,264.479500579834,133.092000198364,85000,222.85899810791,90.6516002655029
319.75,501.769989013672,13.0252504348755,261.100006103516,127.830001831055,87000,216.440002441406,89.5429992675781
331.410003662109,586.340026855469,13.3657503128052,267.480010986328,132.029998779297,87200,224.339996337891,94.3450012207031
348.299987792969,579.840026855469,13.8675003051758,272.869995117188,136.869995117188,88100,224.970001220703,94.5625
338.959991455078,565.169982910156,13.7124996185303,274.5,139.070007324219,86800,225.949996948242,95.0524978637695
333.609985351562,556.780029296875,13.6532497406006,278.010009765625,142.919998168945,89400,229.529998779297,94.9700012207031
337.010009765625,561.929992675781,13.4352502822876,282.049987792969,143.160003662109,86700,232.330001831055,95.8619995117188
330.190002441406,523.280029296875,12.9177503585815,272.140014648438,142.059997558594,85600,232.899993896484,91.5394973754883
325.440002441406,538.599975585938,13.0509996414185,265,137.089996337891,83700,238.929992675781,93.1555023193359
315,532.390014648438,12.9897499084473,258.329986572266,131.960006713867,82000,231.960006713867,91.7870025634766
332.649993896484,539.039978027344,13.2370004653931,262.010009765625,134.139999389648,83000,239.649993896484,95.067497253418
345.049987792969,548.159973144531,13.5567502975464,267.079986572266,134.990005493164,84400,239.509994506836,96.3755035400391
317.25,539.450012207031,13.5305004119873,266.649993896484,133.940002441406,84600,243,103.50350189209
314.700012207031,552.159973144531,13.6642503738403,266.489990234375,137.389999389648,82500,242.009994506836,103.118499755859
310.769989013672,550.789978027344,13.5909996032715,268.100006103516,136.759994506836,83500,242.199996948242,104.900001525879
323.790008544922,547.919982910156,14.4387502670288,266.579986572266,136.910003662109,83000,242.470001220703,104.645500183105
334,559.070007324219,14.2632503509521,269.450012207031,136.009994506836,82700,243.770004272461,104.175498962402
335.709991455078,563.590026855469,14.7642498016357,271.869995117188,135.389999389648,81600,242.820007324219,104.768997192383
331.899993896484,557.590026855469,15.2507495880127,270.390014648438,135.130004882812,83131.5789473684,244.490005493164,104.794502258301
339.700012207031,556.52001953125,14.9612503051758,270.5,135.369995117188,83071.5789473684,244.990005493164,105.205497741699
333.327000427246,549.044000244141,14.255500125885,266.266499328613,131.344499969482,84200,239.910500335693,103.45072517395
353.730010986328,557.280029296875,15.330249786377,273.970001220703,133.190002441406,84900,243.699996948242,106.095001220703
355.190002441406,551.340026855469,14.9060001373291,273.570007324219,130.839996337891,83200,244.199996948242,106.415496826172
354.880004882812,548.219970703125,14.8290004730225,269.390014648438,129.710006713867,82100,243.789993286133,105.860000610352
364.589996337891,540.219970703125,14.9265003204346,261.559997558594,129.869995117188,82600,240.970001220703,105.056999206543
349.910003662109,533.780029296875,14.3557500839233,260.329986572266,126,82200,234.509994506836,103.244003295898
336.309997558594,546.150024414062,14.1420001983643,265.859985351562,125.860000610352,82000,233.270004272461,103.542999267578
334.690002441406,553.409973144531,14.4989995956421,264.309997558594,125.349998474121,82000,234.550003051758,104.758499145508
303.059997558594,546.700012207031,13.3074998855591,254.690002441406,120.98999786377,85300,228.990005493164,101.568000793457
307.380004882812,538.849975585938,13.7145004272461,257.619995117188,121.26000213623,82500,232.380004882812,101.843002319336
321.279998779297,550.640014648438,13.8417501449585,264.910003662109,127.790000915527,82700,236.940002441406,104.075500488281
322.739990234375,547.820007324219,13.40625,259,125.120002746582,83600,233.869995117188,103.791999816895
300.239990234375,520.700012207031,12.8047504425049,255.410003662109,122.059997558594,84000,227.559997558594,101.335502624512
285.010009765625,511.290008544922,12.37024974823,257.640014648438,120.129997253418,82400,226.729995727539,102.454498291016
274.980010986328,516.390014648438,12.4615001678467,264.279998779297,121.419998168945,82100,231.600006103516,105.427001953125
258.329986572266,493.329986572266,11.5932502746582,255.309997558594,116.360000610352,82000,227.389999389648,101.208503723145
273.579986572266,506.440002441406,12.5202503204346,265.739990234375,121.089996337891,81400,233.779998779297,102.63500213623
270.190002441406,504.540008544922,12.4682502746582,264.899993896484,119.980003356934,80900,232.419998168945,102.751502990723
286.959991455078,523.059997558594,12.9934997558594,273.880004882812,121.959999084473,82000,237.130004882812,105.738502502441
279.890014648438,518.02001953125,12.8559999465942,268.399993896484,121.029998779297,82800,235.75,103.096000671387
285.459991455078,520.25,13.1912498474121,273.75,123.98999786377,81800,234.809997558594,103.324501037598
284.690002441406,524.030029296875,13.2912502288818,279.279998779297,125.569999694824,82800,237.710006713867,104.625999450684
283.350006103516,524.440002441406,13.3412504196167,284.010009765625,124.76000213623,82300,237.039993286133,104.554000854492
271.730010986328,504.790008544922,12.7224998474121,278.619995117188,120.529998779297,82900,230.720001220703,101.810997009277
272.109985351562,512.179992675781,12.8457498550415,290.109985351562,119.98999786377,81900,230.350006103516,102.160003662109
275.470001220703,523.109985351562,13.1862497329712,293.540008544922,123.389999389648,82000,235.990005493164,101.929496765137
267.299987792969,535.090026855469,13.0707502365112,290.630004882812,122.540000915527,81800,237.580001831055,102.648002624512
258.679992675781,520.809997558594,12.6429996490479,282.140014648438,120.089996337891,81000,235.460006713867,102.252998352051
254.630004882812,502.859985351562,12.535249710083,278.739990234375,120.589996337891,81200,232.339996337891,102.218002319336
261.309997558594,508.049987792969,12.8392496109009,283.019989013672,121.209999084473,81500,236.479995727539,101.777496337891
252.589996337891,513.950012207031,12.9482498168945,290.820007324219,121.389999389648,81600,235.240005493164,102.797500610352
257.690002441406,513.390014648438,12.8717498779297,288,119.900001525879,82200,231.850006103516,102.777000427246
267.950012207031,521.659973144531,13.3482503890991,294.529998779297,122.150001525879,81400,235.770004272461,103.431503295898
273.100006103516,539.419982910156,13.8117504119873,298.660003662109,123,82900,242.350006103516,106.887496948242
274.307498168945,533.744497680664,13.9512500286102,299.102500915527,126.198999786377,84800,244.97850112915,108.000525283813
273.299987792969,540.669982910156,13.9875001907349,308.910003662109,125.900001525879,85400,249.070007324219,111.277496337891
282.339996337891,544.530029296875,13.861499786377,306.260009765625,126.209999084473,86000,247.860000610352,111.237503051758
280.149993896484,546.989990234375,14.143500328064,313.089996337891,127.900001525879,85600,249.899993896484,112.484001159668
280.940002441406,554.580017089844,14.3170003890991,313.019989013672,130.360000610352,84700,253.25,113.272003173828
279.200012207031,555.309997558594,14.3999996185303,312.459991455078,133,83600,255.850006103516,114.293998718262
276.910003662109,552.780029296875,15.2089996337891,311.540008544922,131.240005493164,83200,255.910003662109,112.739501953125
293.119995117188,553.72998046875,15.6794996261597,309.760009765625,134.429992675781,84000,258.489990234375,113.363502502441
287.600006103516,540.02001953125,15.2770004272461,302.820007324219,132.029998779297,84000,255.589996337891,112.741996765137
299.739990234375,549.219970703125,16.1372509002686,307.820007324219,134.5,84100,259.5,114.833000183105
292.019989013672,546.539978027344,15.9125003814697,306.179992675781,134.160003662109,83900,260.739990234375,114.888000488281
280.369995117188,554.440002441406,15.3617496490479,302.239990234375,134.839996337891,83300,258.739990234375,115.120002746582
271.200012207031,549.570007324219,15.1712503433228,302.649993896484,133.110000610352,83900,258.260009765625,114.681503295898
261.709991455078,508.899993896484,15.3605003356934,301.470001220703,133.5,82600,260.579986572266,114.664497375488
265.160003662109,508.779998779297,14.8502502441406,296.519989013672,131.940002441406,82400,257.170013427734,113.396003723145
284.109985351562,505.549987792969,15.2652502059937,301.130004882812,134.320007324219,82800,261.149993896484,115.764999389648
298.019989013672,510.299987792969,15.4779996871948,303.040008544922,134.720001220703,83500,261.549987792969,116.33699798584
292.920013427734,505.549987792969,15.3817501068115,303.570007324219,134.389999389648,82900,261.970001220703,115.356002807617
256.839996337891,506.519989013672,15.2767496109009,307.100006103516,133.580001831055,82100,254.559997558594,118.995498657227
262.149993896484,509,15.3247499465942,329.510009765625,133.479995727539,81700,252.509994506836,121.494499206543
252.119995117188,513.469970703125,15.0094995498657,325.079986572266,131.460006713867,81500,252.179992675781,120.505996704102
247.690002441406,509.109985351562,14.8367500305176,322.579986572266,132.539993286133,81700,251.860000610352,119.758499145508
240.119995117188,503.179992675781,14.3512496948242,318.359985351562,127.849998474121,82600,247.789993286133,117.712501525879
239.5,496.079986572266,14.4584999084473,315.019989013672,128.100006103516,81589.4736842105,246.470001220703,117.83699798584
237.039993286133,499.549987792969,14.5229997634888,320.019989013672,129.740005493164,82300,249.729995727539,119.067497253418
239.410003662109,503.839996337891,14.8122501373291,319.079986572266,130.210006713867,81900,252.460006713867,119.934501647949
228.210006713867,486.690002441406,14.2657499313354,305.970001220703,126.849998474121,83200,247.179992675781,117.083000183105
228.009994506836,495.079986572266,14.3062496185303,306.529998779297,125.910003662109,81200,246.229995727539,115.438003540039
225.600006103516,484.980010986328,13.7585000991821,302.549987792969,122.769996643066,80000,239,111.954002380371
217.070007324219,486.660003662109,13.6652498245239,305.260009765625,124.970001220703,78500,243.029998779297,113.098503112793
223.589996337891,493.369995117188,14.2430000305176,315.940002441406,127.449996948242,80100,248.149993896484,115.807998657227
223.330001831055,488.940002441406,14.1654996871948,315.459991455078,126.269996643066,79600,245.179992675781,116.070503234863
220.990005493164,486.279998779297,14.0157499313354,309.959991455078,124.849998474121,79600,243.080001831055,115.171501159668
220.309997558594,487.700012207031,14.0657501220703,313.589996337891,124.690002441406,80429.4736842105,243.119995117188,115.435501098633
228.679992675781,501.670013427734,14.6125001907349,318.609985351562,127.309997558594,79500,246.479995727539,117.804496765137
229.139999389648,497.890014648438,14.9917497634888,316.230010986328,125.430000305176,80100,245.169998168945,117.254997253418
234.059997558594,502.899993896484,15.6120004653931,324.630004882812,127.099998474121,79700,250.779998779297,120.333503723145
236.759994506836,501.339996337891,15.6477499008179,327.790008544922,126.900001525879,79900,251.720001220703,120.453498840332
238.389999389648,502.359985351562,15.6999998092651,327.660003662109,126.849998474121,79800,251.490005493164,121.676498413086
240.259994506836,503.859985351562,15.4879999160767,332.75,125.279998779297,79600,249.309997558594,120.125503540039
241.570007324219,502.809997558594,16.244499206543,328.730010986328,124.610000610352,80100,249.679992675781,120.578002929688
236.426998901367,495.351498413086,16.1918748855591,326.553999328613,126.088499069214,80500,250.109999847412,121.021125411987
241.729995727539,499.079986572266,16.2644996643066,329.130004882812,124.279998779297,80600,247.399993896484,121.490501403809
239.729995727539,499.239990234375,16.7782497406006,329.149993896484,125.059997558594,80800,247.300003051758,121.064002990723
232.190002441406,489.429992675781,16.9697494506836,326.040008544922,123.540000915527,82800,245.710006713867,120.230499267578
236.169998168945,494.739990234375,17.5782508850098,330.350006103516,125.889999389648,82200,250.789993286133,122.587997436523
242.660003662109,494.660003662109,17.6189994812012,336.579986572266,125.900001525879,81900,253.809997558594,123.304496765137
242.509994506836,492.390014648438,17.4570007324219,333.679992675781,126.73999786377,81900,252.570007324219,124.142501831055
237.699996948242,485.809997558594,17.3582496643066,330.25,127.129997253418,81100,253.589996337891,124.569999694824
247.190002441406,487.269989013672,17.4249992370605,332.459991455078,126.110000610352,81000,257.239990234375,126.080001831055
243.660003662109,488.769989013672,17.8252506256104,331.260009765625,127.349998474121,81000,257.890014648438,125.696502685547
251.509994506836,499.890014648438,18.0187492370605,336.769989013672,130.479995727539,80500,259.890014648438,126.351997375488
242.759994506836,491.899993896484,17.7884998321533,336.75,129.639999389648,80900,258.359985351562,126.032997131348
242.779998779297,492.410003662109,17.8102493286133,331.079986572266,130.149993896484,81800,257.380004882812,125.696502685547
247.110000610352,498.339996337891,18.6572494506836,336.510009765625,131.789993286133,80900,260.899993896484,126.371002197266
247.639999389648,500.769989013672,18.6387500762939,329.660003662109,130.460006713867,80500,259.429992675781,125.567497253418
245.600006103516,497,18.4272499084473,332.290008544922,132.300003051758,79900,262.630004882812,126.455001831055
253.639999389648,508.820007324219,18.8867492675781,339.029998779297,133.979995727539,80000,265.510009765625,126.999496459961
256.700012207031,512.739990234375,19.0572490692139,340.589996337891,133.699996948242,80100,265.269989013672,126.461502075195
264.160003662109,518.059997558594,19.2054996490479,343.179992675781,133.410003662109,81200,266.690002441406,127.281997680664
266.380004882812,527.070007324219,19.0310001373291,341.369995117188,133.110000610352,81600,265.019989013672,126.995002746582
271.559997558594,533.030029296875,19.9850006103516,355.640014648438,134.779998779297,81900,268.720001220703,126.81950378418
272.859985351562,533.5,20.0267505645752,351.890014648438,136.330001831055,81000,271.399993896484,126.018501281738
275.589996337891,528.210021972656,20.0025005340576,347.709991455078,136.960006713867,80700,270.899993896484,125.31600189209
268.630004882812,533.539978027344,20.2119998931885,354.390014648438,137.270004272461,80100,271.600006103516,126.368499755859
267.829986572266,533.97998046875,20.4869995117188,354.700012207031,139.960006713867,80000,277.649993896484,128.718994140625
259.788999938965,530.08850402832,19.6427623748779,346.779002380371,140.167501068115,80400,273.897001647949,128.602074813843
263.519989013672,541.640014648438,20.6984996795654,352.779998779297,142.020004272461,81200,277.660003662109,129.77099609375
259.040008544922,535.960021972656,20.3717498779297,350.489990234375,144.570007324219,80800,279.929992675781,130.077499389648
256.149993896484,530.760009765625,19.9027500152588,345.649993896484,143.240005493164,79900,277.420013427734,129.177001953125
262.829986572266,535.97998046875,20.0502490997314,350.420013427734,145.110000610352,79400,277.940002441406,129.574493408203
261.010009765625,537.309997558594,20.5125007629395,353.160003662109,144.5,79700,277.320007324219,130.563995361328
263.850006103516,540.679992675781,20.25,352.089996337891,145.639999389648,79800,280.980010986328,130.994506835938
253.410003662109,547.950012207031,19.8414993286133,347.630004882812,149.149993896484,79500,282.510009765625,132.082504272461
247.970001220703,542.950012207031,18.9662494659424,344.459991455078,148.479995727539,80600,281.029998779297,131.266494750977
243.240005493164,530.309997558594,18.1609992980957,341.160003662109,146.389999389648,79800,280.75,131.845504760742
241.809997558594,532.280029296875,18.7797508239746,336.950012207031,142.449996948242,79000,277.010009765625,129.253997802734
246.5,531.049987792969,18.6119995117188,341.660003662109,146.149993896484,79000,279.320007324219,131.101501464844
247.910003662109,513.630004882812,19.4099998474121,346.230010986328,145.399993896484,78500,281.399993896484,132.600494384766
244.179992675781,511.769989013672,19.5939998626709,351.190002441406,146.800003051758,79700,286.140014648438,133.328506469727
243.639999389648,515.409973144531,19.5580005645752,369.790008544922,148.559997558594,79300,289.670013427734,137.815994262695
240.589996337891,516.489990234375,19.2940006256104,372.459991455078,148.990005493164,78800,289.049987792969,139.644500732422
236.929992675781,518.909973144531,19.2080001831055,367.809997558594,146.770004272461,78500,286.540008544922,136.796493530273
223.320007324219,519.299987792969,19.5030002593994,373.279998779297,144.979995727539,79200,286.220001220703,136.381500244141
225.270004272461,514.25,19.6620006561279,358.320007324219,145.639999389648,79000,286.5,136.540496826172
228.669998168945,517.570007324219,19.4990005493164,356.299987792969,145.860000610352,78500,284.910003662109,135.220993041992
228.399993896484,515.150024414062,19.75,351.950012207031,145.520004272461,79300,284.820007324219,135.989501953125
217.949996948242,510.820007324219,19.8150005340576,351.239990234375,147.360000610352,81400,287.119995117188,136.279998779297
217.419998168945,517.349975585938,20.2740001678467,358.920013427734,146.949996948242,82900,286.510009765625,136.028503417969
221.130004882812,524.890014648438,20.636999130249,362.970001220703,147.059997558594,82100,289.519989013672,136.940002441406
221.970001220703,520.549987792969,20.3659992218018,363.510009765625,146.139999389648,81500,289.459991455078,137.035995483398
224.779998779297,519.969970703125,20.2950000762939,361.609985351562,146.089996337891,81500,288.329986572266,138.001998901367
215.479995727539,515.840026855469,19.9360008239746,361.130004882812,145.600006103516,80200,286.440002441406,138.096496582031
214,512.400024414062,19.6989994049072,359.959991455078,145.860000610352,78500,286.950012207031,137.689498901367
215.039993286133,510.720001220703,19.9050006866455,362.649993896484,148.889999389648,77000,289.809997558594,138.389495849609
211.479995727539,515.919982910156,20.1879997253418,363.179992675781,149.100006103516,74400,292.850006103516,138.406005859375
208.830001831055,517.919982910156,19.9500007629395,366.559997558594,151.119995117188,77040,294.600006103516,138.916000366211
206.160003662109,518.909973144531,19.4580001831055,358.450012207031,150.190002441406,74200,293.079986572266,137.300506591797
205.419998168945,521.869995117188,19.0400009155273,355.450012207031,146.360000610352,73900,290.730010986328,136.570007324219
205.080001831055,543.710021972656,19.7980003356934,355.119995117188,146.699996948242,73100,296.769989013672,136.913497924805
216.639999389648,546.880004882812,20.8159999847412,359.369995117188,148.190002441406,72700,304.359985351562,138.436996459961
221.5,553.330017089844,21.9580001831055,363.350006103516,149.710006713867,73300,304.649993896484,141.099502563477
224.880004882812,553.409973144531,21.7929992675781,365.510009765625,149.619995117188,75600,302.619995117188,142.398498535156
226.899993896484,547.580017089844,22.2129993438721,368.390014648438,148.360000610352,75700,302.010009765625,142.949996948242
224.619995117188,550.119995117188,22.068000793457,364.380004882812,147.539993286133,74600,299.089996337891,142.123001098633
226.020004272461,558.919982910156,22.6359996795654,372.630004882812,148.600006103516,74300,299.720001220703,144.550506591797
233.119995117188,566.179992675781,22.6879997253418,380.660003662109,153.119995117188,74600,303.589996337891,145.469497680664
234.339996337891,569.190002441406,22.3850002288818,379.380004882812,151.830001831055,76700,301.880004882812,145.462005615234
238.380004882812,582.070007324219,22.4409999847412,382.049987792969,152.509994506836,76800,301.829986572266,145.841995239258
254.029998779297,588.549987792969,22.3959999084473,375.279998779297,153.649993896484,76000,301.149993896484,144.218994140625
249.039993286133,590.530029296875,22.8430004119873,376.260009765625,154.300003051758,76600,301.140014648438,144.774993896484
239.488998413086,578.504995727539,22.2533501625061,373.23850402832,150.428499603271,77300,300.600997924805,143.652849578857
254.720001220703,606.710021972656,22.6620006561279,382.179992675781,156.690002441406,76100,300.179992675781,145.518997192383
249.679992675781,606.049987792969,22.3390007019043,377.570007324219,155.110000610352,76300,300.209991455078,144.883499145508
246.009994506836,597.539978027344,22.1770000457764,378,154.070007324219,75300,297.25,144.913497924805
247.759994506836,598.719970703125,22.4780006408691,378.690002441406,148.970001220703,75300,295.709991455078,141.921005249023
244.220001220703,589.289978027344,22.1520004272461,376.510009765625,149.550003051758,76300,296.989990234375,143.464996337891
243.809997558594,577.760009765625,22.242000579834,376.529998779297,148.119995117188,76600,299.790008544922,143.406005859375
242.869995117188,582.869995117188,22.3409996032715,373.920013427734,149.029998779297,77000,304.820007324219,145.205993652344
242.020004272461,586.5,22.242000579834,373.059997558594,148.789993286133,76100,305.220001220703,144.373504638672
248.100006103516,589.349975585938,21.8999996185303,364.720001220703,146.059997558594,77200,299.869995117188,141.463500976562
237.759994506836,575.429992675781,21.113000869751,355.700012207031,142.940002441406,76094.1176470588,294.299987792969,139.016998291016
234.509994506836,573.140014648438,21.246000289917,357.480010986328,143.429992675781,75810.7843137255,294.799987792969,139.646499633789
235.350006103516,590.650024414062,21.9409999847412,343.209991455078,145.850006103516,75558.1527347781,298.579986572266,140.938507080078
234.860000610352,593.260009765625,22.4820003509521,345.959991455078,146.830001831055,77400,299.559997558594,141.826507568359
230.199996948242,592.390014648438,22.0809993743896,352.959991455078,146.919998168945,77300,299.350006103516,142.632995605469
232.940002441406,592.640014648438,21.6599998474121,353.579986572266,145.369995117188,77700,294.170013427734,141.501007080078
227.339996337891,583.849975585938,20.6989994049072,340.649993896484,141.910003662109,76300,283.519989013672,136.184005737305
220.320007324219,599.059997558594,20.5170001983643,339.609985351562,142.830001831055,74100,284,134.52099609375
225.339996337891,610.340026855469,20.7159996032715,339.390014648438,141.5,74100,281.920013427734,133.265502929688
229.330001831055,613.150024414062,20.742000579834,343.010009765625,142.649993896484,73200,289.100006103516,136.462493896484
221.910003662109,603.349975585938,19.7320003509521,326.230010986328,139.139999389648,73245.4239313454,283.109985351562,133.764999389648
225.820007324219,634.809997558594,20.451000213623,332.959991455078,141.110000610352,72200,288.760009765625,136.177001953125
232.020004272461,639.099975585938,20.7000007629395,333.640014648438,142,71300,293.109985351562,137.35400390625
234.899993896484,631.849975585938,21.0750007629395,329.220001220703,143.289993286133,71600,294.850006103516,139.185501098633
232.880004882812,632.659973144531,20.8309993743896,330.049987792969,142.899993896484,71500,294.850006103516,140.055999755859
231.889999389648,627.039978027344,20.6949996948242,325.450012207031,142.809997558594,71722.2711965673,294.230010986328,138.847503662109
235.300003051758,624.940002441406,20.6709995269775,323.769989013672,141.509994506836,69000,292.880004882812,136.712997436523
243.830001831055,629.760009765625,20.9389991760254,324.540008544922,140.910003662109,68800,296.309997558594,137.899993896484
247.369995117188,633.799987792969,21.746000289917,328.529998779297,143.759994506836,69400,302.75,141.412002563477
247.399993896484,628.289978027344,21.8619995117188,324.760009765625,144.839996337891,70100,304.209991455078,141.675003051758
248.820007324219,637.969970703125,22.2220001220703,335.339996337891,146.550003051758,70200,307.290008544922,142.960494995117
255.610000610352,639,22.2900009155273,339.989990234375,148.759994506836,70600,308.230010986328,143.822006225586
251.179992675781,625.140014648438,22.1030006408691,340.779998779297,149.259994506836,70300,307.410003662109,142.414993286133
255,653.159973144531,22.6919994354248,341.880004882812,149.479995727539,70200,310.760009765625,142.780502319336
252.960006713867,664.780029296875,22.7259998321533,324.609985351562,148.690002441406,70400,309.160003662109,138.625
257.890014648438,671.659973144531,23.1660003662109,328.690002441406,148.639999389648,70200,308.130004882812,138.772994995117
252.199996948242,668.52001953125,24.7169990539551,315.809997558594,149.320007324219,71100,310.109985351562,139.671997070312
273.130004882812,662.919982910156,24.451000213623,312.220001220703,148.850006103516,70100,323.170013427734,146.427505493164
288.950012207031,674.049987792969,24.9409999847412,316.920013427734,152.570007324219,70700,324.350006103516,146.128997802734
289.399993896484,690.309997558594,25.5669994354248,323.570007324219,149.800003051758,69800,331.619995117188,148.270492553711
300.950012207031,681.169982910156,25.8269996643066,329.980010986328,148.960006713867,69900,329.369995117188,143.774002075195
298.200012207031,677.719970703125,26.4009990692139,328.079986572266,150.020004272461,71500,333.130004882812,145.863006591797
298.079986572266,688.289978027344,26.5979995727539,331.619995117188,151.490005493164,70400,334,146.789993286133
293.480010986328,668.400024414062,29.8010005950928,335.850006103516,150.960006713867,70600,336.440002441406,148.682998657227
289.049987792969,645.719970703125,29.7520008087158,341.130004882812,151.279998779297,70200,336.059997558594,149.240997314453
286.899993896484,651.450012207031,30.8040008544922,338.619995117188,150.440002441406,70600,336.989990234375,149.351501464844
278.75,655.989990234375,30.6569995880127,335.369995117188,150.809997558594,70500,335.950012207031,149.248504638672
269.720001220703,646.909973144531,29.4589996337891,327.640014648438,147.919998168945,70200,330.799987792969,146.626007080078
276.649993896484,657.580017089844,30.3899993896484,327.739990234375,147.869995117188,69900,332.429992675781,146.748001098633
280.559997558594,682.609985351562,30.3899993896484,340.890014648438,149.990005493164,70600,336.720001220703,149.645492553711
278.380004882812,679.330017089844,30.0249996185303,347.559997558594,150,71400,336.070007324219,149.388000488281
271.299987792969,687.400024414062,30.2029991149902,342.959991455078,151,71300,339.510009765625,149.07600402832
271.950012207031,691.690002441406,29.2609996795654,340.769989013672,153.490005493164,70700,339.119995117188,149.061996459961
263.369995117188,682.02001953125,31.6749992370605,338.690002441406,157.869995117188,70200,341.269989013672,150.708999633789
259.549987792969,678.799987792969,32.9850006103516,345.299987792969,160.550003051758,71200,343.109985351562,149.952499389648
250.339996337891,659.200012207031,31.9559993743896,341.010009765625,161.020004272461,74900,339.829986572266,147.078506469727
243.029998779297,654.059997558594,31.746000289917,337.25,161.410003662109,75300,337.679992675781,146.75700378418
249.490005493164,658.289978027344,32.673999786377,341.059997558594,161.940002441406,74800,337.910003662109,146.717498779297
250.507498168945,650.804006958008,31.3946996688843,331.386499023438,160.700000762939,73700,334.615498352051,146.654024505615
250.889999389648,665.640014648438,31.5030002593994,333.119995117188,156.809997558594,72300,329.679992675781,142.805999755859
246.600006103516,663.840026855469,33.3759994506836,338.029998779297,160.240005493164,72300,336.630004882812,146.113998413086
238.5,641.900024414062,32.6759986877441,324.459991455078,165.300003051758,71300,330.589996337891,142.451995849609
225.089996337891,617.77001953125,31.4349994659424,310.600006103516,164.770004272461,74400,330.079986572266,141.61799621582
228.539993286133,616.469970703125,32.1259994506836,310.390014648438,163.759994506836,75800,329.489990234375,143.776504516602
228.800003051758,602.130004882812,30.693000793457,306.839996337891,161.839996337891,75600,323.010009765625,142.520492553711
232.009994506836,612.690002441406,30.0370006561279,317.869995117188,165.320007324219,76300,326.190002441406,143.796493530273
238.509994506836,625.580017089844,32.4269981384277,322.809997558594,171.179992675781,77400,334.920013427734,148.036499023438
243.169998168945,628.080017089844,31.826000213623,330.559997558594,175.080001831055,77400,334.970001220703,148.720504760742
233.419998168945,611,30.4899997711182,329.820007324219,174.559997558594,78200,333.100006103516,148.106002807617
233.259994506836,611.659973144531,30.1979999542236,329.75,179.449996948242,76900,342.540008544922,148.675003051758
225.619995117188,604.559997558594,28.1609992980957,334.489990234375,175.740005493164,76800,339.399993896484,146.704498291016
222.679992675781,597.989990234375,28.3369998931885,333.739990234375,174.330001831055,77000,328.339996337891,144.970504760742
225.399993896484,605.039978027344,30.4589996337891,341.660003662109,179.300003051758,77600,334.649993896484,147.368499755859
226.550003051758,591.059997558594,28.386999130249,334.899993896484,172.259994506836,77800,324.899993896484,144.838500976562
235.279998779297,586.72998046875,27.8010005950928,333.790008544922,171.139999389648,78000,323.799987792969,142.802993774414
228.160003662109,593.739990234375,27.7189998626709,325.450012207031,169.75,77100,319.910003662109,142.401504516602
238.110000610352,604.919982910156,29.0750007629395,334.200012207031,172.990005493164,78100,327.290008544922,144.220504760742
235.160003662109,614.239990234375,29.3999996185303,330.450012207031,175.639999389648,79400,333.200012207031,146.949005126953
236.630004882812,614.090026855469,29.6399993896484,335.239990234375,176.279998779297,79900,334.690002441406,147.142501831055
232.112499237061,596.165997314453,29.0940999031067,335.660501098633,176.122499847412,80500,330.903503417969,144.473600769043
233.779998779297,613.119995117188,30.9449996948242,346.179992675781,180.330001831055,80200,342.450012207031,148.063995361328
233.779998779297,610.710021972656,30.32200050354,346.220001220703,179.289993286133,80300,341.25,146.447998046875
232.919998168945,610.539978027344,30.0009994506836,342.940002441406,179.380004882812,78800,341.950012207031,146.504501342773
237.919998168945,612.090026855469,29.5860004425049,344.359985351562,178.199996948242,78300,339.320007324219,146.002502441406
234.029998779297,602.440002441406,29.4109992980957,336.350006103516,177.570007324219,78573.6842105263,336.320007324219,144.679504394531
244.160003662109,597.369995117188,30.121000289917,338.540008544922,182.009994506836,78548.6842105263,334.75,145.074493408203
239.259994506836,591.150024414062,29.2900009155273,336.529998779297,179.699996948242,78700,329.010009765625,144.41650390625
227.699996948242,567.52001953125,27.6040000915527,324.170013427734,174.919998168945,77400,316.380004882812,137.653503417969
228.270004272461,553.289978027344,28.17799949646,332.459991455078,172,76900,313.880004882812,137.550994873047
223.580001831055,541.059997558594,27.2469997406006,331.790008544922,172.169998168945,78300,314.040008544922,137.004501342773
224.410003662109,539.849975585938,27.3999996185303,328.070007324219,172.190002441406,78000,314.269989013672,138.574005126953
234.970001220703,540.840026855469,27.8169994354248,334.369995117188,175.080001831055,78900,314.980010986328,140.017501831055
231.309997558594,537.219970703125,27.9990005493164,333.260009765625,175.529998779297,78900,318.269989013672,141.647994995117
226.449996948242,519.200012207031,26.5750007629395,326.480010986328,172.190002441406,77900,304.799987792969,139.130996704102
218.559997558594,525.690002441406,26.9419994354248,331.899993896484,173.070007324219,77300,310.200012207031,139.786499023438
210.701499176025,487.853500366211,25.7702499389648,319.407002258301,169.861499786377,77500,308.741999816895,136.042724227905
210.869995117188,510.799987792969,25.9029998779297,318.149993896484,169.800003051758,77000,302.649993896484,136.290496826172
207.350006103516,515.859985351562,25.0669994354248,319.589996337891,166.229995727539,76300,303.329986572266,135.651992797852
208.660003662109,508.25,24.1499996185303,316.559997558594,164.509994506836,76500,301.600006103516,133.506500244141
195.529998779297,397.5,23.3740005493164,303.170013427734,162.410003662109,75600,296.029998779297,130.091995239258
193.559997558594,387.149993896484,23.3719997406006,308.709991455078,161.619995117188,75100,296.369995117188,130.371994018555
184.039993286133,366.420013427734,22.3239994049072,300.149993896484,159.779998779297,74000,288.489990234375,126.735496520996
174.789993286133,359.700012207031,22.7719993591309,294.630004882812,159.690002441406,74000,296.709991455078,129.240005493164
171.320007324219,386.700012207031,21.9440002441406,294.640014648438,159.220001220703,71300,299.839996337891,129.121002197266
172.979995727539,384.359985351562,22.8400001525879,301.709991455078,170.330001831055,73300,308.260009765625,133.289505004883
196.259994506836,427.140014648438,24.4860000610352,313.260009765625,174.779998779297,74494.4444444444,310.980010986328,135.698501586914
203.619995117188,457.130004882812,24.6380004882812,319,174.610000610352,74294.4444444444,308.760009765625,137.878494262695
191.919998168945,429.480010986328,25.242000579834,323,175.839996337891,74184.4444444444,313.459991455078,148.036499023438
159.759994506836,405.600006103516,23.9479999542236,237.759994506836,172.899993896484,73300,301.25,142.650497436523
174.429992675781,410.170013427734,24.3190002441406,237.089996337891,172.389999389648,74000,305.940002441406,143.016006469727
171.509994506836,402.100006103516,24.7280006408691,224.910003662109,171.660003662109,73000,300.950012207031,138.938003540039
165.919998168945,403.529998779297,25.1079998016357,220.179992675781,174.830001831055,73000,304.559997558594,139.212997436523
175.490005493164,412.890014648438,26.7049999237061,232,176.279998779297,73000,311.209991455078,141.453002929688
167.830001831055,406.269989013672,25.8239994049072,228.070007324219,172.119995117188,75400,302.380004882812,138.602493286133
161.929992675781,391.309997558594,23.9489994049072,219.550003051758,168.639999389648,74900,295.040008544922,134.130004882812
162.210006713867,396.570007324219,24.2670001983643,217.699996948242,168.880004882812,73700,295,135.300003051758
168.059997558594,407.459991455078,26.4950008392334,221,172.789993286133,73700,300.470001220703,136.425506591797
163.940002441406,398.079986572266,26.5109996795654,216.539993286133,172.550003051758,74800,299.5,137.487503051758
159.220001220703,386.670013427734,24.5069999694824,207.710006713867,168.880004882812,75000,290.730010986328,132.308502197266
152.270004272461,391.290008544922,23.6420001983643,206.160003662109,167.300003051758,74300,287.929992675781,130.467498779297
155.278500366211,388.13450012207,24.2750998497009,211.278000640869,167.474501037598,74300,295.314001464844,134.260549926758
149.380004882812,377.380004882812,23.3899993896484,202.080001831055,164.320007324219,74300,287.720001220703,129.402496337891
144.169998168945,367.459991455078,22.386999130249,198.449996948242,160.070007324219,74300,280.269989013672,127.584999084473
149.210006713867,390.029998779297,23.7479991912842,207.600006103516,162.740005493164,71500,294.589996337891,132.673492431641
151.910003662109,390.799987792969,24.1569995880127,210.479995727539,164.850006103516,71900,297.309997558594,134.519500732422
156.190002441406,394.519989013672,24.3850002288818,211.029998779297,165.119995117188,71900,298.790008544922,134.891006469727
151.25,386.239990234375,23.4769992828369,203.490005493164,163.199996948242,72263.1578947368,294.950012207031,134.167999267578
149.479995727539,380.029998779297,24.2199993133545,208.110000610352,166.559997558594,71700,300.190002441406,134.751495361328
139.919998168945,368.070007324219,23.7140007019043,202.970001220703,166.229995727539,72900,295.920013427734,134.307998657227
135.169998168945,361.730010986328,22.9360008239746,200.059997558594,163.169998168945,72900,289.859985351562,132.121994018555
130.509994506836,350.260009765625,21.3519992828369,187.470001220703,159.300003051758,70100,278.910003662109,126.464500427246
131.679992675781,341.760009765625,21.5139999389648,190.289993286133,157.440002441406,69500,275.850006103516,127.278503417969
136.419998168945,358.790008544922,23.0139999389648,198.5,162.949996948242,71053.1578947368,288.5,133.865997314453
132.669998168945,356.769989013672,22.6580009460449,195.210006713867,158.520004272461,69500,285.589996337891,132.682006835938
124.290000915527,340.320007324219,22.1000003814697,187.610000610352,154.729995727539,70000,280.070007324219,130.475494384766
119.470001220703,331.010009765625,21.3299999237061,186.630004882812,150.619995117188,70200,276.440002441406,126.740997314453
123.839996337891,343.75,22.9729995727539,192.029998779297,155.089996337891,70200,287.149993896484,129.660507202148
133.580001831055,357.529998779297,24.496000289917,203.630004882812,159.589996337891,70400,294.390014648438,133.690505981445
138.729995727539,371.399993896484,24.7660007476807,207.839996337891,160.619995117188,70400,295.220001220703,134.600494384766
144.779998779297,380.600006103516,26.4529991149902,216.490005493164,163.979995727539,70700,300.429992675781,136.801498413086
140.419998168945,374.589996337891,26.7339992523193,211.490005493164,165.380004882812,69900,299.160003662109,136.478500366211
147.470001220703,382.920013427734,26.5240001678467,216.649993896484,168.820007324219,70300,304.059997558594,140.277496337891
148.570007324219,374.489990234375,25.6340007781982,213.460006713867,170.210006713867,70500,299.489990234375,138.503494262695
149.259994506836,375.709991455078,28.1499996185303,219.570007324219,174.070007324219,69800,304.100006103516,141.311996459961
146.039993286133,373.850006103516,27.6919994354248,221.820007324219,174.720001220703,69800,303.679992675781,141.521499633789
150.130004882812,378.510009765625,28.2189998626709,223.589996337891,175.600006103516,69700,310.700012207031,141.949996948242
157.309997558594,391.820007324219,28.6560001373291,229.860000610352,178.960006713867,70200,315.410003662109,143.25
156.160003662109,381.470001220703,27.6900005340576,227.850006103516,177.770004272461,69900,313.859985351562,142.644500732422
151.020004272461,374.589996337891,27.2859992980957,222.360000610352,174.610000610352,69600,308.309997558594,139.649505615234
153.699996948242,373.470001220703,26.7119998931885,224.850006103516,174.309997558594,69100,309.420013427734,140.699996948242
158.839996337891,391.5,27.3600006103516,233.889999389648,178.440002441406,69300,314.970001220703,143.642501831055
148.910003662109,380.149993896484,25.9309997558594,231.839996337891,175.059997558594,69200,310.880004882812,141.063003540039
145.639999389648,368.350006103516,24.4069995880127,223.300003051758,171.830001831055,68500,299.5,137.175994873047
141.389999389648,362.149993896484,24.2080001831055,222.949996948242,172.139999389648,68000,301.369995117188,136.464996337891
141.279998779297,355.880004882812,23.1189994812012,222.330001831055,170.089996337891,67800,296.970001220703,134.010498046875
139.610000610352,348,21.9169998168945,216.460006713867,165.75,67900,285.260009765625,129.796493530273
138.899993896484,344.100006103516,21.503999710083,214.139999389648,167.660003662109,67000,282.059997558594,128.374496459961
141.339996337891,350.429992675781,22.2029991149902,214.990005493164,170.399993896484,68700,287.619995117188,130.285995483398
136.270004272461,341.130004882812,21.257999420166,210.179992675781,165.289993286133,67500,279.829986572266,127.252998352051
129.329499435425,297.414498901367,21.9607000350952,208.235000610352,166.820999145508,66600,288.810498046875,128.610523605347
134.429992675781,337.859985351562,21.7830009460449,210.770004272461,165.070007324219,66700,280.519989013672,127.960998535156
137.410003662109,348.609985351562,22.1979999542236,217.309997558594,167.399993896484,67300,285.299987792969,130.531005859375
122.48999786377,226.190002441406,21.4820003509521,200.419998168945,167.229995727539,67400,286.359985351562,128.245498657227
112.620002746582,218.220001220703,20.1830005645752,188.070007324219,166.419998168945,67700,280.809997558594,124.9375
110.209999084473,215.520004272461,19.5149993896484,184.110000610352,161.789993286133,67000,274.029998779297,119.613998413086
112.139999389648,209.910003662109,19.9020004272461,186.990005493164,162.880004882812,66300,280.720001220703,123.25
110.410003662109,198.399993896484,18.7880001068115,180.949996948242,156.800003051758,66100,270.220001220703,119.505996704102
96.6699981689453,188.539993286133,18.4150009155273,174.949996948242,156.570007324219,65000,283.220001220703,115.020500183105
102.680000305176,199.520004272461,19.7819995880127,205.729995727539,163.639999389648,64800,289.630004882812,119.411499023438
101.650001525879,190.360000610352,18.5470008850098,200.470001220703,157.649993896484,67400,277.519989013672,114.966499328613
108.860000610352,199.460006713867,19.5330009460449,211.130004882812,157.960006713867,67300,284.470001220703,117.156997680664
109.48999786377,199.869995117188,19.6019992828369,212.029998779297,159.479995727539,67500,281.779998779297,118.129501342773
112.550003051758,204.009994506836,20.3339996337891,223.410003662109,166.020004272461,67900,289.980010986328,122.574996948242
105.589996337891,188.320007324219,18.8439998626709,208.279998779297,156.770004272461,66621.0526315789,277.350006103516,116.74649810791
104.680000305176,180.970001220703,18.6749992370605,203.770004272461,157.279998779297,66500,274.730010986328,115.660003662109
94.4400024414062,173.100006103516,16.9500007629395,196.210006713867,152.059997558594,66681.0526315789,264.579986572266,113.083999633789
99.1699981689453,177.660003662109,17.5949993133545,197.649993896484,154.509994506836,65700,269.5,114.584503173828
91.9400024414062,166.369995117188,16.6299991607666,188.740005493164,146.5,65700,260.549987792969,113.960998535156
97.0800018310547,174.309997558594,16.1749992370605,191.240005493164,142.559997558594,64900,255.350006103516,113.161003112793
106.089996337891,187.639999389648,17.7059993743896,198.619995117188,147.110000610352,66500,261.119995117188,116.515502929688
101.050003051758,186.509994506836,17.2639999389648,200.039993286133,145.539993286133,66300,261.5,114.792503356934
105.059997558594,190.559997558594,18.1770000457764,202.619995117188,149.240005493164,67600,266.820007324219,116.701499938965
104.400001525879,177.190002441406,16.9379997253418,192.240005493164,140.820007324219,68100,254.080001831055,112.401000976562
105.769996643066,183.479995727539,17.1240005493164,191.289993286133,137.350006103516,67500,253.139999389648,110.745498657227
107.269996643066,186.350006103516,16.6940002441406,193.539993286133,137.589996337891,68000,252.559997558594,109.313003540039
109.069999694824,187.440002441406,16.8980007171631,196.229995727539,143.110000610352,67900,260.649993896484,111.666496276855
103.5,180.339996337891,16.1539993286133,181.279998779297,140.360000610352,66500,259.619995117188,105.926002502441
108.790000915527,187.830001831055,16.9750003814697,183.830001831055,140.520004272461,66400,262.519989013672,105.839500427246
108.620002746582,191.399993896484,17.8509998321533,191.630004882812,143.779998779297,65900,265.899993896484,108.295997619629
112.970001220703,195.190002441406,18.8110008239746,195.130004882812,149.639999389648,66500,273.239990234375,112.799003601074
108.363500213623,190.23450012207,17.7609501361847,190.50599899292,143.827502441406,67700,263.53099822998,112.683325576782
112.769996643066,197.440002441406,18.6720008850098,193.639999389648,148.839996337891,67400,271.869995117188,114.039001464844
110,192.910003662109,18.3199996948242,188.639999389648,148.710006713867,65784.2105263158,272.420013427734,114.137001037598
116.5,205.089996337891,19.5919990539551,198.860000610352,151.210006713867,66700,274.579986572266,117.746002197266
112.230003356934,198.979995727539,18.7199993133545,190.779998779297,145.380004882812,66800,270.019989013672,114.564002990723
111.040000915527,197.139999389648,18.7859992980957,194.25,146.139999389648,64574.2105263158,268.75,117.010498046875
109.430000305176,198.610000610352,18.9260005950928,195.649993896484,148.710006713867,65500,272.5,117.229499816895
116.029998779297,202.830001831055,18.6480007171631,196.639999389648,147.960006713867,65300,270.410003662109,117.237998962402
111.930000305176,192.770004272461,18.0480003356934,184,142.639999389648,65200,264.790008544922,114.917999267578
102.230003356934,182.940002441406,16.9740009307861,175.570007324219,137.130004882812,63800,252.990005493164,111.42749786377
98.6100006103516,169.690002441406,15.6470003128052,164.259994506836,131.880004882812,62100,242.259994506836,106.876502990723
98.0500030517578,167.539993286133,15.8360004425049,163.729995727539,132.759994506836,61900,244.490005493164,107.194000244141
105.349998474121,180.110000610352,16.5270004272461,169.350006103516,135.429992675781,60700,251.759994506836,110.390502929688
97.8499984741211,173.350006103516,15.6009998321533,160.869995117188,130.059997558594,60900,244.970001220703,106.636001586914
99.2699966430664,175.509994506836,15.8800001144409,163.740005493164,131.559997558594,59800,247.649993896484,107.865501403809
102.857368469238,182.356316817434,16.5907896443417,169.75052682977,138.389474166067,58700,257.475790726511,112.208500109221
101.400001525879,170.910003662109,16.5659999847412,157.050003051758,135.869995117188,58500,253.740005493164,112.014999389648
99.3300018310547,178.889999389648,16.3600006103516,155.850006103516,135.350006103516,57600,253.130004882812,112.033996582031
102.190002441406,181.710006713867,16.2250003814697,158.75,138.270004272461,57400,258.859985351562,112.684501647949
107,190.850006103516,17.1259994506836,170.160003662109,141.660003662109,58400,267.700012207031,118.53800201416
106.269996643066,189.139999389648,16.8689994812012,169.490005493164,141.660003662109,58800,264.890014648438,116.622497558594
99,179.600006103516,15.9820003509521,160.679992675781,137.440002441406,59400,256.480010986328,112.571502685547
97.9599990844727,178.360000610352,15.5419998168945,163.940002441406,139.229995727539,58000,260.260009765625,112.256500244141
93.8300018310547,174.869995117188,15.1590003967285,161.25,136.720001220703,57000,256.829986572266,109.372497558594
97.5199966430664,179.949996948242,14.5229997634888,160.029998779297,138.929992675781,56200,259.579986572266,109.081001281738
101.26436882019,181.799316085012,15.7682894631436,164.380028172543,142.165974105032,57100,259.500790726511,113.681750307585
104.830001831055,185.880004882812,14.96399974823,168.190002441406,141.559997558594,57200,262.850006103516,113.887001037598
102.870002746582,184.059997558594,15.1300001144409,169.770004272461,142.919998168945,56400,266.209991455078,115.213500976562
105.830001831055,189.270004272461,15.8579998016357,172.190002441406,146.350006103516,58200,268.399993896484,119.305999755859
104.23999786377,186.979995727539,15.8380002975464,170.880004882812,147.039993286133,58700,267.660003662109,120.168502807617
99.1500015258789,177.339996337891,15.1520004272461,162.880004882812,144.869995117188,58800,264.510009765625,116.522499084473
99.5800018310547,174.449996948242,15.0819997787476,163.270004272461,145.860000610352,58100,253.669998168945,114.849502563477
99.2099990844727,176.559997558594,15.1639995574951,163.490005493164,145.490005493164,58000,252.720001220703,112.186996459961
96.3199996948242,174.779998779297,15.3719997406006,158.050003051758,148.470001220703,57500,254.080001831055,111.440002441406
102.330001831055,189.110000610352,15.7620000839233,164.699996948242,150.169998168945,60000,256.720001220703,112.766998291016
103.569999694824,190.919998168945,16.1009998321533,167.229995727539,147.070007324219,61900,254.25,109.910003662109
108.680000305176,201.630004882812,16.992000579834,175.779998779297,151,60900,259.529998779297,114.620002746582
113.25,216.440002441406,17.806999206543,183.089996337891,153.039993286133,60500,262.269989013672,114.699996948242
115.620002746582,223.880004882812,18.0499992370605,183.169998168945,155.350006103516,61800,264.839996337891,115.040000915527
111.650001525879,220.440002441406,17.3190002441406,169.270004272461,154.089996337891,61300,260.359985351562,108.360000610352
110.419998168945,218.509994506836,17.0240001678467,166.649993896484,152.949996948242,61100,258.829986572266,108.209999084473
103.970001220703,213.910003662109,16.5330009460449,159.149993896484,151.600006103516,61700,251.899993896484,105.440002441406
116.610000610352,226.75,17.7900009155273,169.580001831055,156.789993286133,61800,268.739990234375,113.599998474121
114.589996337891,226.020004272461,17.9839992523193,160.720001220703,157.350006103516,61900,276.410003662109,114.589996337891
113.019996643066,224.899993896484,18.1630001068115,159.100006103516,162.509994506836,61400,280.739990234375,116.639999389648
115.349998474121,226.210006713867,18.4409999847412,159.929992675781,161.509994506836,61300,278.010009765625,115.480003356934
116,221.419998168945,18.5259990692139,160.190002441406,160.009994506836,61700,274.820007324219,115.900001525879
120.459999084473,226.729995727539,18.8929996490479,168.800003051758,166.130004882812,61300,282.470001220703,118.779998779297
122.400001525879,229.910003662109,19.2150001525879,170.570007324219,165.809997558594,61500,283.649993896484,118.870002746582
118.730003356934,226.779998779297,18.9890003204346,167.110000610352,165.350006103516,61500,282.910003662109,118.220001220703
119.699996948242,233.490005493164,17.7929992675781,170.25,164.869995117188,60800,280.320007324219,118.139999389648
115.559997558594,229.940002441406,17.0860004425049,168.529998779297,164.919998168945,60000,282.299987792969,117.5
120.089996337891,244.110000610352,18.0970001220703,178.339996337891,169.240005493164,59100,289.160003662109,120.650001525879
122.730003356934,242.699996948242,17.9419994354248,177.490005493164,168.490005493164,59900,287.019989013672,119.819999694824
123.629997253418,249.300003051758,18.7089996337891,180.5,172.100006103516,60200,291.910003662109,122.650001525879
122.599998474121,249.110000610352,19.0319995880127,180.889999389648,173.190002441406,60375,293.470001220703,122.879997253418
120.099998474121,245.690002441406,18.878999710083,179.470001220703,173.029998779297,61000,292.709991455078,122.51000213623
114.150001525879,241.149993896484,18.3349990844727,174.850006103516,174.550003051758,60400,291.320007324219,120.319999694824
114.389999389648,245.169998168945,18.7730007171631,174.660003662109,174.149993896484,61500,290.170013427734,120.860000610352
111.430000305176,241.160003662109,17.8490009307861,167.960006713867,171.520004272461,60900,286.149993896484,118.120002746582
109.599998474121,226.539993286133,17.0340003967285,163.050003051758,167.570007324219,60000,277.75,115.069999694824
108.029998779297,224.550003051758,17.1809997558594,161.110000610352,167.229995727539,59100,276.440002441406,114.769996643066
110.050003051758,229.610000610352,17.2220001220703,163.259994506836,167.529998779297,59000,275.790008544922,114.699996948242
113.529998779297,233.979995727539,17.9130001068115,168.779998779297,170.029998779297,59700,278.850006103516,117.699996948242
109.309997558594,223.279998779297,16.2600002288818,161.779998779297,163.619995117188,60000,268.089996337891,111.300003051758
108.559997558594,224.570007324219,15.8009996414185,159.169998168945,161.380004882812,58600,265.230010986328,110.339996337891
107.230003356934,220.649993896484,15.4680004119873,157.160003662109,158.910003662109,58800,262.970001220703,109.910003662109
108.150001525879,223.559997558594,15.0939998626709,162.929992675781,157.220001220703,59700,261.470001220703,109.150001525879
106.519996643066,230.039993286133,13.9370002746582,165.360000610352,157.960006713867,58400,260.399993896484,110.550003051758
104.419998168945,226.110000610352,13.6470003128052,160.320007324219,155.809997558594,57500,256.059997558594,108.680000305176
106.452998733521,228.458500671387,14.769300031662,159.523999786377,158.985499572754,57100,261.143500518799,109.788000106812
102.589996337891,218.389999389648,13.4650001525879,158.539993286133,154.529998779297,57100,253.25,107.480003356934
105.860000610352,228.960006713867,13.71399974823,160.389999389648,155.960006713867,56000,258.089996337891,110.480003356934
105.180000305176,227.440002441406,13.9899997711182,162.059997558594,154.460006713867,55600,258.519989013672,109.419998168945
110.279998779297,233.570007324219,14.3870000839233,169.149993896484,157.369995117188,56963.1578947368,264.459991455078,111.779998779297
111.339996337891,236.529998779297,14.5050001144409,168.960006713867,163.429992675781,56658.1578947368,266.649993896484,111.870002746582
101.959999084473,218.130004882812,13.1309995651245,153.130004882812,153.839996337891,58100,251.990005493164,105.309997558594
102.449996948242,224.119995117188,13.1280002593994,151.470001220703,155.309997558594,56800,252.220001220703,105.870002746582
103.959999084473,235.380004882812,12.9289999008179,149.550003051758,152.369995117188,56000,245.380004882812,103.900001525879
100.339996337891,240.130004882812,13.1979999542236,146.289993286133,150.699996948242,56200,244.740005493164,103.629997253418
99.6999969482422,243.630004882812,13.3819999694824,148.020004272461,154.479995727539,56400,244.520004272461,103.849998474121
97.2600021362305,242.850006103516,13.1759996414185,146.089996337891,156.899993896484,55800,242.449996948242,101.830001831055
95.3899993896484,236.869995117188,13.2609996795654,142.119995117188,153.720001220703,55300,238.949996948242,100.01000213623
92.4499969482422,237.050003051758,12.5609998703003,142.820007324219,152.740005493164,54400,240.979995727539,100.569999694824
89.3399963378906,226.410003662109,12.5159997940063,140.410003662109,150.429992675781,54500,237.919998168945,99.1699981689453
89.1399993896484,224.070007324219,12.2279996871948,136.369995117188,150.770004272461,53900,237.449996948242,98.8099975585938
89.5,224.360000610352,12.4130001068115,134.399993896484,151.759994506836,54200,236.410003662109,98.0899963378906
92.879997253418,245.199996948242,12.7360000610352,141.610000610352,149.839996337891,52900,241.070007324219,100.73999786377
86.8399963378906,239.710006713867,12.2200002670288,136.410003662109,142.479995727539,52600,237.5,98.0899963378906
86.3000030517578,235.440002441406,12.1389999389648,135.679992675781,138.199996948242,53100,232.899993896484,96.1500015258789
89,239.039993286133,12.5120000839233,138.610000610352,142.449996948242,55057.8947368421,240.740005493164,99.3000030517578
94.629997253418,240.740005493164,13.1669998168945,140.279998779297,146.100006103516,55200,248.880004882812,102.410003662109
91.4000015258789,236.729995727539,13.2089996337891,138.979995727539,146.399993896484,56000,249.199996948242,102.220001220703
92.25,240.020004272461,13.1300001144409,139.070007324219,145.429992675781,56300,246.789993286133,102.23999786377
88.0100021362305,224.75,12.076000213623,133.449996948242,140.089996337891,56200,234.240005493164,99.5699996948242
85.9700012207031,229.979995727539,11.6700000762939,133.789993286133,140.419998168945,55297.8947368421,229.25,98.7099990844727
82.129997253418,214.289993286133,11.5860004425049,128.539993286133,138.979995727539,55400,225.410003662109,98.0500030517578
83.1800003051758,220.869995117188,11.5,127.5,138.339996337891,55800,225.75,98.3000030517578
82.6500015258789,232.509994506836,11.960000038147,130.289993286133,142.990005493164,55200,234.240005493164,99.7099990844727
81.7900009155273,230,11.2270002365112,126.76000213623,138.380004882812,56300,228.559997558594,97.1800003051758
86.7200012207031,245.100006103516,11.8879995346069,134.039993286133,142.410003662109,56600,237.529998779297,100.779998779297
88.0400009155273,240.860000610352,11.9670000076294,132.800003051758,143.75,56500,238.5,101.389999389648
88.75,272.380004882812,12.0509996414185,133.229995727539,143.860000610352,55800,236.479995727539,100.290000915527
87.7399978637695,268.160003662109,12.1940002441406,131.529998779297,143.389999389648,55500,236.149993896484,100.529998779297
88.6999969482422,289.570007324219,12.4659996032715,130.009994506836,147.270004272461,55900,242.119995117188,101.480003356934
94.6600036621094,282.450012207031,12.5989999771118,129.720001220703,149.449996948242,57500,247.25,102.970001220703
97.0500030517578,291.019989013672,13.2609996795654,137.509994506836,152.339996337891,57700,250.660003662109,104.930000305176
84.4199981689453,298.619995117188,12.8959999084473,129.820007324219,149.350006103516,59400,231.320007324219,94.8199996948242
81.7399978637695,296.940002441406,13.1759996414185,97.9400024414062,144.800003051758,59500,226.75,92.5999984741211
83.3600006103516,295.720001220703,13.8339996337891,99.1999969482422,155.740005493164,57300,235.869995117188,96.5800018310547
80.5800018310547,291.880004882812,13.4969997406006,93.1600036621094,153.339996337891,59400,232.130004882812,94.6600036621094
80.1699981689453,286.75,13.5430002212524,95.1999969482422,150.649993896484,60000,228.169998168945,90.5
75,273,13.2189998626709,90.5400009155273,145.029998779297,59600,220.100006103516,87.0699996948242
71.7200012207031,269.059997558594,13.4209995269775,88.9100036621094,138.880004882812,59200,214.25,83.4899978637695
71.0500030517578,260.790008544922,14.1560001373291,90.7900009155273,138.380004882812,59400,221.389999389648,86.6999969482422
73.4400024414062,258.600006103516,14.3009996414185,96.7200012207031,138.919998168945,60200,227.869995117188,88.6500015258789
73.2699966430664,263.459991455078,14.6020002365112,96.4700012207031,139.5,61800,228.869995117188,88.9100036621094
71.4000015258789,254.660003662109,13.7760000228882,101.470001220703,134.869995117188,62000,224.509994506836,87.4000015258789
78.4400024414062,274.970001220703,15.75,111.870002746582,146.869995117188,60400,242.979995727539,94.1699981689453
83.7099990844727,290.130004882812,16.3269996643066,113.019996643066,149.699996948242,62900,247.110000610352,96.7300033569336
82.5,299.269989013672,16.2950000762939,114.220001220703,148.279998779297,61900,241.550003051758,96.0299987792969
85.1100006103516,310.200012207031,16.6660003662109,117.080001831055,150.039993286133,62400,241.970001220703,98.7200012207031
82.5,306.019989013672,15.9099998474121,113.230003356934,148.789993286133,62700,241.729995727539,98.9899978637695
79.4499969482422,295.279998779297,15.6770000457764,111.449996948242,150.720001220703,61400,241.679992675781,98.5
76.9899978637695,287.980010986328,15.4090003967285,112.050003051758,151.289993286133,61800,241.220001220703,97.8000030517578
74.120002746582,285.049987792969,15.3170003890991,109.860000610352,148.009994506836,61400,242.050003051758,95.8300018310547
75.25,286.690002441406,16.0380001068115,111.440002441406,150.179992675781,60600,245.029998779297,97.3300018310547
78.2600021362305,291.5,16.5189990997314,112.23999786377,151.070007324219,61000,247.580001831055,98.8199996948242
78.6530002593994,297.724002075195,16.2232001304626,114.197500610352,147.286498260498,61400,245.720999145508,97.6025001525879
78.7300033569336,285.540008544922,16.2700004577637,111.410003662109,148.110000610352,61000,247.490005493164,97.5999984741211
76.7300033569336,281.170013427734,15.8269996643066,108.779998779297,144.220001220703,60100,241.759994506836,96.25
75.0999984741211,280.959991455078,15.6389999389648,109.459999084473,141.169998168945,60600,240.330001831055,95.4400024414062
79.4199981689453,305.529998779297,16.9230003356934,118.099998474121,148.029998779297,62200,255.139999389648,101.449996948242
79.4499969482422,316.950012207031,17.1350002288818,120.440002441406,148.309997558594,62600,254.690002441406,101.279998779297
80.3099975585938,320.410003662109,16.8759994506836,123.48999786377,147.809997558594,60400,255.020004272461,100.830001831055
78.3099975585938,312.589996337891,16.6100006103516,122.430000305176,146.630004882812,60300,250.199996948242,99.870002746582
75.1600036621094,305.559997558594,15.9870004653931,114.120002746582,142.910003662109,59200,245.119995117188,97.3099975585938
75.7200012207031,308.420013427734,16.1200008392334,113.930000305176,140.940002441406,58900,244.369995117188,95.1500015258789
77.8000030517578,310.260009765625,17.1690006256104,115.330001831055,142.649993896484,59200,247.399993896484,93.9499969482422
78.1699981689453,320.010009765625,17.0009994506836,115.900001525879,142.160003662109,60400,245.419998168945,93.0699996948242
79.7300033569336,315.179992675781,17.5349998474121,114.709999084473,144.490005493164,59500,252.509994506836,93.5599975585938
80.9599990844727,320.339996337891,18.07200050354,120.150001525879,145.470001220703,59700,256.920013427734,95.8499984741211
79.3199996948242,317.829986572266,17.673999786377,121.589996337891,143.210006713867,60500,257.220001220703,95.3099975585938
72.3600006103516,290.410003662109,16.9519996643066,116.150001525879,136.5,59300,249.009994506836,91.1999969482422
74.7399978637695,290.709991455078,16.5709991455078,119.430000305176,134.509994506836,59500,244.690002441406,90.8600006103516
73.2600021362305,288.299987792969,16.253999710083,114.480003356934,132.369995117188,59500,240.449996948242,89.1500015258789
76.5100021362305,288.190002441406,16.0849990844727,117.089996337891,132.300003051758,58600,241.800003051758,89.629997253418
77.4899978637695,297.959991455078,16.5009994506836,119.76000213623,135.449996948242,58000,244.429992675781,90.25
77.9599990844727,297.75,15.33899974823,117.120002746582,132.229995727539,59100,238.190002441406,88.2600021362305
77.6999969482422,294.959991455078,15.206000328064,118.040000915527,131.860000610352,58100,238.729995727539,89.8099975585938
77.2228567940848,296.3342830113,15.9687855584281,117.972857339042,134.571428026472,57900,244.019286019462,90.4249992370605
76.5199966430664,284.170013427734,14.121000289917,116.879997253418,130.029998779297,58100,236.960006713867,87.9300003051758
76.6100006103516,276.880004882812,14.03600025177,115.620002746582,126.040000915527,56600,234.529998779297,86.4599990844727
79.0100021362305,291.119995117188,14.6029996871948,120.26000213623,129.610000610352,55300,241.009994506836,88.9499969482422
78.9499969482422,294.880004882812,14.6140003204346,120.339996337891,129.929992675781,58070,239.820007324219,88.7300033569336
