"SHEL.Close","ENI.MI.Close","ENEL.MI.Close","ENGI.PA.Close","ORSTED.CO.Close","CHV.F.Close","REP.MC.Close","TTE.PA.Close"
59.7400016784668,14.0080003738403,7.21199989318848,14.6949996948242,681,108.26000213623,14.0649995803833,49.814998626709
60.2099990844727,14.1059999465942,7.21099996566772,14.6899995803833,677.400024414062,109.860000610352,14.2399997711182,50.3800010681152
60.9599990844727,14.3159999847412,7.22599983215332,14.7049999237061,670.200012207031,109.120002746582,14.3500003814697,50.439998626709
60.4000015258789,14.3199996948242,7.23000001907349,14.8900003433228,662,107.480003356934,14.2299995422363,50.1100006103516
59.689998626709,14.206000328064,7.26999998092651,14.8699998855591,645,107.099998474121,14.3599996566772,50.2400016784668
59.6800003051758,14.1400003433228,7.30499982833862,14.8100004196167,645.799987792969,105.379997253418,14.1700000762939,49.9599990844727
59.0099983215332,14.1000003814697,7.41699981689453,14.7550001144409,652.799987792969,105.660003662109,14.3199996948242,49.7849998474121
58.9599990844727,14.039999961853,7.40000009536743,14.8000001907349,659.599975585938,104.819999694824,14.2449998855591,49.560001373291
58.9199981689453,13.8739995956421,7.40000009536743,14.8100004196167,664.599975585938,104.319999694824,14.2349996566772,49.1599998474121
58.8199996948242,13.7980003356934,7.4210000038147,14.8999996185303,684.599975585938,103.900001525879,14.1000003814697,48.5800018310547
58.7700004577637,13.8879995346069,7.61100006103516,14.9799995422363,686,104.519996643066,14.1450004577637,48.7900009155273
58.5400009155273,13.9160003662109,7.72499990463257,15.1949996948242,695.400024414062,104.440002441406,14.039999961853,48.5050010681152
57.4094997406006,13.8819999694824,7.62900018692017,15.3000001907349,706.400024414062,104.319999694824,13.9200000762939,48.5699996948242
57.4599990844727,13.71399974823,7.6100001335144,15.2849998474121,700.400024414062,102.559997558594,13.7749996185303,48.1150016784668
57.439998626709,13.5579996109009,7.5460000038147,15.2950000762939,716.400024414062,102,13.6000003814697,47.7999992370605
57.4000015258789,13.4580001831055,7.61999988555908,15.5,729.400024414062,102,13.1300001144409,47.3199996948242
57.1699981689453,13.4700002670288,7.81899976730347,15.710000038147,749.599975585938,102.220001220703,13.1000003814697,47.3849983215332
56.0900001525879,13.1960000991821,7.67399978637695,15.6999998092651,737,100.139999389648,12.6499996185303,46.1100006103516
55.9199981689453,13.3979997634888,7.89900016784668,15.7250003814697,743,101.040000915527,12.7700004577637,46.4749984741211
55.7299995422363,13.2880001068115,8.00899982452393,15.8800001144409,748,101.620002746582,12.7950000762939,46.1800003051758
53.8400001525879,12.9259996414185,8.08800029754639,15.6300001144409,727.400024414062,99.0899963378906,12.5799999237061,44.9199981689453
52.1500015258789,12.6579999923706,7.85500001907349,15.5600004196167,736,98,12.4650001525879,44.1450004577637
51.2400016784668,12.6099996566772,7.96600008010864,15.6300001144409,736.200012207031,96.4400024414062,12.2849998474121,43.7599983215332
51.6500015258789,12.7880001068115,8,15.6450004577637,719,97.6999969482422,12.5799999237061,44.7999992370605
52.9500007629395,13.0279998779297,8.06999969482422,15.5349998474121,715,98.0400009155273,12.7950000762939,45.435001373291
52.1399993896484,12.9700002670288,8.13000011444092,15.710000038147,716.599975585938,100.519996643066,12.8249998092651,45.9000015258789
51.7900009155273,12.9060001373291,8.17700004577637,15.6400003433228,726,100.059997558594,12.7550001144409,45.2599983215332
51.3899993896484,12.7799997329712,8.19999980926514,15.625,729.200012207031,99.5299987792969,12.5900001525879,44.5750007629395
51.9900016784668,12.9259996414185,8.19299983978271,15.914999961853,735,101.800003051758,12.7449998855591,44.9900016784668
52.6500015258789,13.1000003814697,8.13199996948242,15.9399995803833,725.200012207031,102.599998474121,12.7700004577637,45.4850006103516
50.9900016784668,12.9879999160767,8.20699977874756,15.9099998474121,727.599975585938,102.199996948242,12.664999961853,45.3950004577637
50.4900016784668,12.8920001983643,8.27700042724609,16.1350002288818,743,102.319999694824,12.6499996185303,45.25
49.4115003585815,13.0279998779297,8.39400005340576,16.3250007629395,743.400024414062,101.519996643066,12.5249996185303,45.2050018310547
50.2099990844727,12.9099998474121,8.46700000762939,16.5499992370605,764.200012207031,101,12.3450002670288,44.6949996948242
50.2200012207031,12.9379997253418,8.56599998474121,16.6450004577637,771.200012207031,102.459999084473,12.3500003814697,45.0499992370605
49.6199989318848,12.8999996185303,8.43299961090088,16.4799995422363,761,101.639999389648,12.2950000762939,44.75
49.1699981689453,12.7639999389648,8.44400024414062,16.5949993133545,769.799987792969,100.099998474121,11.9549999237061,44.2949981689453
47.2799987792969,12.1680002212524,8.02999973297119,16.0949993133545,735.599975585938,97.4300003051758,11.3149995803833,42.1650009155273
45.9000015258789,11.9759998321533,7.80499982833862,15.5450000762939,719.599975585938,95.8000030517578,10.9650001525879,41.1399993896484
45.75,12.0640001296997,7.95499992370605,15.6400003433228,732,91.5,10.8649997711182,41.0449981689453
43.939998626709,11.7580003738403,7.91599988937378,16.0049991607666,709.799987792969,86.4100036621094,10.5100002288818,39.6800003051758
44.0299987792969,11.1579999923706,7.57600021362305,15.0299997329712,695.400024414062,84.370002746582,10.1300001144409,38.3800010681152
44.8300018310547,11.1180000305176,7.6399998664856,15.1350002288818,709,85.6800003051758,10.2150001525879,39.0999984741211
43.9599990844727,11.1199998855591,7.79300022125244,15.2349996566772,718,85.9899978637695,10.3500003814697,39.3199996948242
45.2999992370605,11.1520004272461,8.23999977111816,15.9300003051758,757.400024414062,87.25,10.289999961853,39.9449996948242
43.7299995422363,10.9680004119873,8.14500045776367,15.7299995422363,755.200012207031,86.6399993896484,10.0900001525879,39.0499992370605
41.8699989318848,10.2340002059937,7.89099979400635,14.9449996948242,715.200012207031,84.2200012207031,9.60000038146973,37.1500015258789
34.6800003051758,8.10000038146973,7.10599994659424,13.6800003051758,682,71.5,8.14799976348877,30.9799995422363
36.9599990844727,8.16499996185303,6.7039999961853,13.0100002288818,652.599975585938,74.0599975585938,8.27999973297119,31.5149993896484
34.4900016784668,8.05000019073486,6.51999998092651,12.7299995422363,632.599975585938,74.870002746582,8.31799983978271,30.9650001525879
29.3299999237061,6.59200000762939,5.22599983215332,10.539999961853,575.799987792969,66.9000015258789,7.19999980926514,26.3799991607666
30.0799999237061,6.91099977493286,5.61899995803833,10.4849996566772,592,69.629997253418,7.54199981689453,26.0249996185303
25.3199996948242,6.49200010299683,5.48600006103516,9.97799968719482,579.599975585938,66,6.77400016784668,24.3349990844727
25.6599998474121,6.86600017547607,5.71999979019165,10.3050003051758,619.200012207031,62.2000007629395,6.76800012588501,25.1499996185303
21.6200008392334,6.69399976730347,5.8899998664856,10.3000001907349,591,59.5400009155273,6.14200019836426,21.7950000762939
24.0400009155273,6.96500015258789,5.82999992370605,10.2849998474121,574.400024414062,52.0299987792969,6.03000020980835,22.5
25.0799999237061,7.29300022125244,5.88899993896484,10.4049997329712,606.400024414062,53.2000007629395,6.16800022125244,25
26.8299999237061,7.28700017929077,5.97200012207031,9.76599979400635,601.799987792969,51.5200004577637,6.21199989318848,26.5
32.1100006103516,8.375,6.31099987030029,10.3900003433228,627,58.7400016784668,7.18599987030029,30.4750003814697
34.3400001525879,8.72299957275391,6.30000019073486,10.585000038147,670.799987792969,67.2600021362305,7.37400007247925,32.8499984741211
34.9300003051758,8.71100044250488,6.27899980545044,10.6000003814697,685.400024414062,66.2300033569336,7.65000009536743,33
31.6399993896484,8.21700000762939,6.15500020980835,9.84799957275391,659.599975585938,64.1999969482422,7.34600019454956,32.25
33.439998626709,8.5930004119873,6.38600015640259,9.44999980926514,675,66.1100006103516,7.59200000762939,33.5699996948242
34.8899993896484,9.22000026702881,6.33900022506714,9.41199970245361,666.400024414062,67.5,8.33199977874756,35.3899993896484
35.310001373291,9.19999980926514,6.06799983978271,8.97599983215332,648.799987792969,64.5199966430664,8.10000038146973,35.2000007629395
38.9599990844727,9.83800029754639,6.14499998092651,8.89400005340576,644.799987792969,69,8.58800029754639,36.2799987792969
36.2400016784668,9.32499980926514,6.06899976730347,8.69799995422363,645,69.3499984741211,8.2519998550415,33.5299987792969
37.3300018310547,9.3149995803833,6.1399998664856,9.27600002288818,641.200012207031,71.6800003051758,8.1899995803833,33.814998626709
37.2599983215332,9.42800045013428,6.375,9.35799980163574,648.599975585938,78.4899978637695,8.46399974822998,34.2649993896484
38.0699996948242,9.29500007629395,6.28499984741211,9.42199993133545,654.599975585938,76.1399993896484,8.36200046539307,33.8800010681152
37.9099998474121,9.30799961090088,6.45300006866455,9.88599967956543,674.484207956414,79.2099990844727,8.28600025177002,33.625
37.3699989318848,8.81985001564026,6.18025002479553,9.33679990768433,675.624207346063,74.3659996032715,7.89549999237061,32.7199997901917
37.0099983215332,9.16699981689453,6.44700002670288,9.72000026702881,689,78.5999984741211,8.04399967193604,32.6599998474121
34.3600006103516,8.58199977874756,6.20699977874756,9.33399963378906,680,74.1100006103516,7.43599987030029,30.6849994659424
32.5999984741211,8.45400047302246,6.24900007247925,9.35200023651123,681.599975585938,74.5,7.33199977874756,30.0149993896484
35.4799995422363,8.58699989318848,6.20900011062622,9.49199962615967,687.799987792969,78.620002746582,7.78599977493286,31.0200004577637
33.4799995422363,8.43400001525879,6.19199991226196,9.5,687.599975585938,78.7099990844727,7.73400020599365,30.8700008392334
32.9300003051758,7.96000003814697,6.00500011444092,9.22000026702881,690.400024414062,75.5999984741211,7.27799987792969,29.7000007629395
34.8600006103516,8.34799957275391,5.9850001335144,9.13599967956543,700,78.25,7.39400005340576,31.1149997711182
35.1599998474121,8.47200012207031,5.92600011825562,9.20199966430664,716,80.7300033569336,7.84000015258789,32.4199981689453
35.0299987792969,8.25,5.90000009536743,9.24600028991699,713.400024414062,80.6699981689453,7.74200010299683,31.8600006103516
35.8199996948242,8.4040002822876,6.07000017166138,9.31400012969971,708.200012207031,81.3300018310547,7.81199979782104,32.25
36,8.68400001525879,6.15000009536743,9.36999988555908,710,82.2099990844727,7.91200017929077,32.7949981689453
38.0099983215332,8.95699977874756,6.26999998092651,9.98999977111816,705.200012207031,86.0999984741211,8.5019998550415,33.8199996948242
33.1300010681152,8.71399974822998,6.23600006103516,9.9040002822876,688.400024414062,84.3399963378906,8.31400012969971,32.8499984741211
31.2900009155273,8.5110999584198,6.06965003013611,9.46710004806519,685,82.741499710083,8.08909995555878,31.8657497406006
32.75,8.21100044250488,6.00699996948242,9.44400024414062,675,82.5299987792969,7.66599988937378,30.4899997711182
33.0699996948242,8.6870002746582,6.08799982070923,9.56400012969971,683.799987792969,87.0299987792969,8.67800045013428,32.9099998474121
32.060001373291,8.42300033569336,6.06699991226196,9.57800006866455,690.200012207031,84.9000015258789,8.50599956512451,32.2000007629395
32.5299987792969,8.55599975585938,6.18800020217896,9.6899995803833,696,86.8300018310547,8.77400016784668,32.5699996948242
33.9099998474121,8.63099956512451,6.19999980926514,9.79800033569336,705.800004747179,87.4899978637695,8.63399982452393,32.9850006103516
32.7599983215332,8.63099956512451,6.07999992370605,9.76000022888184,698.400024414062,87.2399978637695,8.50399971008301,32.3849983215332
32.2099990844727,8.71399974822998,6.14499998092651,9.34000015258789,705.200012207031,84.9100036621094,8.35799980163574,32.314998626709
31.0400009155273,8.52499961853027,6.03000020980835,9.17199993133545,724.799987792969,81,8.06999969482422,31.0900001525879
30.1700000762939,8.51399993896484,5.88399982452393,9.24600028991699,716,83.1399993896484,8.17399978637695,30.8099994659424
30.1299991607666,8.52000045776367,5.76100015640259,9.37600040435791,705.200012207031,83.1999969482422,8.10400009155273,30.8600006103516
32.8199996948242,8.6569995880127,5.96400022506714,9.86999988555908,731.599975585938,85.6800003051758,8.64000034332275,33.1450004577637
32.1599998474121,8.38399982452393,6.03700017929077,9.73200035095215,726.400024414062,84,8.54599952697754,32.9550018310547
33.4500007629395,8.42899990081787,6.2519998550415,9.78400039672852,741.599975585938,83.3899993896484,8.73799991607666,33.3699989318848
32.439998626709,8.22200012207031,6.32999992370605,9.90999984741211,740.266666930399,84.2799987792969,8.44600009918213,32.7700004577637
32.2400016784668,8.17399978637695,6.40999984741211,9.82199954986572,742.72592620431,82.7900009155273,8.29199981689453,32.6699981689453
33.2555000305176,8.26000022888184,6.51000022888184,9.96399974822998,764.400024414062,83.6900024414062,8.39799976348877,33.2649993896484
32.689998626709,8.27400016784668,6.51599979400635,10.2449998855591,766,85.3899993896484,8.61600017547607,33.375
32.9799995422363,8.44999980926514,6.58599996566772,10.5450000762939,751.200012207031,85.5599975585938,8.87600040435791,34.0400009155273
32.6100006103516,8.49199962615967,6.79199981689453,10.8549995422363,761.200012207031,83,8.86999988555908,34.3199996948242
31.9500007629395,8.1230001449585,6.90100002288818,10.6350002288818,786.799987792969,80.9499969482422,8.36999988555908,33.625
33.1800003051758,8.34000015258789,6.9980001449585,10.6499996185303,756.578557533406,84.5790000915527,8.61600017547607,34.5449981689453
34,8.77099990844727,7.18900012969971,10.9049997329712,779.599975585938,83.7200012207031,8.97599983215332,35.5449981689453
35.6500015258789,8.99899959564209,7.50400018692017,11.6099996566772,787,86.4400024414062,9.12600040435791,36.4249992370605
35.5699996948242,8.96399974822998,7.4850001335144,11.3599996566772,777.599975585938,85.120002746582,9.04599952697754,36.1150016784668
37.7700004577637,9.50599956512451,7.57800006866455,11.6899995803833,759.285225407589,89.6900024414062,9.52999973297119,38.3349990844727
39.2900009155273,9.66399955749512,7.5770001411438,11.9499998092651,757.400024414062,89.5199966430664,9.72599983215332,38.8499984741211
37.2599983215332,9.37600040435791,7.54199981689453,11.8599996566772,748.799987792969,89.620002746582,9.23600006103516,37.7000007629395
36.25,9.22999954223633,7.51200008392334,11.3999996185303,765,87.7399978637695,9.1560001373291,37.0149993896484
33.189998626709,8.58100032806396,7.3270001411438,10.7749996185303,746,80.6699981689453,8.58199977874756,34.7249984741211
34.4500007629395,8.58699989318848,7.34499979019165,10.9549999237061,749.200012207031,80.2600021362305,8.6879997253418,35.0950012207031
34.5200004577637,8.57999992370605,7.36199998855591,10.8100004196167,752.200012207031,80.0699996948242,8.68000030517578,34.689998626709
34.9700012207031,8.9350004196167,7.56599998474121,11.1400003433228,741.799987792969,82.6500015258789,8.42000007629395,35.8300018310547
34.189998626709,8.89599990844727,7.50500011444092,11.25,745.200012207031,82.9700012207031,8.22999954223633,35.9449996948242
34.2999992370605,8.83500003814697,7.47300004959106,11.1949996948242,753.200012207031,82.3899993896484,8.20600032806396,35.6800003051758
33.939998626709,8.87399959564209,7.59999990463257,11.25,753.799987792969,83.1100006103516,8.29800033569336,35.689998626709
34.4099998474121,8.80300045013428,7.59999990463257,11.1000003814697,777.400024414062,80.5599975585938,8.13199996948242,35.435001373291
34.8499984741211,8.89599990844727,7.81099987030029,11.2150001525879,776.200012207031,81.9000015258789,8.30000019073486,36.185001373291
33.1199989318848,8.47200012207031,7.62400007247925,10.9399995803833,761.799987792969,79.5,7.86800003051758,34.9300003051758
33.8899993896484,8.48099994659424,7.66300010681152,10.960000038147,761.599975585938,77.6100006103516,8,35.2099990844727
32.9099998474121,8.39700031280518,7.63899993896484,10.8950004577637,756.200012207031,78.5899963378906,7.76999998092651,35.1450004577637
33.439998626709,8.625,7.72399997711182,11.1899995803833,770.400024414062,77.4300003051758,7.86600017547607,34.5499992370605
32.689998626709,8.48999977111816,7.67799997329712,11,765.400024414062,78.2399978637695,7.78599977493286,33.9749984741211
32.7700004577637,8.47500038146973,7.7020001411438,10.9250001907349,766,79.25,7.88600015640259,34.1599998474121
32.9000015258789,8.72000026702881,7.94700002670288,11.3699998855591,785,79.25,8.03600025177002,34.8450012207031
33.1764996528625,8.67399978637695,7.87400007247925,11.3850002288818,796.799987792969,78.7300033569336,7.81599998474121,34.6399993896484
33.4500007629395,8.75800037384033,7.91400003433228,11.4049997329712,793,78.0199966430664,7.97399997711182,35.0849990844727
32.6300010681152,8.81999969482422,7.97499990463257,11.3050003051758,802,77.620002746582,7.86999988555908,34.685001373291
32.75,8.69799995422363,8.08600044250488,11.2799997329712,840.799987792969,76.1800003051758,7.73999977111816,34.2799987792969
31.2800006866455,8.43400001525879,7.93599987030029,10.8000001907349,842,73.75,7.53200006484985,33.1599998474121
32.2099990844727,8.49199962615967,8.02999973297119,10.9300003051758,852.200012207031,72.9899978637695,7.62400007247925,33.3199996948242
32.4099998474121,8.65999984741211,8.12199974060059,11.1149997711182,863,75.0899963378906,7.78399991989136,33.7099990844727
33.5099983215332,8.78299999237061,8.01399993896484,11.0100002288818,850.799987792969,75,7.98600006103516,34.0449981689453
33.9799995422363,8.83600044250488,8.16899967193604,11.1750001907349,881.599975585938,78.1399993896484,7.9060001373291,34.3300018310547
33.4799995422363,8.89500045776367,8.25300025939941,11.2749996185303,881.599975585938,77.6100006103516,8.01399993896484,34.4249992370605
32.9099998474121,8.8129997253418,8.42700004577637,11.1450004577637,874,77.0199966430664,7.87400007247925,33.8250007629395
32.4099998474121,8.7810001373291,8.32199954986572,11.3999996185303,879,74.9700012207031,7.73799991607666,33.2050018310547
33.4300003051758,8.92899990081787,8.32999992370605,11.3100004196167,900.599975585938,79.4599990844727,7.92799997329712,33.7550010681152
32.75,8.70699977874756,8.19400024414062,11.2250003814697,905,78.370002746582,7.67000007629395,32.6949996948242
32.3899993896484,8.60099983215332,8.13399982452393,11.1049995422363,915.400024414062,77.8399963378906,7.57999992370605,32.5299987792969
32.2900009155273,8.52000045776367,7.94399976730347,10.9200000762939,905.200012207031,78.1999969482422,7.3899998664856,32.6500015258789
32.4500007629395,8.46300029754639,7.9210000038147,10.8299999237061,901.400024414062,77,7.16200017929077,32.3899993896484
32.0999984741211,8.47700023651123,7.90000009536743,11.1599998474121,910.799987792969,76.2300033569336,7.06199979782104,32.4049987792969
32.4099998474121,8.40999984741211,7.97499990463257,11.2200002670288,915.599975585938,76.6800003051758,7.03599977493286,32.4500007629395
30.8400001525879,7.81799983978271,7.73699998855591,10.8549995422363,902,72.9800033569336,6.78800010681152,31.9300003051758
29.8099994659424,7.54099988937378,7.72900009155273,11.289999961853,901,69.4599990844727,6.57999992370605,31.2999992370605
30.2999992370605,7.53399991989136,7.85599994659424,11.8999996185303,910.200012207031,71.5100021362305,6.69399976730347,32.4000015258789
31.3500003814697,7.85900020599365,7.86899995803833,11.7550001144409,891.799987792969,72.2699966430664,6.91599988937378,33.2000007629395
31.5200004577637,8.0959997177124,7.83300018310547,11.7849998474121,893.599975585938,73.5299987792969,7.05800008773804,33.8400001525879
31.25,7.94199991226196,7.73000001907349,11.6000003814697,884,73.4599990844727,6.80000019073486,33.0449981689453
30.8400001525879,7.80600023269653,7.81500005722046,11.625,895.599975585938,73.4199981689453,6.67600011825562,32.7949981689453
31.4500007629395,7.98600006103516,7.86499977111816,11.7849998474121,885.400024414062,74.0199966430664,6.80200004577637,33.2400016784668
31.8500003814697,8.24400043487549,7.96400022506714,11.9750003814697,895.400024414062,77.6500015258789,7.12400007247925,34.189998626709
32.8699989318848,8.3730001449585,8.10999965667725,12.1750001907349,887.799987792969,77.4499969482422,7.19799995422363,34.4199981689453
31.6700000762939,8.24499988555908,8.00800037384033,12.0100002288818,900,76.879997253418,7.05399990081787,33.9900016784668
31.1100006103516,8.17899990081787,7.88500022888184,11.75,889.599975585938,75.870002746582,6.98799991607666,33.5
30.9400005340576,8.10000038146973,7.80800008773804,11.6450004577637,893.200012207031,76.2399978637695,6.84200000762939,33.2900009155273
30.5400009155273,8.05399990081787,7.78800010681152,11.3999996185303,880,74,6.75600004196167,32.8050003051758
30.4200000762939,8.12800025939941,7.86499977111816,11.4499998092651,877.200012207031,73.629997253418,6.82000017166138,33.0800018310547
30.1200008392334,7.93499994277954,7.75500011444092,11.2349996566772,875,72.7900009155273,6.69199991226196,32.5200004577637
29.6299991607666,7.8730001449585,7.73099994659424,11.1850004196167,888,71.0400009155273,6.61600017547607,32.3600006103516
30.5300006866455,8.19099998474121,7.86600017547607,11.5900001525879,905,72.3499984741211,6.93400001525879,33.625
30.0599994659424,8.07800006866455,7.80399990081787,11.4399995803833,898.400024414062,72.8199996948242,6.79199981689453,33.2599983215332
30.0300006866455,8.10000038146973,7.7979998588562,11.3549995422363,904.200012207031,72.5,6.85799980163574,33.3650016784668
29.7800006866455,7.98600006103516,7.61700010299683,11.1700000762939,894.400024414062,71.8899993896484,6.88199996948242,33.2799987792969
30.1900005340576,7.96199989318848,7.6399998664856,11.1350002288818,884,71.5500030517578,6.90199995040894,33.2999992370605
29.6800003051758,7.80000019073486,7.58900022506714,11.6549997329712,882.599975585938,70.6999969482422,6.62200021743774,33.0999984741211
29.2000007629395,7.77600002288818,7.50400018692017,11.5900001525879,880,69.629997253418,6.60400009155273,32.9500007629395
29.0400009155273,7.67600011825562,7.64799976348877,11.75,901.599975585938,70.0699996948242,6.43200016021729,33.2900009155273
28.9400005340576,7.69600009918213,7.57999992370605,11.8649997711182,884.599975585938,70.9300003051758,6.41200017929077,33.2099990844727
28.9099998474121,7.64499998092651,7.41200017929077,11.6400003433228,848.200012207031,69,6.44799995422363,32.9650001525879
28.6680002212524,7.77299976348877,7.59299993515015,12.0150003433228,866,69.9800033569336,6.63600015640259,33.5750007629395
28.0300006866455,7.51900005340576,7.47300004959106,11.7700004577637,848.400024414062,66.9000015258789,6.33400011062622,32.3499984741211
28.5200004577637,7.62799978256226,7.65100002288818,11.9250001907349,868,67.3300018310547,6.3899998664856,32.7400016784668
27.8700008392334,7.62599992752075,7.60400009155273,11.8249998092651,861,67.0899963378906,6.46000003814697,32.7350006103516
28.0799999237061,7.59899997711182,7.65999984741211,11.7749996185303,861.400024414062,66,6.39400005340576,32.5149993896484
27.7199993133545,7.47599983215332,7.56099987030029,11.9449996948242,856.200012207031,65.8199996948242,6.26599979400635,32.0250015258789
27.8400001525879,7.61199998855591,7.62900018692017,11.9049997329712,856.200012207031,65.4100036621094,6.4520001411438,32.314998626709
28.0499992370605,7.65100002288818,7.57499980926514,11.9549999237061,869.599975585938,65,6.5479998588562,32.189998626709
27.6000003814697,7.5939998626709,7.38000011444092,11.8149995803833,861.400024414062,65.4599990844727,6.52199983596802,31.5349998474121
26.9799995422363,7.38800001144409,7.42000007629395,11.5950002670288,856.599975585938,65.9400024414062,6.31400012969971,31.1100006103516
26.3099994659424,6.94999980926514,7.25899982452393,11.2349996566772,854.799987792969,63.8499984741211,6.11199998855591,29.7299995422363
26.6399993896484,7.05600023269653,7.32100009918213,11.1599998474121,860,65.9499969482422,6.20800018310547,29.9400005340576
26.1200008392334,6.92799997329712,7.46000003814697,11.3549995422363,880,65,6.05600023269653,29.7000007629395
26.5400009155273,6.81199979782104,7.36999988555908,11.1350002288818,864,60.9300003051758,5.8899998664856,29.0249996185303
25.7399997711182,6.68900012969971,7.33500003814697,11.1199998855591,880,61.3400001525879,5.75400018692017,28.0599994659424
26.0900001525879,6.8600001335144,7.44799995422363,11.4099998474121,881.599975585938,62.9900016784668,5.88199996948242,28.7999992370605
25.6499996185303,6.66499996185303,7.5,11.2799997329712,887.599975585938,62.7799987792969,5.67000007629395,28.3299999237061
25.1700000762939,6.68800020217896,7.41800022125244,11.4200000762939,875.400024414062,61.75,5.72200012207031,29.2000007629395
24.2399997711182,6.46199989318848,7.46799993515015,11.4250001907349,930,60.5999984741211,5.51200008392334,28.4899997711182
24.6000003814697,6.49700021743774,7.46799993515015,11.460000038147,940.599975585938,59.7400016784668,5.51800012588501,28.2099990844727
25.4099998474121,6.69000005722046,7.39400005340576,11.5100002288818,948,61.3499984741211,5.72200012207031,28.8549995422363
25.2999992370605,6.91800022125244,7.36399984359741,11.835000038147,955,61.310001373291,6.00400018692017,29.5200004577637
25.5900001525879,6.73000001907349,7.59600019454956,12.0649995803833,985.200012207031,62.2099990844727,6.03200006484985,29.1700000762939
26.4400005340576,6.88500022888184,7.54699993133545,12.1300001144409,993.400024414062,63.2900009155273,6.24200010299683,29.4950008392334
26.6599998474121,6.86199998855591,7.52400016784668,12.1400003433228,1000,63.1500015258789,6.30999994277954,29.9500007629395
26.2999992370605,6.81899976730347,7.68699979782104,12.1599998474121,1050,62.7000007629395,6.2020001411438,29.6800003051758
25.8199996948242,6.68599987030029,7.71199989318848,12.0500001907349,1026.5,63.3800010681152,6.14200019836426,29.2099990844727
25.7900009155273,6.69799995422363,7.73000001907349,11.960000038147,1051,63.060001373291,6.13199996948242,29.1700000762939
25.3700008392334,6.41800022125244,7.46299982070923,11.625,1039,61.4599990844727,5.91800022125244,28.2150001525879
25.2700004577637,6.56300020217896,7.52699995040894,11.7399997711182,1027,62.9000015258789,6.0019998550415,28.4549999237061
25.0400009155273,6.58599996566772,7.4689998626709,11.6800003051758,1021,61.5,5.92600011825562,28.2099990844727
25.3199996948242,6.56199979782104,7.58199977874756,11.6850004196167,1004.5,59.9000015258789,5.85400009155273,28.2299995422363
24.8299999237061,6.34000015258789,7.5149998664856,11.3850002288818,985.599975585938,59.7400016784668,5.66599988937378,27.7749996185303
25.4500007629395,6.34100008010864,7.44999980926514,11.210000038147,969.599975585938,60.6100006103516,5.66200017929077,27.6200008392334
25.6100006103516,6.44399976730347,7.56899976730347,11.3649997711182,974.400024414062,62.4500007629395,5.82399988174438,28.0799999237061
24.8299999237061,6.24499988555908,7.5,11.1099996566772,966.599975585938,60.060001373291,5.64200019836426,27.0550003051758
24.1900005340576,6.09999990463257,7.39499998092651,10.8950004577637,953.200012207031,60.1800003051758,5.46000003814697,26.1849994659424
23.1000003814697,5.88500022888184,6.94999980926514,10.4549999237061,944,58.0099983215332,5.27199983596802,25.2700004577637
24.6299991607666,5.91800022125244,6.93699979782104,10.2700004577637,973,57.6100006103516,5.22599983215332,25.1299991607666
25.5499992370605,6.01100015640259,6.83400011062622,10.3850002288818,1014.5,59.1500015258789,5.34000015258789,25.8199996948242
26.6700000762939,6.36199998855591,6.98600006103516,10.6049995422363,1021,61.5,5.67199993133545,27.0900001525879
26.8700008392334,6.51399993896484,7.21700000762939,10.8199996948242,1030.5,61.6699981689453,5.78599977493286,27.7549991607666
26.8999996185303,6.59700012207031,7.36800003051758,11.0699996948242,1048,62.2999992370605,5.90000009536743,27.8999996185303
26.8400001525879,6.59600019454956,7.61100006103516,11.2449998855591,1070,61.2099990844727,5.78399991989136,27.5049991607666
26.6700000762939,6.54199981689453,7.71199989318848,11.0349998474121,1069,60.7099990844727,5.77199983596802,27.6299991607666
30.2299995422363,7.37799978256226,8.05099964141846,11.7600002288818,1061.5,68.3000030517578,6.82399988174438,31.7950000762939
31.7600002288818,7.67799997329712,8.04699993133545,11.9750003814697,1079.5,68.4599990844727,7.64599990844727,33.0550003051758
31.3899993896484,7.59200000762939,8.21199989318848,12.2650003433228,1130.5,69.9400024414062,7.67600011825562,32.4949989318848
30.6299991607666,7.61800003051758,8.07999992370605,11.9200000762939,1117.5,68.9700012207031,7.35599994659424,32.2050018310547
31.2099990844727,7.65999984741211,8.02000045776367,12.3000001907349,1110,70,7.26200008392334,32.6450004577637
33.2000007629395,7.96799993515015,8.08899974822998,12.3900003433228,1095,73.75,7.91200017929077,34.2350006103516
33.75,8.08600044250488,8.11200046539307,12.2399997711182,1096.5,73,7.8439998626709,34.6349983215332
32.9900016784668,8.19400024414062,8.12199974060059,12.210000038147,1080.5,73.6500015258789,7.93800020217896,34.7700004577637
33.1800003051758,8.07699966430664,8.16399955749512,12.0550003051758,1102.5,70.8099975585938,7.74599981307983,34.1100006103516
33.6599998474121,8.125,8.23299980163574,12.164999961853,1136,72.3000030517578,7.72399997711182,34.5
35.2099990844727,8.32999992370605,8.07999992370605,12.2299995422363,1125,75.1500015258789,8.32999992370605,36.1199989318848
37.1100006103516,8.61999988555908,8.41800022125244,12.4250001907349,1063,79.6100006103516,8.85200023651123,38.1650009155273
36.3400001525879,8.67199993133545,8.48700046539307,12.6350002288818,1092.5,78.3399963378906,8.73999977111816,37.7750015258789
35.229499912262,8.55799961090088,8.47000026702881,12.5249996185303,1099.5,77.2900009155273,8.43599987030029,37.3650016784668
36.2700004577637,8.58199977874756,8.5019998550415,12.5200004577637,1126.5,76.3000030517578,8.48600006103516,37.7000007629395
33.8400001525879,8.30300045013428,8.36999988555908,12.3699998855591,1124,75.3199996948242,8.05799961090088,35.8250007629395
35.060001373291,8.41499996185303,8.31999969482422,12.5100002288818,1119,73.4199981689453,8.22000026702881,36.3300018310547
36.3899993896484,8.49899959564209,8.2819995880127,12.8000001907349,1064,75.1999969482422,8.25,36.7099990844727
36.7099990844727,8.45199966430664,8.20899963378906,12.585000038147,1054,74.6600036621094,8.13199996948242,36.4650001525879
38.2299995422363,8.74400043487549,8.20600032806396,12.5,1035.5,75.0199966430664,8.5620002746582,37.689998626709
37.4199981689453,8.76700019836426,8.18099975585938,12.539999961853,1039.5,75,8.47999954223633,37.1599998474121
37.3899993896484,8.78999996185303,8.15999984741211,12.375,1048,76.1999969482422,8.60200023651123,36.9500007629395
37.5800018310547,8.8430004119873,8.11999988555908,12.5749998092651,1056.5,76.379997253418,8.85799980163574,36.8950004577637
38.4199981689453,8.93599987030029,8.21000003814697,12.3950004577637,1072.5,74.8099975585938,8.94999980926514,37.6650009155273
37.810001373291,8.80799961090088,8.04899978637695,12.3400001525879,1070,76.3099975585938,8.77999973297119,37.0200004577637
36.4199981689453,8.67800045013428,8.12199974060059,12.5249996185303,1076,76.7099990844727,8.61999988555908,36.5999984741211
37.5800018310547,8.7519998550415,8.04500007629395,12.4300003051758,1065,73.7200012207031,8.74600028991699,36.560001373291
37.8300018310547,8.75599956512451,8.16199970245361,12.6000003814697,1082,73.0199966430664,8.71399974822998,36.4850006103516
38.0999984741211,8.71100044250488,8.17300033569336,12.6700000762939,1107,72.9599990844727,8.28400039672852,36.3849983215332
37.2999992370605,8.62100028991699,8.15999984741211,12.625,1110.5,71.5,8.14200019836426,35.9900016784668
35.5400009155273,8.24400043487549,7.85599994659424,12.1599998474121,1125.5,70.1500015258789,7.84000015258789,34.6500015258789
34.939998626709,8.35999965667725,8.07100009918213,12.3249998092651,1167.5,69.9400024414062,7.83799982070923,34.8899993896484
35.939998626709,8.58399963378906,8.27099990844727,12.6899995803833,1189.5,69.7399978637695,8.19999980926514,35.8650016784668
35.8300018310547,8.70994733509264,8.34000000200774,12.6000003814697,1199.31578947368,72.3021051507247,8.3459997177124,35.8899993896484
35.9000015258789,8.5959997177124,8.34500026702881,12.8999996185303,1271,69.6999969482422,8.31999969482422,35.8549995422363
36.1399993896484,8.5620002746582,8.27600002288818,12.7550001144409,1272.5,69.0500030517578,8.31400012969971,35.7700004577637
36.0299987792969,8.54800033569336,8.27600002288818,12.6949996948242,1243.5,69.8499984741211,8.28600025177002,35.5900001525879
35.1399993896484,8.74874738392077,8.48970007143522,12.5200004577637,1227.14078947368,72.6581052880538,8.25,35.2999992370605
36.0299987792969,8.44799995422363,8.45699977874756,12.8050003051758,1314,69.9800033569336,8.10599994659424,34.5849990844727
38.5099983215332,8.76099967956543,8.39500045776367,12.6149997711182,1294.5,69.8199996948242,8.72999954223633,35.4949989318848
40.2900009155273,9.04800033569336,8.92899990081787,13.125,1324.5,73.1600036621094,8.85000038146973,37.0550003051758
40.3400001525879,9.06799983978271,8.77700042724609,13.0699996948242,1355,73.25,8.88199996948242,37.4599990844727
40.2400016784668,9.02999973297119,8.9379997253418,13.3050003051758,1351.5,74.2900009155273,8.72599983215332,37.4850006103516
40.2599983215332,8.97799968719482,8.94799995422363,13.164999961853,1295,75.7799987792969,8.63599967956543,36.9150009155273
41.189998626709,9.05399990081787,8.80300045013428,13.5050001144409,1271.5,76.4599990844727,8.82199954986572,37.0499992370605
40.6599998474121,9.0600004196167,8.92500019073486,13.6850004196167,1209,76.4499969482422,8.70199966430664,37.435001373291
41.6500015258789,9.00500011444092,8.83300018310547,13.8450002670288,1188,78.7600021362305,8.86200046539307,37.7999992370605
40.189998626709,8.83100032806396,8.85900020599365,13.6149997711182,1171.5,77,8.65200042724609,37.0950012207031
39.3069997787476,8.85599994659424,8.58500003814697,13.4849996566772,1163,76.1999969482422,8.67199993133545,36.9799995422363
40.6500015258789,8.82699966430664,8.57400035858154,13.5799999237061,1193.5,77.9000015258789,8.63199996948242,37.1500015258789
40.7599983215332,8.90100002288818,8.57800006866455,13.4449996948242,1224.5,78.1800003051758,8.8459997177124,37.3450012207031
39.75,8.66800022125244,8.45899963378906,13.3149995803833,1242,76,8.56999969482422,36.4749984741211
39.2799987792969,8.54199981689453,8.34500026702881,13.1149997711182,1253.5,73.9000015258789,8.45199966430664,36.2200012207031
38.2200012207031,8.35299968719482,8.33500003814697,12.9300003051758,1244,74.0599975585938,8.30000019073486,35.3499984741211
38.3899993896484,8.52799987792969,8.39999961853027,12.9899997711182,1212,75.0400009155273,8.45199966430664,35.9799995422363
37.9799995422363,8.54699993133545,8.24100017547607,12.7299995422363,1160,72.5100021362305,8.52200031280518,35.8250007629395
38.2400016784668,8.54800033569336,8.40100002288818,12.960000038147,1197,73.3000030517578,8.37199974060059,35.814998626709
36.8899993896484,8.35200023651123,8.19099998474121,12.8199996948242,1167,73.4599990844727,8.12199974060059,34.8950004577637
36.6199989318848,8.19999980926514,8.2209997177124,12.9750003814697,1190,71.1500015258789,7.98000001907349,34.5550003051758
36.1699981689453,8.31099987030029,8.19999980926514,13.0349998474121,1194,72.5,8.17800045013428,34.8699989318848
36.8899993896484,8.48900032043457,8.55200004577637,13.3000001907349,1173,73.129997253418,8.57600021362305,35.1399993896484
36.5999984741211,8.56999969482422,8.55599975585938,13.289999961853,1145.5,73.5599975585938,8.60000038146973,34.935001373291
37.4799995422363,8.61100006103516,8.44699954986572,13.3999996185303,1147.5,74.5500030517578,8.71199989318848,35.0699996948242
38.5299987792969,8.68099975585938,8.5,13.2449998855591,1098,75.5,8.84799957275391,35.1800003051758
38.2299995422363,8.77499961853027,8.28400039672852,13.1000003814697,1047,74.870002746582,8.79599952697754,34.564998626709
38.3400001525879,8.8439998626709,8.31799983978271,13.1199998855591,1016.5,75.379997253418,8.87800025939941,34.7449989318848
37.3199996948242,8.77700042724609,8.46199989318848,13.1049995422363,1036,75.4199981689453,8.77799987792969,34.6399993896484
38.5099983215332,8.87899971008301,8.4680004119873,13.0550003051758,1042,75.8000030517578,8.87399959564209,34.9749984741211
39.1084995269775,9.1230001449585,8.46500015258789,13.1049995422363,1058,77.0100021362305,9.35999965667725,36.5400009155273
40.1500015258789,9.07900047302246,8.30300045013428,12.9399995803833,1033.5,76.5999984741211,9.41600036621094,36.3950004577637
40.560001373291,9.16300010681152,8.30300045013428,12.9849996566772,1031,79.370002746582,9.45600032806396,36.9650001525879
39.0800018310547,9.09700012207031,8.19999980926514,12.7950000762939,1003,79.1399993896484,9.5600004196167,36.5750007629395
39.5499992370605,9.19799995422363,8.19600009918213,12.8950004577637,1019,79.1900024414062,9.9399995803833,36.9500007629395
40.4199981689453,9.35599994659424,8.07699966430664,12.7349996566772,983.400024414062,81.629997253418,10.1499996185303,37.4700012207031
41.0699996948242,9.42399978637695,7.97700023651123,12.6700000762939,995,81.8199996948242,10.1450004577637,38.310001373291
42.3800010681152,9.57699966430664,7.92000007629395,12.6450004577637,988.599975585938,84.7600021362305,10.3199996948242,38.9749984741211
42.2299995422363,9.68000030517578,7.84000015258789,12.6049995422363,1010,84.8099975585938,10.6199998855591,39.4550018310547
41.0299987792969,9.48200035095215,7.8439998626709,12.085000038147,998,82.0899963378906,10.414999961853,38.375
41.0099983215332,9.56099987030029,7.94700002670288,12.0100002288818,1001,84.6999969482422,10.7049999237061,38.8349990844727
41.5299987792969,9.49199962615967,7.80200004577637,11.8199996948242,967.799987792969,85.3099975585938,10.6700000762939,38.9150009155273
42.060001373291,9.65999984741211,7.62599992752075,11.5349998474121,920.400024414062,87,10.8599996566772,39.310001373291
42.4300003051758,9.87600040435791,7.84299993515015,11.5050001144409,920,87.879997253418,11.039999961853,40.560001373291
43.8499984741211,10.0620002746582,7.8730001449585,11.4350004196167,900,90.7900009155273,10.9650001525879,40.9749984741211
43.3499984741211,10.1800003051758,8.08399963378906,11.5,905.400024414062,92.6999969482422,10.6800003051758,40.9199981689453
43.2000007629395,10.1400003433228,8.10299968719482,11.8800001144409,961.799987792969,91.3899993896484,10.7250003814697,40.6650009155273
44.3800010681152,10.2200002670288,8.21500015258789,11.9700002670288,955.799987792969,93.4300003051758,10.6999998092651,41.310001373291
43.9300003051758,10.3000001907349,8.32600021362305,12.1599998474121,976.400024414062,93.629997253418,10.75,41.7400016784668
44.3499984741211,10.4180002212524,8.25500011444092,12.1850004196167,963,92.6100006103516,10.960000038147,42.189998626709
43.6500015258789,10.3339996337891,8.18099975585938,12.1599998474121,967.599975585938,91.6500015258789,10.8500003814697,41.2900009155273
42.7999992370605,10.2399997711182,8.23799991607666,12.1099996566772,992.400024414062,90.5500030517578,10.75,40.7649993896484
43.2200012207031,10.3000001907349,8.16199970245361,12.0699996948242,956.799987792969,90.2399978637695,10.7349996566772,40.6100006103516
41.6500015258789,10.3380002975464,8.06400012969971,12.1350002288818,946.400024414062,87.9800033569336,10.7200002670288,40.435001373291
41.9599990844727,10.173999786377,8.30599975585938,12.1949996948242,973,88,10.6700000762939,40.2299995422363
41.3899993896484,10.1459999084473,8.32400035858154,12.0649995803833,985.799987792969,86.6500015258789,10.5600004196167,39.7299995422363
39.3300018310547,9.97999954223633,8.39999961853027,12.1099996566772,1014,86.9700012207031,10.4200000762939,39.439998626709
40.3499984741211,10.246000289917,8.42599964141846,11.9650001525879,983.200012207031,88.7900009155273,10.6899995803833,40.064998626709
39.8699989318848,10.1120004653931,8.44200038909912,11.9799995422363,983,87.6600036621094,10.3299999237061,38.7449989318848
40.7999992370605,10.2320003509521,8.42700004577637,12.0349998474121,1013.5,90.7300033569336,10.6049995422363,39.1599998474121
40.5200004577637,10.3479995727539,8.50699996948242,12.1599998474121,1013,90.4599990844727,10.6999998092651,39.7449989318848
40.0999984741211,10.4119997024536,8.43299961090088,12.0349998474121,998.799987792969,91,10.6700000762939,40.25
39.2099990844727,10.4940004348755,8.49300003051758,12.1049995422363,1024.5,90.0599975585938,10.5600004196167,39.7750015258789
40.189998626709,10.5699996948242,8.4350004196167,12.1219997406006,1008.35789409437,88.9400024414062,10.4379997253418,39.0999984741211
39.810001373291,10.3009000301361,8.50950002670288,12.1908998966217,1008.65789409437,87.7890007019043,10.4383499622345,38.8954996109009
39.8600006103516,10.4739999771118,8.55399990081787,12.1540002822876,1021.5,87.5,10.4139995574951,38.8199996948242
40.3899993896484,10.456000328064,8.58600044250488,12.2740001678467,1022,87.2600021362305,10.4759998321533,38.9150009155273
39.0800018310547,10.2600002288818,8.65100002288818,12.289999961853,1049.5,87.5100021362305,10.206000328064,38.2599983215332
38.9099998474121,10.1999998092651,8.5939998626709,12.326000213623,1050,86.620002746582,10.1339998245239,37.8450012207031
38.7099990844727,10.1619997024536,8.57999992370605,12.4519996643066,1046,86.25,10.210000038147,37.6699981689453
38.6500015258789,10.2259998321533,8.62100028991699,12.2600002288818,1034,85.8199996948242,10.1199998855591,37.875
39.9500007629395,10.4879999160767,8.50899982452393,12.253999710083,1012,87.3899993896484,10.5659999847412,38.2949981689453
39.75,10.3640003204346,8.58100032806396,12.246000289917,1001,86.7699966430664,10.3940000534058,38
39.3800010681152,10.3500003814697,8.65900039672852,12.4020004272461,987.599975585938,85.9899978637695,10.3520002365112,37.9500007629395
39.4300003051758,10.3240003585815,8.66199970245361,12.3879995346069,952.400024414062,85.4100036621094,10.2519998550415,38.0400009155273
38.3199996948242,10.0740003585815,8.55500030517578,12.1719999313354,925.599975585938,83.9899978637695,9.85000038146973,36.8600006103516
38.6399993896484,10.1499996185303,8.48700046539307,12.0860004425049,919.400024414062,84.0999984741211,10.0799999237061,36.9049987792969
37.7700004577637,10.1680002212524,8.7180004119873,12.3000001907349,975.400024414062,84.9400024414062,10.0839996337891,36.8950004577637
38.0299987792969,10.1020002365112,8.73499965667725,12.3599996566772,990.200012207031,84.5699996948242,10.0100002288818,36.7750015258789
38.310001373291,10.1479997634888,8.64000034332275,12.496000289917,991.799987792969,84.2900009155273,10.1280002593994,36.8600006103516
38.5200004577637,10.1099996566772,8.55200004577637,12.3400001525879,976,84.4300003051758,10.0299997329712,36.7900009155273
39.0800018310547,10.2040004730225,8.44799995422363,12.3979997634888,967,87.3199996948242,10.2600002288818,37.4449996948242
38.6500015258789,10.2019996643066,8.33800029754639,12.3020000457764,902.200012207031,87.8499984741211,10.1520004272461,37.0999984741211
38,9.93000030517578,8.26700019836426,12.3699998855591,919.833333333333,86.0500030517578,9.9379997253418,36.8250007629395
38.9000015258789,10.1000003814697,8.35599994659424,12.4479999542236,918,86.0999984741211,10.2379999160767,37.2400016784668
38.6500015258789,10.1000003814697,8.20600032806396,12.4020004272461,872,87.4899978637695,10.4980001449585,37.6650009155273
39.7799987792969,10.3079996109009,8.28899955749512,12.3859996795654,879,91.120002746582,10.8240003585815,39.0149993896484
40.1300010681152,10.326000213623,8.26700019836426,12.5299997329712,855.799987792969,89.7600021362305,10.8000001907349,39.1399993896484
40.8899993896484,10.3199996948242,8.26799964904785,12.6120004653931,892.400024414062,89.8099975585938,10.8020000457764,39.0499992370605
40.0299987792969,10.4079999923706,8.27400016784668,12.6499996185303,864.599975585938,91.2699966430664,10.9160003662109,39.3400001525879
39.2400016784668,10.246000289917,8.06400012969971,12.1840000152588,839.599975585938,88.3000030517578,10.7159996032715,38.4199981689453
39.5999984741211,10.4580001831055,7.99200010299683,12.246000289917,848,89.8600006103516,11.0220003128052,39.2999992370605
39.0699996948242,10.3039999008179,8.09200000762939,12.4060001373291,891.012960928458,87.9300003051758,10.8459997177124,38.810001373291
40.4000015258789,10.4300003051758,8.20400047302246,12.6840000152588,892.665590579979,89.9800033569336,11.1020002365112,39.75
40.9900016784668,10.46399974823,8.1569995880127,12.7159996032715,855.799987792969,89.9599990844727,11.1879997253418,39.810001373291
40.2700004577637,10.4340000152588,8.12800025939941,13.1000003814697,897,87.3000030517578,11.1780004501343,39.6949996948242
39.2799987792969,10.1960000991821,7.96600008010864,13.1219997406006,883.200012207031,84.9700012207031,10.8900003433228,38.3849983215332
39.7299995422363,10.1800003051758,8.07400035858154,13.0640001296997,906,84.370002746582,10.8420000076294,38.5449981689453
39.8499984741211,10.2840003967285,8.1879997253418,13.1440000534058,924,86.0500030517578,10.9340000152588,39
40.310001373291,10.1099996566772,8.15900039672852,12.6420001983643,891.363920251203,87.2320003509521,11.0419998168945,39.0400009155273
38.9799995422363,9.98499965667725,8.16699981689453,12.5880002975464,934,85.0699996948242,10.8579998016357,38.3300018310547
39.1300010681152,10.0299997329712,8.15900039672852,12.5080003738403,937,85.0500030517578,11.0699996948242,38.4700012207031
38.810001373291,10.1000003814697,8.14700031280518,12.2580003738403,909.799987792969,84.5,11.0059995651245,38.0449981689453
38.6100006103516,10.0939998626709,8.14299964904785,12.2659997940063,933.599975585938,85.1699981689453,10.96399974823,38.1450004577637
39.8600002288818,10.0559997558594,8.05599975585938,12.1499996185303,922.799987792969,84.9599990844727,10.923999786377,37.9049987792969
39.5900001525879,10.293999671936,8.06400012969971,12.2819995880127,925.799987792969,87.3099975585938,11.2399997711182,38.8199996948242
40.2799987792969,10.3699998855591,7.98099994659424,12.3380002975464,872.799987792969,87.5999984741211,11.3100004196167,39.689998626709
40.2000007629395,10.4399995803833,7.89200019836426,12.3319997787476,853,88.25,11.3900003433228,39.689998626709
40.1500015258789,10.3800001144409,7.93100023269653,12.3100004196167,874.599975585938,88.25,11.25,39.689998626709
39.6800003051758,10.4540004730225,8.00300025939941,12.3900003433228,862,88.4899978637695,11.3479995727539,39.4900016784668
39.7400016784668,10.496000289917,8.01200008392334,12.3400001525879,868.400024414062,87.9499969482422,11.289999961853,39.6349983215332
39.8199996948242,10.4440002441406,8.01299953460693,12.2919998168945,857.599975585938,89.2900009155273,11.2559995651245,40.0149993896484
40.1100006103516,10.5139999389648,7.96099996566772,12.206000328064,835.400024414062,89.6800003051758,11.2220001220703,39.8199996948242
40.4199981689453,10.5819997787476,8.02200031280518,12.3159999847412,841,89.4100036621094,11.21399974823,40.3300018310547
41.25,10.7279996871948,8.10200023651123,12.3079996109009,868.200012207031,89.7200012207031,11.4720001220703,40.8849983215332
42.3600006103516,10.7340002059937,8.07999992370605,12.3319997787476,871.799987792969,90,11.4720001220703,40.9150009155273
41.6699981689453,10.7419996261597,8.21300029754639,12.2440004348755,905.599975585938,90.5999984741211,11.2740001678467,40.9500007629395
41.25,10.6300001144409,8.07900047302246,12.1280002593994,892.599975585938,90.0899963378906,11.1639995574951,40.7200012207031
39.0800018310547,10.3140001296997,8.05399990081787,11.8999996185303,873,88.2699966430664,10.7399997711182,39.5349998474121
40.4799995422363,10.4180002212524,8.11999988555908,11.8000001907349,873.799987792969,88.7399978637695,10.7679996490479,39.9599990844727
41.0099983215332,10.4139995574951,8.10799980163574,11.7299995422363,868,89.0500030517578,10.8240003585815,40.2050018310547
41.2799987792969,10.4219999313354,7.97100019454956,11.5699996948242,857.799987792969,89.9400024414062,10.8520002365112,40.0400009155273
41.810001373291,10.539999961853,8.03400039672852,11.6840000152588,867,89.620002746582,11.0979995727539,40.2550010681152
41.8899993896484,10.5559997558594,8.00899982452393,11.6300001144409,870.599975585938,89.5500030517578,11.0579996109009,39.935001373291
40.3499984741211,10.3420000076294,7.97399997711182,11.5920000076294,885.599975585938,89.7200012207031,10.6820001602173,38.7849998474121
40.0900001525879,10.3380002975464,8.03800010681152,11.5659999847412,895.599975585938,87.370002746582,10.6840000152588,38.6049995422363
40.4000015258789,10.2700004577637,7.83199977874756,11.5539999008179,880,88.1800003051758,10.5539999008179,38.1549987792969
41.439998626709,10.460000038147,7.84899997711182,11.7320003509521,912.200012207031,90.0800018310547,10.7259998321533,38.7599983215332
41.3300018310547,10.3979997634888,7.85099983215332,11.753999710083,915,89.9700012207031,10.6280002593994,38.6150016784668
40.3945001602173,10.456000328064,7.9060001373291,11.6979999542236,916,88.9300003051758,10.3800001144409,38.7099990844727
40.75,10.2700004577637,7.94099998474121,11.5939998626709,932.200012207031,87.5500030517578,10.0480003356934,37.9049987792969
40.3499984741211,10.1700000762939,8.06400012969971,11.6800003051758,959.200012207031,87.2200012207031,9.95499992370605,37.4700012207031
40.3899993896484,9.96300029754639,7.88299989700317,11.5279998779297,939.599975585938,85.7600021362305,9.73099994659424,37.0999984741211
40.9500007629395,10.0799999237061,7.92399978637695,11.6059999465942,926.599975585938,87.3899993896484,9.84799957275391,37.4500007629395
40.560001373291,10.0939998626709,8.0620002746582,11.6400003433228,951,88.1800003051758,9.74899959564209,37.4700012207031
40.3400001525879,10.003999710083,8.05799961090088,11.6180000305176,947.599975585938,88.5599975585938,9.56900024414062,37.189998626709
39.9700012207031,10.0240001678467,8.02400016784668,11.6120004653931,941,87.9400024414062,9.55900001525879,37.1049995422363
39.0400009155273,9.90999984741211,7.93200016021729,11.456000328064,911.599975585938,85.6999969482422,9.32499980926514,36.6450004577637
38.3800010681152,9.83199977874756,8.01000022888184,11.6219997406006,919.799987792969,83.8399963378906,9.16399955749512,36.2849998474121
37.0800018310547,9.45400047302246,7.60400009155273,11.2279996871948,908.200012207031,80.9300003051758,8.75800037384033,34.8899993896484
37.1500015258789,9.50300025939941,7.61299991607666,11.0920000076294,913.599975585938,83.120002746582,8.94999980926514,34.8650016784668
38.4799995422363,9.75,7.80999994277954,11.1820001602173,949.799987792969,84.129997253418,9.24899959564209,35.7949981689453
38.0900001525879,9.64400005340576,7.95699977874756,11.3159999847412,961.599975585938,84.1500015258789,9.19099998474121,35.6399993896484
37.8699989318848,9.66899967193604,8.05000019073486,11.46399974823,944.400024414062,84.3199996948242,9.18400001525879,35.6349983215332
39.25,9.86600017547607,8.08100032806396,11.4860000610352,942.400024414062,85.4899978637695,9.44099998474121,36.4599990844727
39.2799987792969,9.80799961090088,7.96199989318848,11.3979997634888,932.200012207031,85.3300018310547,9.4379997253418,36.4500007629395
39.5099983215332,9.91699981689453,8.05500030517578,11.5579996109009,957,85.5999984741211,9.5959997177124,36.7099990844727
40.9500007629395,10.0139999389648,8.01500034332275,11.6000003814697,944,85.5100021362305,9.49300003051758,37.5050010681152
40.6199989318848,10.0240001678467,7.78000020980835,11.2519998550415,931.400024414062,85.6999969482422,9.2209997177124,36.7000007629395
40.5699996948242,9.97200012207031,7.73899984359741,11.3459997177124,938.400024414062,85.7900009155273,9.25899982452393,36.689998626709
41.6199989318848,10.1359996795654,7.69399976730347,11.4820003509521,934.799987792969,85,9.55200004577637,37.689998626709
40.6699981689453,10.1199998855591,7.70300006866455,11.5179996490479,963.200012207031,84.7699966430664,9.43000030517578,37.5900001525879
41.2000007629395,10.1999998092651,7.7519998550415,11.6219997406006,946,85.0899963378906,9.49199962615967,37.6749992370605
41.3499984741211,10.3020000457764,7.75899982452393,11.6499996185303,952,86.9400024414062,9.55300045013428,37.935001373291
41.0400009155273,10.2840003967285,7.7979998588562,11.6540002822876,967.599975585938,85.5599975585938,9.51799964904785,37.814998626709
41.5,10.3500003814697,7.78800010681152,11.6820001602173,983.400024414062,85.9000015258789,9.62100028991699,37.6300010681152
41.8600006103516,10.4160003662109,7.83300018310547,11.8000001907349,978.400024414062,86.9000015258789,9.69999980926514,38.1599998474121
41.0999984741211,10.4779996871948,7.8439998626709,11.793999671936,937,87.2399978637695,9.74400043487549,38.3250007629395
40.4500007629395,10.5179996490479,7.88899993896484,11.9219999313354,967.200012207031,86.5899963378906,9.65499973297119,38.2200012207031
39.7099990844727,10.3719997406006,7.84700012207031,11.9519996643066,958.799987792969,85.2200012207031,9.51799964904785,37.75
39.7900009155273,10.3760004043579,7.77699995040894,11.9499998092651,972,86.1999969482422,9.51700019836426,37.8250007629395
39.2299995422363,10.3660001754761,7.85500001907349,12.1479997634888,995,84.8300018310547,9.58600044250488,37.7249984741211
38.3400001525879,10.076000213623,7.92199993133545,12.1639995574951,1016.5,79.9100036621094,9.28600025177002,36.3050003051758
38.1800003051758,10.0620002746582,8.00100040435791,12.3380002975464,1047,80.5699996948242,9.36200046539307,36.4650001525879
39.4900016784668,10.2340002059937,7.83199977874756,12.3159999847412,1047,81.9000015258789,9.66399955749512,37.0800018310547
39.7299995422363,10.3179998397827,7.78800010681152,12.3739995956421,1048,83.3000030517578,9.72000026702881,37.1599998474121
39.7000007629395,10.3299999237061,7.76100015640259,12.2119998931885,1028,83.5599975585938,9.71500015258789,37.3349990844727
39.4199981689453,10.3059997558594,7.67799997329712,12.0480003356934,1006,83.6100006103516,9.69299983978271,37.310001373291
40.2999992370605,10.4280004501343,7.67899990081787,12.0340003967285,993.799987792969,84.1500015258789,9.9040002822876,37.75
39.939998626709,10.4320001602173,7.7480001449585,12.0799999237061,1001.5,83.5999984741211,9.89599990844727,37.7050018310547
39.7599983215332,10.4540004730225,7.71700000762939,12.1319999694824,1001,83.1399993896484,9.70499992370605,37.3450012207031
39.5999984741211,10.496000289917,7.80399990081787,12.2559995651245,996,81.0699996948242,9.51500034332275,37.0999984741211
40.310001373291,10.6319999694824,7.78800010681152,12.0900001525879,995.200012207031,80.8000030517578,9.74699974060059,37.5800018310547
40.1500015258789,10.5299997329712,7.72200012207031,11.9940004348755,989,82.5100021362305,9.59099960327148,37.2649993896484
39.9735000610352,10.5860004425049,7.71500015258789,12.0559997558594,981.400024414062,81.9599990844727,9.60099983215332,37.6650009155273
40.0900001525879,10.5819997787476,7.59000015258789,11.8879995346069,977.799987792969,81.7099990844727,9.61999988555908,37.6150016784668
39.5299987792969,10.5900001525879,7.51800012588501,12.0279998779297,954.200012207031,82.2399978637695,9.51500034332275,37.2599983215332
39.3499984741211,10.5860004425049,7.53000020980835,12.003999710083,943.400024414062,81.3600006103516,9.36100006103516,36.9449996948242
39.4700012207031,10.543999671936,7.375,11.7580003738403,929.799987792969,81.9700012207031,9.44999980926514,36.6300010681152
40.3199996948242,10.8059997558594,7.49900007247925,11.9720001220703,946.599975585938,83.3899993896484,9.78299999237061,37.75
40.1100006103516,10.9040002822876,7.43499994277954,11.9860000610352,944,83.120002746582,9.84000015258789,37.8450012207031
41.4900016784668,10.9899997711182,7.02500009536743,11.7700004577637,888.599975585938,82.2699966430664,10.0019998550415,38.689998626709
40.8600006103516,11.0240001678467,7.00099992752075,11.7639999389648,895.400024414062,83.379997253418,10.0319995880127,38.7200012207031
40.3600006103516,10.9420003890991,6.95900011062622,11.8339996337891,877,82.3300018310547,10.043999671936,38.3899993896484
39.4900016784668,10.4139995574951,6.84000015258789,11.746000289917,882.599975585938,80,9.97900009155273,37.8450012207031
40.9700012207031,10.6059999465942,6.89900016784668,11.75,897.400024414062,80.8099975585938,10.2419996261597,38.0950012207031
41.2400016784668,10.8859996795654,6.94000005722046,11.6300001144409,910.799987792969,83.1999969482422,10.4720001220703,39.0699996948242
42.2900009155273,10.9020004272461,7.0789999961853,11.7580003738403,917,85.1999969482422,10.6879997253418,39.6300010681152
41.9799995422363,10.9320001602173,7.01800012588501,11.6999998092651,904.400024414062,85.75,10.7200002670288,39.6949996948242
44.1699981689453,11.1859998703003,6.94700002670288,11.8240003585815,890,88.25,10.9659996032715,41.060001373291
44.4700012207031,11.2639999389648,6.83699989318848,11.6899995803833,876.200012207031,88.9700012207031,11.0240001678467,41.5950012207031
44.5699996948242,11.3879995346069,6.79300022125244,11.6180000305176,871.799987792969,89.1600036621094,11.246000289917,41.0349998474121
44.5699996948242,11.5459995269775,6.65100002288818,11.3420000076294,848.799987792969,88.8300018310547,11.2980003356934,41.3349990844727
45.3899993896484,11.4820003509521,6.72900009155273,11.6239995956421,858.599975585938,88.9899978637695,11.3179998397827,41.2750015258789
45.6800003051758,11.6420001983643,6.73799991607666,11.6979999542236,850.200012207031,90.3899993896484,11.6359996795654,42.0900001525879
46.5299987792969,11.8479995727539,6.79300022125244,11.8520002365112,851.400024414062,91.3499984741211,11.6619997024536,43.3499984741211
45.4599990844727,11.6660003662109,6.72800016403198,11.6560001373291,855,90,11.3999996185303,42.7550010681152
46.0299987792969,11.5880002975464,6.90299987792969,11.7040004730225,877,91.4199981689453,11.5,42.6949996948242
46.5699996948242,11.8579998016357,6.91900014877319,11.5979995727539,851.799987792969,93.3300018310547,11.5819997787476,43.3499984741211
47.1199989318848,12.0059995651245,6.7480001449585,11.5699996948242,834,93.7200012207031,11.4580001831055,44.2200012207031
47.0099983215332,11.9739999771118,6.7649998664856,11.5520000457764,855.200012207031,93.0800018310547,11.5299997329712,43.7000007629395
47.4700012207031,11.8219995498657,6.82999992370605,11.6280002593994,884.200012207031,92.8300018310547,11.3879995346069,43.2750015258789
48.0900001525879,11.9799995422363,6.94000005722046,11.543999671936,874.400024414062,94.1500015258789,11.5260000228882,43.7999992370605
48.7099990844727,12.2080001831055,6.91900014877319,11.6540002822876,887.799987792969,94.870002746582,11.5799999237061,44.4550018310547
48.5999984741211,12.2360000610352,6.9060001373291,11.6000003814697,877,94.5,11.5159997940063,44.6500015258789
49.2900009155273,12.1719999313354,7.08099985122681,11.8179998397827,890,95.2799987792969,11.5220003128052,44.8300018310547
49.439998626709,12.3179998397827,7.21000003814697,12.0019998550415,915.400024414062,96.5,11.6899995803833,44.8650016784668
48.8499984741211,12.1339998245239,7.1729998588562,12.0979995727539,914.599975585938,96.9000015258789,11.4519996643066,44.2200012207031
48.689998626709,12.0780000686646,7.1269998550415,12.1619997024536,908,96.3600006103516,11.4659996032715,43.8050003051758
49.060001373291,12.2779998779297,7.06099987030029,12.0860004425049,900.599975585938,97.9800033569336,11.6780004501343,43.9249992370605
48.8600006103516,12.3579998016357,7.14499998092651,12.1920003890991,899.400024414062,98.2099990844727,11.539999961853,43.7449989318848
49.9700012207031,12.2679996490479,7.21600008010864,12.3299999237061,911,97.0400009155273,11.4659996032715,43.6349983215332
47.439998626709,12.1639995574951,7.26999998092651,12.3940000534058,925,96.0199966430664,11.0640001296997,43.2949981689453
45.9199981689453,12.4040002822876,7.23600006103516,12.2959995269775,908,98.9700012207031,11.0559997558594,43.3699989318848
46.1599998474121,12.746000289917,7.28499984741211,12.4020004272461,934,98.6999969482422,11.0179996490479,43.5299987792969
45.4000015258789,12.539999961853,7.23099994659424,12.4899997711182,927.799987792969,97.9800033569336,10.9119997024536,43.6749992370605
44.7900009155273,12.3800001144409,7.25600004196167,12.460000038147,877.799987792969,97.3600006103516,10.7200002670288,42.9099998474121
44.8699989318848,12.5600004196167,7.2519998550415,12.6599998474121,874.599975585938,97.7699966430664,10.7200002670288,43.25
45.7599983215332,12.6719999313354,7.29400014877319,12.710000038147,876.200012207031,99.4300003051758,10.8120002746582,43.4099998474121
45.7900009155273,12.6820001602173,7.19500017166138,12.7379999160767,879.200012207031,99.5599975585938,10.8299999237061,43.5
46.0400009155273,12.6199998855591,7.0939998626709,12.7180004119873,872.400024414062,99,10.8059997558594,43.5349998474121
44.4500007629395,12.6639995574951,7.15999984741211,12.8599996566772,875.400024414062,99.7799987792969,11.0600004196167,43.9150009155273
44.25,12.6459999084473,7.09899997711182,13.1540002822876,887.599975585938,99.8899993896484,11.1499996185303,43.8650016784668
44.1699981689453,12.5120000839233,7.09899997711182,13.1599998474121,902,99.2200012207031,10.8819999694824,43.1749992370605
45.2799987792969,12.5459995269775,7.15000009536743,13.3760004043579,890.799987792969,102.5,10.9340000152588,43.6399993896484
45.5900001525879,12.5979995727539,7.08699989318848,13.4779996871948,880.400024414062,104,10.9820003509521,43.8600006103516
45.3400001525879,12.5920000076294,7.06799983978271,13.4619998931885,867.200012207031,102.959999084473,10.8579998016357,43.5400009155273
45.0699996948242,12.4300003051758,7.04199981689453,13.3500003814697,860.400024414062,100.940002441406,10.6599998474121,43.0699996948242
43.2099990844727,12.1680002212524,6.94999980926514,13.1120004653931,848.400024414062,98.5,10.3739995956421,41.8950004577637
43.1300010681152,12.3280000686646,6.9520001411438,13.039999961853,844.599975585938,101.620002746582,10.53600025177,42.3950004577637
44.0800018310547,12.3800001144409,6.90700006484985,13.0699996948242,831.599975585938,103.080001831055,10.6059999465942,42.8849983215332
44.2400016784668,12.3699998855591,7.04500007629395,13.0640001296997,831.200012207031,104.480003356934,10.5260000228882,43.1150016784668
43.8760000228882,12.2959995269775,7.14900016784668,13.2279996871948,871.799987792969,104.400001525879,10.4779996871948,43.0849990844727
42.0699996948242,11.5299997329712,6.81599998474121,12.7959995269775,867,100.900001525879,9.70800018310547,40.5299987792969
42.4500007629395,11.8000001907349,6.78900003433228,12.8940000534058,846.200012207031,103.080001831055,9.91199970245361,41.2000007629395
42.0400009155273,11.6420001983643,6.70699977874756,12.8100004196167,844.799987792969,98.8499984741211,9.79100036621094,40.6100006103516
41.5900001525879,11.9040002822876,6.75500011444092,13,853.400024414062,101.800003051758,10.0200004577637,41.935001373291
43.8699989318848,11.9399995803833,6.59000015258789,12.8400001525879,816.400024414062,100.980003356934,10.1020002365112,42.0250015258789
43.5800018310547,12.0100002288818,6.52600002288818,12.9759998321533,792.599975585938,101,10.0620002746582,42.3349990844727
44.4900016784668,12.2919998168945,6.72300004959106,13.1099996566772,818,103.180000305176,10.2720003128052,43.439998626709
44.439998626709,12.5679998397827,6.81099987030029,13.1920003890991,844,103.379997253418,10.3959999084473,44.2799987792969
44.5999984741211,12.3900003433228,6.70100021362305,13.1339998245239,835.599975585938,105.419998168945,10.3100004196167,44.2299995422363
44.0299987792969,12.2659997940063,6.7020001411438,13.1660003662109,835.599975585938,104.5,10.1359996795654,43.9550018310547
44.1500015258789,12.206000328064,6.69000005722046,13.0659999847412,825,103.779998779297,10.1000003814697,44.0900001525879
42.8300018310547,12.0200004577637,6.60400009155273,12.9079999923706,819.799987792969,102.680000305176,9.88500022888184,43.4550018310547
42.6800003051758,12.1479997634888,6.62599992752075,12.8780002593994,808.200012207031,103.26000213623,9.99400043487549,43.7299995422363
42.8300018310547,12,6.69700002670288,12.960000038147,814,102.019996643066,9.81999969482422,43.2849998474121
42.8600006103516,12.1979999542236,6.64799976348877,13,831.799987792969,102.559997558594,9.9980001449585,44.6749992370605
42.1100006103516,12.0520000457764,6.74599981307983,12.9580001831055,830,102.019996643066,9.94299983978271,43.6599998474121
41.9300003051758,11.8339996337891,6.65299987792969,12.7580003738403,827.400024414062,100.680000305176,9.84200000762939,43.3650016784668
43.0499992370605,12.1800003051758,6.83500003814697,12.9519996643066,837.400024414062,101.800003051758,10.0799999237061,44.4000015258789
43.5200004577637,12.173999786377,6.87599992752075,12.8620004653931,847.400024414062,102.199996948242,10.1520004272461,44.7099990844727
43.8400001525879,12.2399997711182,6.91599988937378,12.8859996795654,848.799987792969,102.5,10.3739995956421,45.1199989318848
43.9620008468628,12.287578883924,6.87663153598183,12.8680000305176,820.526315789474,104.168420892013,10.3626315468236,44.7750015258789
44.3300018310547,12.293999671936,6.92799997329712,12.9200000762939,828,103.019996643066,10.503999710083,44.9550018310547
44.0200004577637,12.4040002822876,7.03599977493286,13.1239995956421,833.799987792969,104.620002746582,10.5959997177124,45.2550010681152
43.6800003051758,12.2799997329712,7.01000022888184,13.1479997634888,832.799987792969,104.879997253418,10.4779996871948,44.7550010681152
43.4000015258789,12.2200002670288,7.0460000038147,13.0719995498657,835.200012207031,103.980003356934,10.4359998703003,44.9000015258789
43.4000015258789,12.4954788835425,6.94093154857033,13.0139999389648,799.666315179122,106.324421029342,10.6327814930364,44.6300010681152
44.6399993896484,12.4079999923706,7.19500017166138,13.1899995803833,855.799987792969,104.680000305176,10.6479997634888,44.9900016784668
45.9700012207031,12.6099996566772,7.17199993133545,13.3400001525879,817.799987792969,107.519996643066,10.8920001983643,45.3699989318848
45.9900016784668,12.7559995651245,7.11999988555908,13.2799997329712,804.200012207031,108.480003356934,11.1719999313354,45.9150009155273
46.7400016784668,12.6499996185303,6.94899988174438,13.1999998092651,763,108.76000213623,11.1440000534058,45.935001373291
47.2700004577637,12.789999961853,6.90899991989136,13.25,729.599975585938,109.76000213623,10.8319997787476,46.4599990844727
47.0099983215332,12.6840000152588,6.92999982833862,13.3339996337891,738,109.699996948242,10.7799997329712,46.7400016784668
48.4900016784668,12.8100004196167,6.93100023269653,13.5380001068115,732.799987792969,112.199996948242,10.8920001983643,47.5999984741211
49.2999992370605,13.0520000457764,6.92199993133545,13.7559995651245,741.599975585938,111.660003662109,11.0860004425049,49.060001373291
49.2400016784668,13.0240001678467,6.96099996566772,13.8859996795654,744.799987792969,111,11.1999998092651,48.8050003051758
50.0499992370605,13.1599998474121,6.80700016021729,13.8859996795654,724.400024414062,112.860000610352,11.2419996261597,49.5349998474121
48.839500617981,13.2119998931885,6.86299991607666,13.8500003814697,730.799987792969,113.480003356934,11.1440000534058,49.6749992370605
50.9500007629395,13.2700004577637,6.81099987030029,13.753999710083,729,114.180000305176,11.1239995956421,50.4199981689453
50.7999992370605,13.4200000762939,6.81099987030029,13.503999710083,734,114.440002441406,11.1319999694824,51.2599983215332
49.4900016784668,13.289999961853,7.00299978256226,13.7320003509521,767.400024414062,114.800003051758,10.8100004196167,50.6800003051758
48.6500015258789,13.1059999465942,6.90500020980835,13.5459995269775,731.200012207031,112.860000610352,10.6639995574951,49.6199989318848
48,12.6859998703003,6.66499996185303,13.1719999313354,707.599975585938,112.660003662109,10.423999786377,47.9150009155273
49.7400016784668,13.0939998626709,6.66599988937378,13.1300001144409,679,116.879997253418,10.7159996032715,49.1049995422363
50.9099998474121,13.4840002059937,6.71500015258789,13.3739995956421,705,118.699996948242,11.0419998168945,51.0699996948242
51.1100006103516,13.8120002746582,6.85200023651123,13.6719999313354,701.799987792969,120.540000915527,11.246000289917,51.7400016784668
51.0400009155273,13.5740003585815,6.7519998550415,13.5579996109009,676.200012207031,116.379997253418,11.1899995803833,51.2400016784668
51.4000015258789,13.3079996109009,6.7810001373291,13.5539999008179,699,117.040000915527,11.2419996261597,50.2200012207031
52.6800003051758,13.456000328064,6.85400009155273,13.7200002670288,689,119.819999694824,11.3839998245239,51.2999992370605
53.25,13.3559999465942,6.84899997711182,13.8579998016357,718.200012207031,118.819999694824,11.326000213623,50.25
53.9099998474121,13.2880001068115,6.77899980545044,14.0600004196167,701.200012207031,118.080001831055,11.3299999237061,49.7099990844727
55.0999984741211,13.4799995422363,6.63899993896484,14.1040000915527,680,118.419998168945,11.4879999160767,50.9700012207031
55.7099990844727,13.1859998703003,6.43100023269653,14.1079998016357,681.400024414062,121.860000610352,11.5419998168945,51.2299995422363
54.6500015258789,13.03600025177,6.33099985122681,14.2819995880127,658,119.139999389648,11.3959999084473,51.2900009155273
54.7599983215332,13.2519998550415,6.47700023651123,14.3079996109009,690.400024414062,120.440002441406,11.5839996337891,52.4000015258789
54.5200004577637,13.2980003356934,6.43200016021729,14.5679998397827,676,118.680000305176,11.75,51.9300003051758
55.2099990844727,13.5279998779297,6.39400005340576,14.5380001068115,673.799987792969,120.559997558594,11.8680000305176,52.25
54.3800010681152,13.3240003585815,6.32000017166138,14.2980003356934,655.400024414062,120.139999389648,11.6680002212524,51.1300010681152
53.4700012207031,13.1719999313354,6.42899990081787,14.2299995422363,680,118.440002441406,11.6260004043579,51
54.0400009155273,13.3079996109009,6.51000022888184,14.1319999694824,670.400024414062,119,11.9340000152588,51.4199981689453
53.6300010681152,13.3339996337891,6.48199987411499,14.4040002822876,671,117.440002441406,11.8699998855591,50.6500015258789
53.2400016784668,13.4700002670288,6.43499994277954,14.4799995422363,671.799987792969,117.680000305176,11.7340002059937,50.6599998474121
53.2895000457764,13.3140001296997,6.2960000038147,14.2980003356934,657.400024414062,113.199996948242,11.6199998855591,49.939998626709
52.6699981689453,13.4919996261597,6.3439998626709,14.4020004272461,658.799987792969,116.379997253418,11.4680004119873,49.8849983215332
52.6300010681152,13.4259996414185,6.31400012969971,14.3900003433228,665,119.599998474121,11.3660001754761,49.5349998474121
51.5900001525879,13.3620004653931,6.19199991226196,13.7159996032715,770.200012207031,119.099998474121,11.3299999237061,47.6199989318848
54.2099990844727,13.7799997329712,6.54899978637695,14.4160003662109,778.200012207031,124.199996948242,11.5939998626709,48.2700004577637
52.3899993896484,13.8319997787476,6.59899997711182,14.2679996490479,861.200012207031,127.980003356934,11.6260004043579,45.5900001525879
51.7700004577637,14.2519998550415,6.17399978637695,12.3859996795654,812.599975585938,133.639999389648,11.8620004653931,44.3499984741211
54.6199989318848,14.5299997329712,6.17000007629395,12.0780000686646,798,138.740005493164,12.2679996490479,47.9749984741211
51.3499984741211,13.8660001754761,5.95499992370605,11.3219995498657,760.400024414062,140,12.0019998550415,46.1749992370605
49.3899993896484,12.8540000915527,5.67000007629395,10.7320003509521,781.400024414062,144.839996337891,11.4659996032715,44.5
51.560001373291,13.4060001373291,5.56099987030029,10.1000003814697,849.200012207031,148.179992675781,11.9280004501343,44.8899993896484
52.939998626709,13.6700000762939,5.72200012207031,10.4840002059937,898.200012207031,157.460006713867,12.2419996261597,45.7350006103516
51.7099990844727,13.6020002365112,6.03900003433228,11.2480001449585,886.599975585938,149.919998168945,11.8500003814697,46.2249984741211
51.689998626709,13.1040000915527,5.73899984359741,11.0719995498657,855.599975585938,154.720001220703,11.8240003585815,45.7000007629395
50.9300003051758,13.03600025177,5.72800016403198,11.0699996948242,880,157.660003662109,11.6339998245239,45.5900001525879
49.9599990844727,12.9779996871948,5.81899976730347,11.4280004501343,856.400024414062,150.960006713867,11.4540004730225,45.75
50.3499984741211,12.923999786377,5.82600021362305,11.5340003967285,829.599975585938,144.720001220703,11.4680004119873,45.7550010681152
50.2299995422363,12.7700004577637,5.82399988174438,11.7799997329712,804,142.679992675781,11.2279996871948,45.5400009155273
51.8699989318848,13.1099996566772,5.71999979019165,12.0860004425049,818.799987792969,143.539993286133,11.4919996261597,46.0099983215332
51.1599998474121,12.7279996871948,5.76000022888184,12.0719995498657,820,144.339996337891,11.2180004119873,45.5050010681152
53.439998626709,13.0939998626709,5.82399988174438,12.0640001296997,809,150,11.6300001144409,45.7750015258789
53.0699996948242,13.1040000915527,5.82299995422363,12.3100004196167,807.200012207031,149.059997558594,11.6780004501343,45.9799995422363
54.7400016784668,13.2220001220703,5.70900011062622,11.9820003509521,780.799987792969,150.800003051758,12.0699996948242,46.3349990844727
55.0200004577637,13.3140001296997,5.76999998092651,11.8079996109009,761.400024414062,151.600006103516,11.9899997711182,46.685001373291
55.5900001525879,13.46399974823,5.82399988174438,11.7980003356934,786,154.419998168945,12.1639995574951,47.5999984741211
53.9799995422363,13.2720003128052,5.87799978256226,11.826000213623,799.400024414062,151.740005493164,11.9040002822876,46.689998626709
53.4500007629395,13.0959997177124,6.0770001411438,12.0900001525879,799.599975585938,147.220001220703,11.7720003128052,45.810001373291
55.6100006103516,13.3819999694824,6.09700012207031,12.0699996948242,822,147.619995117188,12.0220003128052,46.9650001525879
54.9300003051758,13.293999671936,6.06799983978271,11.9340000152588,849.200012207031,148.639999389648,11.923999786377,46.0299987792969
55.7200012207031,13.4139995574951,6.10400009155273,11.9259996414185,834.799987792969,147.580001831055,11.9449996948242,46.7550010681152
55.8199996948242,13.4420003890991,6.1100001335144,12,829.299987792969,149.339996337891,11.8800001144409,46.6450004577637
54.9099998474121,13.5080003738403,6.23199987411499,11.7840003967285,860.700012207031,149.899993896484,12.1899995803833,46.2999992370605
55.2999992370605,13.3879995346069,6.20800018310547,11.753999710083,858.5,152.339996337891,12.3000001907349,45.6500015258789
55.4199981689453,13.2620000839233,6.16800022125244,11.543999671936,853.099975585938,152.639999389648,12.2200002670288,44.9099998474121
56.0900001525879,13.8179998397827,6.30999994277954,11.6140003204346,857.599975585938,156.759994506836,12.8299999237061,45.6599998474121
55.3199996948242,13.7959995269775,6.28700017929077,11.5200004577637,821,154.139999389648,12.8050003051758,46.625
55.9900016784668,13.8660001754761,6.2480001449585,11.4479999542236,816.099975585938,158.059997558594,13.2349996566772,46.4249992370605
57.0400009155273,14.173999786377,6.19799995422363,11.6120004653931,801.099975585938,157.100006103516,13.5349998474121,46.9850006103516
57.1100006103516,14.1999998092651,6.2020001411438,11.6540002822876,825.184207313939,158.759994506836,13.7700004577637,46.689998626709
57.3300018310547,13.5695999622345,6.1708000421524,11.643199968338,820.224206703588,152.684999847412,13.0527499675751,46.2472499847412
58.0900001525879,14.1499996185303,6.18100023269653,11.6859998703003,813.299987792969,159.380004882812,13.6450004577637,47.3450012207031
57.8699989318848,14.2279996871948,6.16499996185303,12.0059995651245,825.799987792969,159.139999389648,13.6300001144409,47.0349998474121
56.7099990844727,14,6.1100001335144,12.1639995574951,812.700012207031,152,13.6750001907349,47.1500015258789
55.4900016784668,13.5799999237061,6.01300001144409,12.0780000686646,807,150.880004882812,13.1949996948242,45.8699989318848
53.7799987792969,12.9300003051758,6.10300016403198,11.5600004196167,836.599975585938,147.380004882812,12.6049995422363,44.0299987792969
53.0499992370605,12.9580001831055,6.09299993515015,11.4460000991821,813.900024414062,149.199996948242,12.664999961853,44.7550010681152
53.7999992370605,12.9300003051758,6.07299995422363,11.1639995574951,794.900024414062,148.639999389648,12.9099998474121,45.1300010681152
54.9700012207031,13.1579999923706,6.21999979019165,11.3400001525879,800,150.679992675781,13.6300001144409,46.7799987792969
53.4300003051758,13.3900003433228,6.21799993515015,11.3219995498657,792.900024414062,148.820007324219,14.2849998474121,47.2249984741211
53.7299995422363,13.1999998092651,6.1729998588562,11.2419996261597,750,150.960006713867,14.1049995422363,46.9799995422363
55.6399993896484,13.5279998779297,6.24900007247925,11.3479995727539,745,155.020004272461,14.1199998855591,48.7999992370605
56.9700012207031,13.6000003814697,6.19399976730347,11.3879995346069,750,156.320007324219,14.2849998474121,48.8250007629395
56.939998626709,13.5100002288818,6.05499982833862,11.2760000228882,719.200012207031,158.300003051758,14.3999996185303,49.5149993896484
57.7000007629395,13.6040000915527,6.00799989700317,11.1379995346069,734.400024414062,161.679992675781,14.835000038147,50.5999984741211
54.3499984741211,13.0780000686646,5.8730001449585,11.0059995651245,692.799987792969,151.419998168945,13.5699996948242,48.1349983215332
54.939998626709,13.2580003738403,5.84200000762939,10.9899997711182,709.599975585938,151.080001831055,13.6450004577637,48.1450004577637
55.8699989318848,13.6199998855591,5.98000001907349,11.289999961853,713,155.240005493164,14.2550001144409,50.3499984741211
55.2200012207031,13.3559999465942,5.83799982070923,11.0819997787476,694.5,155.619995117188,13.9899997711182,49.3699989318848
56.7000007629395,13.6400003433228,5.93699979782104,11.3599996566772,739.811109754774,162.020004272461,14.2550001144409,51.0800018310547
58.060001373291,13.826000213623,5.98699998855591,11.6319999694824,719.400024414062,165.460006713867,14.1199998855591,51.7099990844727
58.5400009155273,13.9320001602173,6.01000022888184,12.2519998550415,724.599975585938,165.619995117188,14.5649995803833,52.3300018310547
58.4199981689453,13.8319997787476,5.93800020217896,12.3640003204346,723,160.800003051758,14.6800003051758,52.1800003051758
58.5499992370605,13.78600025177,5.93599987030029,12.4739999771118,751,155.800003051758,14.4399995803833,51.5299987792969
58.3400001525879,13.8900003433228,6.1230001449585,12.6420001983643,774.5,160.279998779297,14.4099998474121,51.7099990844727
60.0099983215332,13.71399974823,6.13299989700317,12.8640003204346,773.799987792969,160.740005493164,14.6599998474121,53.2900009155273
59.939998626709,13.6099996566772,6.03900003433228,12.5959997177124,761.799987792969,160.539993286133,14.7049999237061,52.4500007629395
60.3600006103516,14.1199998855591,6.13199996948242,12.7819995880127,787.099975585938,164.320007324219,15.0200004577637,53.9500007629395
60.1199989318848,14.246000289917,6.18400001525879,12.7419996261597,757.050615852262,164.720001220703,14.9549999237061,55.1199989318848
60.0200004577637,14.1920003890991,6.18599987030029,12.6999998092651,760.271669126316,166,14.9899997711182,54.8800010681152
59.3299997329712,14.1999998092651,6.16200017929077,12.5539999008179,782.900024414062,167.5,14.8450002670288,55.1800003051758
59.2200012207031,14.1979999542236,6.04400014877319,12.496000289917,784.200012207031,163.820007324219,14.9949998855591,55.5900001525879
59.7299995422363,14.0979995727539,5.92399978637695,12.4799995422363,767.200012207031,166.440002441406,14.8549995422363,54.1199989318848
59.2400016784668,14.0719995498657,5.9539999961853,12.4300003051758,760.700012207031,164.259994506836,14.960000038147,54.1699981689453
59.6599998474121,14.2580003738403,5.90500020980835,12.4739999771118,763,165.399993896484,15.1599998474121,54.4799995422363
60.1199989318848,14.4320001602173,6.02899980545044,12.6020002365112,749.226111807523,165.399993896484,15.414999961853,55.4900016784668
61.5499992370605,14.4280004501343,5.98799991607666,12.5979995727539,782.099975585938,168.300003051758,15.9499998092651,55.7099990844727
61.2900009155273,14.3920001983643,5.84600019454956,12.4739999771118,780,169.220001220703,16.1200008392334,56.5200004577637
59.5299987792969,14.0260000228882,5.72900009155273,12.460000038147,757.299987792969,168.720001220703,15.7150001525879,55.7099990844727
57.9799995422363,13.2399997711182,5.48099994659424,12.2580003738403,755.700012207031,167.960006713867,15.4849996566772,54.5
55.9199981689453,12.9779996871948,5.38800001144409,12.1000003814697,722.599975585938,162.779998779297,15.1899995803833,53.3499984741211
54.939998626709,13.1700000762939,5.33300018310547,11.9580001831055,693.700012207031,164.259994506836,15.3450002670288,54.0800018310547
54.9599990844727,13.253999710083,5.55600023269653,12.2119998931885,699.099975585938,157.720001220703,14.9949998855591,53.5299987792969
52.4000015258789,12.6059999465942,5.40000009536743,11.3219995498657,687,148.460006713867,14.3999996185303,51.9700012207031
49.9300003051758,12.0100002288818,5.44199991226196,11.253999710083,690,139.699996948242,13.7399997711182,49.3400001525879
54.4084209642912,12.043999671936,5.48899984359741,11.5139999389648,719,140.720001220703,13.9799995422363,50.25
52.4500007629395,12.0799999237061,5.46500015258789,11.4619998931885,721.099975585938,144.199996948242,14.2700004577637,50.5
50.8300018310547,11.6599998474121,5.35099983215332,11.5579996109009,703,139.860000610352,13.6599998474121,49.0449981689453
49.1699981689453,11.4300003051758,5.42199993133545,11.4420003890991,704.900024414062,134.600006103516,13.5799999237061,48.0950012207031
50.9099998474121,11.6660003662109,5.51300001144409,11.3459997177124,734.599975585938,138,13.75,49.5550003051758
51.8400001525879,11.4300003051758,5.40899991989136,11.3680000305176,732.700012207031,139.600006103516,13.8050003051758,50
53.1500015258789,11.5,5.47599983215332,11.4879999160767,747.700012207031,142.199996948242,14.2150001525879,50.6500015258789
52.5999984741211,11.6020002365112,5.40199995040894,11.3900003433228,733,140.960006713867,14.1899995803833,50.9599990844727
52.2900009155273,11.3280000686646,5.21999979019165,10.9659996032715,741.900024414062,138.5,14.0500001907349,50.3699989318848
51.9000015258789,11.2279996871948,5.31300020217896,11.1940002441406,795.400024414062,139.600006103516,13.4799995422363,50.1500015258789
50.0069210253264,11.4980001449585,5.2810001373291,10.9879999160767,776.099975585938,143.380004882812,13.8299999237061,52.4300003051758
48.5999984741211,10.8319997787476,5.0770001411438,10.5539999008179,783,137.479995727539,12.7200002670288,49.064998626709
48.0099983215332,10.7559995651245,5.17600011825562,10.3839998245239,799.400024414062,137.020004272461,12.5349998474121,47.6399993896484
48.9500007629395,11.0459995269775,5.26300001144409,10.6280002593994,819.599975585938,141.860000610352,13.1400003433228,49.375
49.0499992370605,11.2259998321533,5.2519998550415,10.8339996337891,804.700012207031,141.259994506836,12.9799995422363,49.2700004577637
48.3400001525879,11.1999998092651,5.24200010299683,10.7819995880127,832.799987792969,139.919998168945,12.9099998474121,48.9199981689453
47.689998626709,11.1379995346069,5.17799997329712,10.8520002365112,830.5,137.919998168945,12.1700000762939,48.2649993896484
47.7799987792969,11.1160001754761,5.1269998550415,10.8620004653931,821.599975585938,138.059997558594,12.1599998474121,48.3450012207031
46.1399993896484,10.6440000534058,4.83500003814697,10.8739995956421,806.599975585938,134.660003662109,11.8000001907349,46.0900001525879
47.4700012207031,10.8380002975464,5,11.0319995880127,809.799987792969,136.100006103516,11.8850002288818,47.5349998474121
48.560001373291,11.0139999389648,4.90899991989136,11.1979999542236,830.900024414062,138.220001220703,12.0600004196167,48.6450004577637
49.5299987792969,11.3039999008179,4.97349977493286,11.5059995651245,815,139.839996337891,12.1099996566772,49.0999984741211
49.2999992370605,11.173999786377,4.81799983978271,11.4700002670288,806,142.899993896484,12.0900001525879,49.2000007629395
48.9799995422363,11,4.7480001449585,11.4219999313354,792.799987792969,142,11.7799997329712,47.8849983215332
48.7900009155273,10.9700002670288,4.72399997711182,11.4160003662109,822,142.220001220703,12.0299997329712,48.5400009155273
50.189998626709,11.0620002746582,4.75,11.6400003433228,796.299987792969,145.119995117188,12.2399997711182,49.0999984741211
50.060001373291,11.0200004577637,4.7354998588562,11.4899997711182,804.299987792969,146.039993286133,12.3649997711182,49.2000007629395
51.4199981689453,11.1999998092651,4.73099994659424,11.75,799.700012207031,146.020004272461,12.5249996185303,49.7449989318848
51.4900016784668,11.0920000076294,4.79349994659424,12.0459995269775,853,148.5,11.914999961853,48.0900001525879
53.3800010681152,11.7159996032715,4.90899991989136,12.0600004196167,845.599975585938,160.479995727539,12.125,49.7599983215332
52.3600006103516,11.7019996643066,4.95300006866455,12.4180002212524,850,157.600006103516,11.8500003814697,48.9500007629395
52.7200012207031,11.4440002441406,4.86399984359741,12.5059995651245,848,157.100006103516,11.875,48.2400016784668
52.3600006103516,11.3999996185303,4.875,12.3699998855591,832.599975585938,153.059997558594,11.9250001907349,48.6450004577637
51.0900001525879,11.3900003433228,4.91300010681152,12.4200000762939,842.799987792969,150,11.7849998474121,48.6399993896484
51.8899993896484,11.456000328064,4.95100021362305,12.4519996643066,825.200012207031,151.399993896484,11.835000038147,48.8899993896484
51.9700012207031,11.4460000991821,5.03200006484985,12.5620002746582,834,151.320007324219,12,49.8199996948242
52.5200004577637,11.4919996261597,5.00799989700317,12.6040000915527,843,152.020004272461,12.4250001907349,50.8499984741211
53.1300010681152,11.423999786377,4.98750019073486,12.746000289917,852,151.559997558594,12.2650003433228,50.5400009155273
53.9300003051758,11.5900001525879,5,12.8059997558594,786.200012207031,155.360000610352,12.5299997329712,52
54.2900009155273,11.6300001144409,5.03499984741211,12.8999996185303,773.700012207031,154.259994506836,12.6499996185303,51.9300003051758
53.0299987792969,11.7946000099182,4.96572504043579,12.8459997177124,801.900024414062,152.380004882812,12.3500003814697,50.7099990844727
52.7400016784668,11.5780000686646,5.10200023651123,12.9759998321533,802,153.960006713867,12.6149997711182,51.5
52.9099998474121,11.6920003890991,5.09700012207031,12.9499998092651,803.5,154.139999389648,12.6599998474121,51.5400009155273
53.689998626709,11.9340000152588,5.09200000762939,12.9219999313354,787,157.539993286133,12.9949998855591,52.7999992370605
52.8600006103516,11.7700004577637,5.00299978256226,12.9379997253418,784.5,158.020004272461,13.0749998092651,52.689998626709
52.8499984741211,11.960000038147,4.93499994277954,12.9139995574951,773.5,157,13.210000038147,53.0400009155273
55.0499992370605,12.4079999923706,4.94000005722046,12.9300003051758,765,162,13.6899995803833,54.7599983215332
54.439998626709,12.253999710083,4.94500017166138,12.9460000991821,767,161.779998779297,13.2550001144409,53.6399993896484
54.7400016784668,12.5059995651245,4.94600009918213,12.9119997024536,790,164.119995117188,13.4049997329712,54.0400009155273
54.8800010681152,12.3159999847412,4.83249998092651,12.7519998550415,769.799987792969,164.259994506836,13.4300003051758,53.9599990844727
55.6599998474121,12.5,4.80350017547607,12.1999998092651,743.200012207031,165.919998168945,13.6300001144409,54.4000015258789
54.4000015258789,12.2360000610352,4.81349992752075,12.1180000305176,747.400024414062,160.539993286133,13.1949996948242,52.4300003051758
52.9799995422363,11.8079996109009,4.69549989700317,11.8680000305176,726.900024414062,158.820007324219,12.9849996566772,50.689998626709
52.4000015258789,11.7259998321533,4.64249992370605,11.8159999847412,716.299987792969,157,12.8850002288818,50.2099990844727
53.2299995422363,12.0860004425049,4.75449991226196,12.1719999313354,726.099975585938,158.559997558594,13.3800001144409,51.560001373291
53.5454999923706,12.289999961853,4.69999980926514,12.2340002059937,726,162.880004882812,13.6850004196167,53.1800003051758
52.7999992370605,11.9519996643066,4.67749977111816,12.1260004043579,698,161.479995727539,13.4750003814697,51.7099990844727
52.189998626709,11.6180000305176,4.74900007247925,12.7239999771118,725.900024414062,155.220001220703,12.9300003051758,49.7949981689453
52.1599998474121,11.5819997787476,4.80600023269653,12.7580003738403,734.299987792969,155.860000610352,12.8249998092651,49.2000007629395
53.6500015258789,11.6820001602173,4.85500001907349,12.7760000228882,727.400024414062,157.600006103516,13.1099996566772,49.8349990844727
53.9700012207031,11.9440002441406,4.99149990081787,12.8900003433228,727.400024414062,160.080001831055,13.1499996185303,50.5999984741211
53.1699981689453,11.8360004425049,4.94899988174438,13.2639999389648,725,161.720001220703,12.8999996185303,50.0200004577637
54.2099990844727,11.8100004196167,4.92000007629395,13.076000213623,732.099975585938,162.179992675781,12.8500003814697,51.2599983215332
53.0999984741211,11.539999961853,4.89699983596802,12.9420003890991,707.099975585938,162.020004272461,12.3299999237061,50.0299987792969
52.5400009155273,11.4440002441406,4.91949987411499,12.8439998626709,708.400024414062,156.979995727539,11.960000038147,49.7750015258789
52.4900016784668,11.2239999771118,4.93050003051758,12.8800001144409,695.799987792969,155.419998168945,12.085000038147,49.2999992370605
52.8499984741211,11.1400003433228,4.84049987792969,12.6020002365112,684.299987792969,155.600006103516,11.9499998092651,48.8699989318848
52.3300018310547,11.3400001525879,4.84950017929077,12.8159999847412,711.599975585938,160,11.8800001144409,48.9249992370605
52.3400001525879,11.3400001525879,4.83449983596802,12.6879997253418,681.200012207031,158.039993286133,12,48.9150009155273
48.1100006103516,10.8020000457764,4.64400005340576,12.496000289917,673.200012207031,151.320007324219,11.3599996566772,46.5099983215332
46.7999992370605,10.7340002059937,4.5475001335144,12.0659999847412,652.099975585938,149.080001831055,11.3299999237061,47.0250015258789
48.0699996948242,10.7519998550415,4.30200004577637,12,632.200012207031,146.679992675781,11.6000003814697,47.8450012207031
49.6100006103516,10.78600025177,4.31899976730347,12.0620002746582,633.599975585938,149.100006103516,11.8000001907349,47.1599998474121
50.0800018310547,10.8020000457764,4.2480001449585,11.8739995956421,600.299987792969,147.399993896484,11.7349996566772,47.3050003051758
49.7599983215332,10.9099998474121,4.22399997711182,11.8420000076294,607.5,148.080001831055,11.8050003051758,48.2750015258789
52.3300018310547,11.2419996261597,4.35699987411499,12.1079998016357,649.200012207031,150.020004272461,12.2049999237061,49.7599983215332
53.6800003051758,11.539999961853,4.46350002288818,12.3179998397827,637.200012207031,155.740005493164,12.4099998474121,51.310001373291
54.0200004577637,11.7239999771118,4.32149982452393,12.2299995422363,619.599975585938,159.360000610352,12.7299995422363,51.8699989318848
51.6699981689453,11.7299995422363,4.17000007629395,11.9499998092651,614,162.679992675781,12.5749998092651,51.2700004577637
51.9700012207031,11.8400001525879,4.12150001525879,11.9540004730225,592.099975585938,167.479995727539,12.6899995803833,52.5999984741211
51.1599998474121,11.7819995880127,4.18900012969971,11.7200002670288,587,163.759994506836,12.4499998092651,51.5
50.1800003051758,11.5699996948242,4.07600021362305,11.5719995498657,580.400024414062,159.639999389648,12.1750001907349,50.439998626709
50.3199996948242,11.3959999084473,4.00299978256226,11.53600025177,583.299987792969,163.539993286133,12.1199998855591,49.7550010681152
52.189998626709,11.6879997253418,4.07200002670288,11.75,575.099975585938,164.240005493164,12.664999961853,51.2999992370605
50.5299987792969,11.7819995880127,4.11299991607666,11.9440002441406,591.799987792969,169.380004882812,12.5100002288818,52.2000007629395
51.4099998474121,11.8640003204346,4.21500015258789,12.1440000534058,599.200012207031,164.880004882812,12.7449998855591,52.9900016784668
51.439998626709,11.7299995422363,4.25799989700317,12.1440000534058,604.599975585938,163.360000610352,12.6499996185303,52.1199989318848
51.7400016784668,11.8660001754761,4.28350019454956,12.2580003738403,594.5,172.600006103516,12.9300003051758,52.6100006103516
52.0200004577637,12.0939998626709,4.24100017547607,12.2379999160767,589.900024414062,173.619995117188,13.1800003051758,52.9599990844727
52.9900016784668,12.0579996109009,4.19449996948242,12.2200002670288,574.599975585938,174.479995727539,13.2200002670288,52.9700012207031
52.939998626709,12.3540000915527,4.29349994659424,12.6820001602173,600,175.419998168945,13.3000001907349,53.5
52.810001373291,12.3219995498657,4.37900018692017,13.0419998168945,626.700012207031,174.720001220703,13.0950002670288,53.25
53.310001373291,12.4840002059937,4.38500022888184,12.9899997711182,640.700012207031,176.619995117188,13.1850004196167,52.9199981689453
56.0099983215332,12.9180002212524,4.52199983596802,13.0299997329712,639,180.699996948242,13.8400001525879,54.4799995422363
56.1800003051758,13.1359996795654,4.47200012207031,13.0959997177124,629.700012207031,180.800003051758,13.7799997329712,54.5900001525879
55.6300010681152,13.253999710083,4.51900005340576,13.1540002822876,621.400024414062,183.399993896484,13.7449998855591,55.0999984741211
55.8400001525879,13.46399974823,4.53950023651123,13.3959999084473,622.099975585938,187.160003662109,14.0150003433228,56.5
54.9099998474121,13.5299997329712,4.59250020980835,13.3020000457764,620.200012207031,181.899993896484,13.835000038147,56.2299995422363
55.7299995422363,13.7200002670288,4.57399988174438,13.3100004196167,625.200012207031,186.5,14.0349998474121,56.8800010681152
57.060001373291,14.0100002288818,4.67950010299683,13.5380001068115,621.200012207031,184.639999389648,14.2950000762939,57.7599983215332
56.8600006103516,14.2679996490479,4.73750019073486,13.4840002059937,637.400024414062,185.5,14.3000001907349,58.1599998474121
56.2099990844727,14.21399974823,4.78399991989136,13.4099998474121,647.700012207031,183.880004882812,14.0950002670288,57.1399993896484
53.1100006103516,14.0220003128052,4.81899976730347,13.3719997406006,642.5,177,13.9399995803833,56.7099990844727
53.8800010681152,14.0699996948242,5.01000022888184,13.8999996185303,687.799987792969,177.259994506836,13.6499996185303,56.5200004577637
55.7700004577637,14.2779998779297,5.0479998588562,13.9899997711182,666.799987792969,180,13.7600002288818,57.0299987792969
54.6599998474121,14.4739999771118,5.0789999961853,14.2419996261597,650.400024414062,182.860000610352,13.8450002670288,56.9199981689453
56.2799987792969,14.4759998321533,5.1100001335144,14.3599996566772,660,179.059997558594,14.0349998474121,57.7799987792969
55.8199996948242,14.3579998016357,5.13899993896484,14.2639999389648,645.5,178.520004272461,14.1000003814697,58.2400016784668
56.689998626709,14.0860004425049,5,14.326000213623,636.099975585938,175.759994506836,13.8299999237061,57.4300003051758
55.939998626709,14.1879997253418,5.15700006484985,14.3800001144409,637.700012207031,176.080001831055,13.7950000762939,57.4000015258789
54.689998626709,13.4440002441406,5.08500003814697,14.5100002288818,630.299987792969,177.020004272461,13.4049997329712,55.6300010681152
56.8199996948242,14.0520000457764,5.1100001335144,14.4879999160767,628.299987792969,177.039993286133,14.3199996948242,58.0699996948242
56.8300018310547,14.1199998855591,5.06300020217896,14.3900003433228,626.5,177.639999389648,14.2950000762939,57.6100006103516
56.4784999847412,14.1840000152588,5.15299987792969,14.4499998092651,633.099975585938,176.5,14.4549999237061,57.8199996948242
56.8199996948242,14.2980003356934,5.15500020980835,14.4280004501343,632,176.5,14.6700000762939,58.439998626709
56.4900016784668,14.0179996490479,5.07000017166138,14.3719997406006,610.099975585938,172.580001831055,14.3900003433228,57.7400016784668
57.6199989318848,14.1960000991821,5.10599994659424,14.3599996566772,604.200012207031,175.220001220703,14.6350002288818,58.939998626709
58.4700012207031,14.3240003585815,5.13399982452393,14.5200004577637,620.5,175.960006713867,14.8000001907349,60.310001373291
58.0499992370605,14.0900001525879,5.25,14.4860000610352,663.5,175.440002441406,14.8149995803833,59.2700004577637
57.7200012207031,13.8920001983643,5.26700019836426,14.4540004730225,648,172.979995727539,14.6199998855591,58.8899993896484
57.4000015258789,13.8339996337891,5.27799987792969,14.4379997253418,657.900024414062,169,14.6149997711182,58.7599983215332
56.6800003051758,13.6420001983643,5.20599985122681,14.496000289917,666.900024414062,164.600006103516,14.5200004577637,57.7200012207031
56.3499984741211,13.4359998703003,5.22399997711182,14.4899997711182,655.200012207031,163.100006103516,14.1300001144409,56.5400009155273
56.5900001525879,13.5240001678467,5.17399978637695,14.2919998168945,642,164.479995727539,14.1850004196167,56.810001373291
55.6100006103516,13.5260000228882,5.22200012207031,14.3839998245239,639.200012207031,160.440002441406,14.1499996185303,56.2900009155273
56.3600006103516,13.6079998016357,5.19799995422363,14.3940000534058,643.700012207031,161.300003051758,14.1800003051758,56.6199989318848
57.3800010681152,13.8140001296997,5.2480001449585,14.3520002365112,660.099975585938,161.539993286133,14.3299999237061,57.8899993896484
56.7599983215332,13.6099996566772,5.2519998550415,14.3459997177124,663.599975585938,162,14.3450002670288,57.4799995422363
56.1500015258789,13.0500001907349,5.05499982833862,13.9879999160767,652,159.320007324219,14.2200002670288,56.4300003051758
54.9599990844727,12.8999996185303,5.05000019073486,13.8920001983643,619.299987792969,159.059997558594,13.9899997711182,55.6599998474121
55.5200004577637,12.9899997711182,5.0460000038147,13.9540004730225,628,160.100006103516,14.2200002670288,56.6500015258789
56.1300010681152,13,5.04699993133545,13.4940004348755,625,160.580001831055,14.4300003051758,57.2999992370605
57.5999984741211,13.4619998931885,5.13000011444092,13.7159996032715,626.599975585938,165.399993896484,14.7449998855591,58.9900016784668
56.7400016784668,13.3760004043579,5.07399988174438,13.6140003204346,631.900024414062,160,14.7700004577637,59
57.7799987792969,13.4759998321533,5.10099983215332,13.5819997787476,624,162.860000610352,14.8199996948242,59.2099990844727
57.8699989318848,13.5459995269775,5.07800006866455,13.6180000305176,625,168.740005493164,15.0500001907349,59.6300010681152
56.560001373291,13.5080003738403,5.04899978637695,13.4139995574951,622.5,166.380004882812,14.9499998092651,59.3699989318848
56.6699981689453,13.5920000076294,5.10099983215332,13.5319995880127,632.700012207031,167.559997558594,14.9849996566772,59.3800010681152
56.9500007629395,13.28600025177,5.03000020980835,13.3879995346069,631.299987792969,166.220001220703,14.8500003814697,58.6500015258789
