"KER.PA.Close","CPRI.Close","RMS.PA.Close","MC.PA.Close","CFR.SW.Close","ADS.DE.Close","NKE.DE.Close","PUM.DE.Close"
598,38.2799987792969,671,419.149993896484,76.4740013122559,291.549987792969,90.5400009155273,67.1999969482422
600.900024414062,37.3800010681152,675.400024414062,419.100006103516,76.5800018310547,291.950012207031,91.0100021362305,68.1999969482422
590.799987792969,37.0699996948242,669.799987792969,415.149993896484,75.2600021362305,289.649993896484,90.7200012207031,70.0999984741211
596.299987792969,37.5800018310547,678.200012207031,416,76.5800018310547,294.75,91.9599990844727,71.5
597.299987792969,38.0099983215332,684.200012207031,418.799987792969,76.5999984741211,302.850006103516,91.4499969482422,72.1999969482422
595.900024414062,36.7200012207031,687,424.5,76.4000015258789,310,92.1399993896484,72.8000030517578
592.099975585938,35.8400001525879,689,423.649993896484,76,309.049987792969,91.2600021362305,72.3499984741211
593.799987792969,36.3400001525879,689.599975585938,426.75,75.5599975585938,309.149993896484,91.1800003051758,73.4000015258789
592.099975585938,36,699.599975585938,431,76.4400024414062,313.25,92.7200012207031,75.4000015258789
594.599975585938,35.8499984741211,708.599975585938,431.450012207031,78.1600036621094,316.049987792969,92.3099975585938,76
605.099975585938,37.310001373291,712,431.899993896484,77.1600036621094,313.899993896484,92.9400024414062,76.3000030517578
610.200012207031,36.7900009155273,725.599975585938,439.049987792969,80.9400024414062,311.649993896484,93.8499984741211,76.0999984741211
599,35.0864996910095,717,429.75,78.2200012207031,310.25,95,76.4000015258789
586.599975585938,36.6699981689453,709.200012207031,424.950012207031,76.7600021362305,311.5,93.9700012207031,77.0999984741211
592.200012207031,36.4199981689453,711.200012207031,423.450012207031,76.6800003051758,315.049987792969,95.0199966430664,78.4000015258789
573.400024414062,36.5,704.200012207031,411.950012207031,74.9000015258789,310.600006103516,93.5699996948242,77.1500015258789
573.299987792969,35.3800010681152,711,416.299987792969,75.7200012207031,313,93.0500030517578,78.0999984741211
552.599975585938,33.3899993896484,680.400024414062,401,73.6600036621094,300,90.9199981689453,75.5
561.799987792969,32.689998626709,686.599975585938,412,74.2399978637695,301.950012207031,91.4499969482422,75.3000030517578
568,32.0099983215332,690,407.600006103516,73.4400024414062,296.299987792969,91.1100006103516,74.3499984741211
561.200012207031,31.3799991607666,677.400024414062,398.899993896484,72.0800018310547,292.899993896484,89.0400009155273,73.5500030517578
555,29.9599990844727,676.599975585938,395.299987792969,70.6399993896484,285.799987792969,87.7200012207031,72.4000015258789
554.099975585938,29.8199996948242,678.799987792969,396.75,70.9400024414062,285,91.0800018310547,71.6500015258789
569,30.7600002288818,692,410.600006103516,73.0400009155273,291.399993896484,92.3600006103516,73.9000015258789
573.599975585938,33.310001373291,700.200012207031,415,74.1399993896484,290.450012207031,91.0999984741211,73.4000015258789
572,31.3400001525879,693,418.049987792969,74.4599990844727,289.600006103516,91.4300003051758,71.9000015258789
565.700012207031,30.5,695.400024414062,413.950012207031,73.5400009155273,289.100006103516,90.7600021362305,70.9000015258789
562.5,30.0699996948242,696,413.549987792969,74,286.049987792969,91.2099990844727,71.3000030517578
562.700012207031,30.3099994659424,696.400024414062,412.350006103516,73.8199996948242,286.799987792969,91.3399963378906,70.75
598,30.8500003814697,709.400024414062,424.700012207031,74.9400024414062,290.700012207031,93.6999969482422,72.25
596.400024414062,29.7000007629395,711,421.549987792969,74.6600036621094,287.700012207031,95.5599975585938,72.8499984741211
579.400024414062,28.6200008392334,705,414.950012207031,74.4800033569336,288.399993896484,94.8199996948242,71.9499969482422
580,28.5230001449585,709.400024414062,414.399993896484,74.1800003051758,291.450012207031,96.0999984741211,72.4000015258789
569.700012207031,28.1900005340576,700,408.850006103516,72.3000030517578,285.450012207031,94.2399978637695,71.9499969482422
587,27.6499996185303,712.799987792969,419.049987792969,72.9199981689453,292.700012207031,95.6399993896484,80.0999984741211
566.5,28.8600006103516,699.799987792969,409.799987792969,72.2200012207031,285,93.4800033569336,80.4499969482422
561.599975585938,27.6599998474121,694.599975585938,404.5,72.0999984741211,282.450012207031,92.25,79.75
535.099975585938,26.5400009155273,670.400024414062,385.649993896484,70.0999984741211,265.049987792969,88.9100036621094,75
524.5,25.6499996185303,664.200012207031,380.049987792969,68.7600021362305,264.649993896484,87.1600036621094,74.5500030517578
530,24.7399997711182,666,385.25,68.8199996948242,262.5,86.7300033569336,74.4499969482422
511.700012207031,24.6399993896484,641,369.850006103516,66.0199966430664,257.149993896484,82.4300003051758,70.9000015258789
505.799987792969,25.8199996948242,630,370.850006103516,65.4000015258789,250.550003051758,78.870002746582,69.1999969482422
504.600006103516,25.4300003051758,634.799987792969,376.100006103516,64.379997253418,246.600006103516,80.879997253418,68.0500030517578
512,24.3999996185303,642.799987792969,377.350006103516,65.1399993896484,251,83.0999984741211,70.4000015258789
513.599975585938,25.1399993896484,653,385.200012207031,65.879997253418,252.399993896484,82.1699981689453,70.5500030517578
501.5,23.3600006103516,646.599975585938,374.549987792969,64.3600006103516,249.100006103516,81.5999984741211,67.0500030517578
483.5,22.9300003051758,634,360.350006103516,62.7999992370605,241.050003051758,78,64.25
457.049987792969,20.2099990844727,605.599975585938,338,59.9599990844727,227.300003051758,74.2600021362305,59.5
449.950012207031,20.8700008392334,595.799987792969,334.799987792969,60,221,74.0500030517578,58.6500015258789
438.5,18.8299999237061,594.599975585938,330.149993896484,58.2200012207031,200.800003051758,73.4800033569336,56
384.5,14.3400001525879,560,301.5,50.3600006103516,173.880004882812,66.5599975585938,48.1399993896484
405,13.9300003051758,572.799987792969,314.899993896484,52.3199996948242,171.940002441406,66.8600006103516,48.5
377.600006103516,9.65999984741211,548.200012207031,297.600006103516,49.4000015258789,175.699996948242,63.9599990844727,49.7999992370605
391.049987792969,8.14999961853027,558.599975585938,311.25,51.1800003051758,173,64.8199996948242,48.4000015258789
357.600006103516,7.51999998092651,525,287.950012207031,51.3199996948242,166.919998168945,58.3600006103516,42.1399993896484
380.299987792969,10.0200004577637,560,294.950012207031,52.2999992370605,177.080001831055,63.939998626709,43.4799995422363
419.700012207031,9.86999988555908,606.200012207031,311,53.5200004577637,191.5,66.2699966430664,46.8600006103516
405.950012207031,9.22000026702881,603.400024414062,311.399993896484,51.2200012207031,180.619995117188,58.5,44.3199996948242
448.350006103516,11.1099996566772,641.200012207031,339.149993896484,54.5,195.320007324219,65.1999969482422,49.7400016784668
472.100006103516,12.8900003433228,656.200012207031,363.5,55.0800018310547,211,74.0899963378906,56.4000015258789
492.350006103516,13.4399995803833,671.400024414062,363.700012207031,55.1199989318848,214.600006103516,77.3300018310547,57.1500015258789
479.5,11.6700000762939,645,341.649993896484,52.9000015258789,208.949996948242,75.1399993896484,55.9500007629395
481.5,11.25,639.799987792969,350,52.0999984741211,206.800003051758,77.4300003051758,54.1500015258789
475.899993896484,10.789999961853,628.799987792969,338.450012207031,53.060001373291,205.899993896484,77.1600036621094,54.4000015258789
455,8.90999984741211,592,324.649993896484,50.4000015258789,199.850006103516,73.7099990844727,52.6800003051758
455.600006103516,8.13000011444092,598.599975585938,325.350006103516,50.8199996948242,197.75,73.0100021362305,51.3600006103516
452.700012207031,8.52999973297119,604.799987792969,325.049987792969,49.9599990844727,188.550003051758,72.6500015258789,47.689998626709
468.399993896484,10.7399997711182,604.799987792969,339.75,52.4199981689453,200.100006103516,76.8099975585938,50.5999984741211
477,12.789999961853,617.200012207031,344.5,55.2400016784668,207.899993896484,79.1399993896484,53.5
475.350006103516,13.789999961853,636,343.200012207031,54.4199981689453,216,78.870002746582,54.3600006103516
473.700012207031,13.3800001144409,641.799987792969,347.399993896484,54.439998626709,224.300003051758,79.25,57.5
473.507501220703,13.0299997329712,650.409991455078,343.957501220703,53.2670001983643,209.294999694824,78.4185001373291,54.3694999694824
483.75,14.4099998474121,672.799987792969,352,55.5800018310547,224.899993896484,78.120002746582,58.5
475,13.3599996566772,675.599975585938,342,53.5400009155273,214.300003051758,76.4199981689453,56.4599990844727
477.25,12.2399997711182,668.599975585938,342.799987792969,53.8199996948242,211.699996948242,79.879997253418,55.2799987792969
503.399993896484,12.9300003051758,684.799987792969,358,55.1399993896484,218.699996948242,82.1399993896484,57.5400009155273
508.899993896484,12.1999998092651,694.799987792969,360.450012207031,55.5200004577637,221.600006103516,82.370002746582,57.1199989318848
489,11.4799995422363,669.200012207031,350,53.4000015258789,211.199996948242,78.6500015258789,54.2000007629395
464.950012207031,11.1199998855591,672.599975585938,353.450012207031,52.6599998474121,206.800003051758,81.5899963378906,53.7999992370605
457.049987792969,11.7399997711182,701,348.649993896484,53.3400001525879,208.399993896484,82.2799987792969,54.0200004577637
451.350006103516,12.5,674.400024414062,340.850006103516,52.2400016784668,205.399993896484,81.4700012207031,52.9799995422363
464.850006103516,13.8599996566772,685.599975585938,350.950012207031,54.3400001525879,206.800003051758,82.2799987792969,55.2999992370605
466.950012207031,15.039999961853,676.799987792969,357,55.5800018310547,205.399993896484,83.2900009155273,55.1199989318848
476.450012207031,16.5599994659424,681.200012207031,359.799987792969,56.2200012207031,212.5,83.3199996948242,58.0999984741211
460.200012207031,15.25,667.799987792969,352.450012207031,54.8199996948242,209.199996948242,79.8000030517578,57.3800010681152
454.68500213623,13.960000038147,672.989999389648,346.944999694824,54.0690002441406,205.959999847412,81.4544998168945,56.548999786377
450.950012207031,13.8800001144409,646.200012207031,338.549987792969,52.4599990844727,193.850006103516,77.9899978637695,53.4799995422363
451.799987792969,13.8100004196167,665.799987792969,342.5,53.5400009155273,198.850006103516,80.7699966430664,55.0400009155273
433.5,13.2399997711182,650,336.399993896484,53.439998626709,200,81.3399963378906,54.7999992370605
442.649993896484,14.0299997329712,672.200012207031,345.549987792969,54.6800003051758,209.100006103516,83.6800003051758,59.2599983215332
447.5,15.0100002288818,679.799987792969,352.25,55.7599983215332,207.899993896484,83.25,60.0999984741211
439.25,14.3100004196167,661.400024414062,348.899993896484,55.7200012207031,205.5,83.5299987792969,58.2799987792969
435.950012207031,13.3999996185303,670.400024414062,346.850006103516,55.9000015258789,204.300003051758,82.9400024414062,60
422.299987792969,12.8999996185303,673.599975585938,335.049987792969,52.9799995422363,198.149993896484,79.620002746582,57.9000015258789
415.350006103516,13.0100002288818,667,331,52.3400001525879,195.25,79.5,57.1599998474121
411.350006103516,12.8699998855591,665.200012207031,330.25,51.2999992370605,200.300003051758,79.2799987792969,59.4000015258789
429.799987792969,14.3800001144409,700,350.049987792969,54.1399993896484,214.899993896484,83.5899963378906,60.7200012207031
440.049987792969,13.4499998092651,690,357.5,54.6599998474121,218.100006103516,84.629997253418,61.3800010681152
436.049987792969,13.9799995422363,693.599975585938,361.75,54.4199981689453,220.199996948242,85,61.0999984741211
433.25,15.0600004196167,691,359.850006103516,55.3621051186009,216.699996948242,84.6100006103516,60.2200012207031
422.899993896484,14.5,697.799987792969,355.299987792969,52.1599998474121,217.800003051758,85.879997253418,60.3400001525879
431.950012207031,15.9930000305176,700.200012207031,361.950012207031,53.5,221.899993896484,86.8300018310547,60.9199981689453
448.600006103516,16.3999996185303,710,365.399993896484,55.2799987792969,228.899993896484,87.9700012207031,62.7999992370605
467.600006103516,17.8500003814697,712,373.850006103516,55.5800018310547,233,89.9300003051758,62.1399993896484
480.950012207031,16.3700008392334,746.599975585938,386.799987792969,56.7799987792969,239,90.5400009155273,64.5800018310547
469.600006103516,15.039999961853,747.799987792969,375,55.8800010681152,237.199996948242,87.6500015258789,64.1800003051758
476.399993896484,16.7999992370605,746,378.899993896484,58.4201053017064,235.519999694824,87.8814994812012,64.8979997634888
487.75,17.4599990844727,754.599975585938,384.950012207031,58.5200004577637,241.100006103516,89.4599990844727,65.8199996948242
504.200012207031,17.8899993896484,773.200012207031,393.450012207031,61.3199996948242,250.199996948242,91.9899978637695,69
507.399993896484,20.0400009155273,774,390.049987792969,60.9599990844727,254.800003051758,91.2200012207031,69.4599990844727
536.099975585938,20.8600006103516,786.200012207031,404.25,65.2200012207031,264.5,90.9899978637695,72.1399993896484
521.299987792969,23.2900009155273,770,396.100006103516,65.1600036621094,257.399993896484,91.5299987792969,70.4599990844727
525,21.0200004577637,765,395.299987792969,64.9599990844727,251.300003051758,90.8600006103516,67.9400024414062
522,19.4799995422363,767,398.399993896484,63.8600006103516,248.199996948242,90.1800003051758,67.3600006103516
487,16.6499996185303,744.599975585938,375.100006103516,59.9000015258789,234.300003051758,85.4700012207031,65.5199966430664
487.350006103516,17.2099990844727,738.400024414062,379.149993896484,60.7999992370605,230.100006103516,84.879997253418,65.5999984741211
480.5,17.0100002288818,731.400024414062,371.450012207031,59.939998626709,230.800003051758,84.4199981689453,66.2799987792969
495.149993896484,18.3999996185303,746.400024414062,376.799987792969,60,240.5,88.1900024414062,68.4400024414062
507,16.7700004577637,754.400024414062,379.149993896484,59.5400009155273,241.399993896484,89.0299987792969,69.0400009155273
510,16.5300006866455,749,377.299987792969,59.9000015258789,240.699996948242,88.2399978637695,67.5599975585938
509.899993896484,15.75,739.200012207031,380.049987792969,61.6199989318848,237.600006103516,87.6699981689453,68.5999984741211
504,15.7799997329712,742.799987792969,378.899993896484,60,235.800003051758,86.75,68.2200012207031
497.600006103516,16.2999992370605,751,390.649993896484,62.1800003051758,242.699996948242,89.7200012207031,69.7799987792969
474.600006103516,15.3199996948242,726.799987792969,381.350006103516,60.8600006103516,235.699996948242,87.9400024414062,67.5599975585938
474.899993896484,15.1099996566772,736,383.850006103516,60.3600006103516,238,88.4100036621094,69.0199966430664
477,14.3699998855591,737.799987792969,387.700012207031,60.0800018310547,233,85.5400009155273,67.5
481.25,15.6599998474121,741.400024414062,389.5,60.4000015258789,231.399993896484,85.0199966430664,67.6800003051758
484.25,15.6300001144409,743.799987792969,390.5,60.439998626709,233.600006103516,85.9300003051758,68.8199996948242
481,15.3400001525879,739.400024414062,391.600006103516,60.0800018310547,235.100006103516,86.3499984741211,69.6600036621094
492.399993896484,15.2299995422363,763.400024414062,401.850006103516,61.5999984741211,244.600006103516,87.6999969482422,70.5
494.799987792969,15.6774999141693,750.599975585938,396.700012207031,61.5,241.399993896484,86.9300003051758,70.0999984741211
499.950012207031,15.710000038147,770.599975585938,404,62.4199981689453,247.899993896484,88.3099975585938,71.5599975585938
498.799987792969,15.5299997329712,766.599975585938,402.649993896484,63.2599983215332,241,87.8300018310547,69.8199996948242
491.899993896484,15.9300003051758,767.599975585938,399.799987792969,62.3199996948242,236.5,86.5599975585938,68.7200012207031
498.399993896484,14.8900003433228,766.400024414062,400.950012207031,62.2200012207031,235.699996948242,85.8199996948242,69.120002746582
499.75,15.3500003814697,770,400.700012207031,62.6399993896484,235.600006103516,85.7900009155273,67.6999969482422
511.899993896484,15.5900001525879,775,408.350006103516,63.2999992370605,242,86.870002746582,67.7600021362305
506.5,15.6800003051758,753.400024414062,404.649993896484,62.5999984741211,234.800003051758,85.1600036621094,67.0999984741211
523.700012207031,16.9699993133545,763.400024414062,412.049987792969,64.3399963378906,242.399993896484,85.7399978637695,67.1999969482422
517,17.0699996948242,747,408.149993896484,61.3800010681152,238.5,85.25,66.4800033569336
515.400024414062,16.3400001525879,750.799987792969,410.25,61,237.800003051758,84.2600021362305,66.9599990844727
515.799987792969,15.4300003051758,759.200012207031,412.799987792969,61.2200012207031,242.199996948242,84.0400009155273,66.9800033569336
521.5,16.3099994659424,758.400024414062,409.950012207031,60.9599990844727,246.600006103516,85.8199996948242,68.6800003051758
506,16.3799991607666,749,404,59.7599983215332,245,85.0800018310547,68.0800018310547
503.299987792969,15.6899995803833,752,403.600006103516,59.8800010681152,243.600006103516,86.120002746582,68.5
495,15.1999998092651,741.599975585938,399.100006103516,59.0200004577637,239.100006103516,84.75,66.4800033569336
496.75,14.7200002670288,747.599975585938,401.399993896484,59.4000015258789,239.100006103516,83.6900024414062,67.2600021362305
483.200012207031,14.8400001525879,731.200012207031,385.049987792969,58.0800018310547,238.899993896484,83.3099975585938,66.8399963378906
502.399993896484,16.0400009155273,736,387.149993896484,58.2599983215332,242.5,82.5,68.2799987792969
492.600006103516,15.289999961853,711,373.850006103516,57.4799995422363,234.199996948242,82.2300033569336,66.4800033569336
481.75,14.9799995422363,686.200012207031,366.75,56.5,233.899993896484,81.5899963378906,65.8399963378906
489.700012207031,14.0100002288818,690.599975585938,372.299987792969,56.6800003051758,238.5,84.3300018310547,66.3399963378906
486.549987792969,14.039999961853,687.599975585938,371.649993896484,56.7799987792969,237.300003051758,82.6100006103516,64.2799987792969
491.75,15.6400003433228,692,376.100006103516,57.0999984741211,239.800003051758,84.870002746582,65.9400024414062
483.049987792969,15.0500001907349,686.400024414062,374,57.060001373291,244.300003051758,84.7099990844727,65.6999969482422
485.350006103516,15.8400001525879,692.799987792969,374,57.3400001525879,249.399993896484,84.870002746582,66.9400024414062
482.100006103516,16.8600006103516,683.400024414062,371.549987792969,57.439998626709,253.800003051758,90.0299987792969,67.8000030517578
494.649993896484,17.1700000762939,691.200012207031,382.700012207031,59.2400016784668,263.299987792969,89.129997253418,69.1600036621094
503.700012207031,17.3799991607666,704.599975585938,391.200012207031,59.7000007629395,263.700012207031,88.0999984741211,69.3399963378906
506.700012207031,17.0799999237061,708.599975585938,391.200012207031,60.0400009155273,268.200012207031,89.6999969482422,71.1800003051758
496.600006103516,17.2099990844727,702,386.049987792969,59.9000015258789,265.899993896484,90.0500030517578,69.4800033569336
499.149993896484,17.2700004577637,701.200012207031,387.75,60.1399993896484,268.600006103516,89.2099990844727,70.1800003051758
499.799987792969,15.8100004196167,695,386.049987792969,59.7599983215332,267.5,90.3399963378906,70.4400024414062
499.799987792969,15.8400001525879,693.599975585938,387.200012207031,60.060001373291,261.600006103516,91.0500030517578,69.5
494.149993896484,15.25,690.200012207031,383.350006103516,59,260,90.5800018310547,69.0800018310547
495.5,14.9899997711182,699,385.450012207031,58.6599998474121,258.5,91.9700012207031,69.120002746582
505.600006103516,16.3500003814697,705.599975585938,393.450012207031,59.7400016784668,259,94.2600021362305,69.8000030517578
510.100006103516,16.2399997711182,708.799987792969,397.049987792969,59.2000007629395,256.299987792969,94.4400024414062,70.1399993896484
521.200012207031,16.0599994659424,723,403,59.5400009155273,257.299987792969,94.2200012207031,71.1999969482422
521.099975585938,16.5300006866455,719.799987792969,401,59.8199996948242,255.600006103516,94.6399993896484,70.120002746582
516.299987792969,16.9400005340576,719.799987792969,396.350006103516,60.1199989318848,253,93.5500030517578,69.4199981689453
514.599975585938,15.8400001525879,719.400024414062,392.799987792969,59.7599983215332,254.600006103516,92.6500015258789,69.1800003051758
525,15.8199996948242,716.599975585938,396.700012207031,60.5,255,95.5500030517578,69.4000015258789
553,16.3500003814697,739.400024414062,407.25,61.939998626709,266.5,97,71.120002746582
555.299987792969,16.2700004577637,740.200012207031,408.399993896484,61.9599990844727,266,95.879997253418,70.7200012207031
555,17.1599998474121,738.200012207031,402.850006103516,61.8199996948242,262.700012207031,94.3399963378906,68.3399963378906
561,18.3499999046326,739.400024414062,408.799987792969,62.5800018310547,263.100006103516,95.629997253418,69.5400009155273
555,17.8700008392334,732.200012207031,404.399993896484,62.3400001525879,260,95.9100036621094,69.5199966430664
552.599975585938,17.9599990844727,735.799987792969,404.049987792969,61.439998626709,266.899993896484,97.6600036621094,70.2799987792969
559.400024414062,19.9699993133545,733.200012207031,404.350006103516,64.0999984741211,272,98.3099975585938,71.7399978637695
570.599975585938,20.3899993896484,743.200012207031,416.600006103516,65.9800033569336,273.299987792969,99.620002746582,72.8600006103516
577,21.2999992370605,739.799987792969,420.25,66.5400009155273,275.799987792969,99.6900024414062,74.4400024414062
589.200012207031,21.1499996185303,750.599975585938,424,66.6399993896484,279,100.779998779297,74.5400009155273
600,21.8899993896484,758.599975585938,426.149993896484,65.9000015258789,282.899993896484,100.76000213623,75.3000030517578
596.5,21.6499996185303,756.799987792969,420,65.0400009155273,279.5,100.099998474121,75.9000015258789
587.700012207031,20.8400001525879,744,413.850006103516,63.7599983215332,279.600006103516,98.5699996948242,75.4400024414062
576.799987792969,20.4200000762939,727.799987792969,395.549987792969,61.4199981689453,271.200012207031,96.4199981689453,73.5400009155273
568.299987792969,20.5,722,391.049987792969,61.3800010681152,271.799987792969,97.2399978637695,74.879997253418
577.700012207031,20.0799999237061,731.799987792969,400.100006103516,61.6199989318848,283.799987792969,109.720001220703,77.9400024414062
569.599975585938,19.7099990844727,728,401.799987792969,60.8400001525879,278,107.099998474121,76.0999984741211
566,19.4599990844727,731,400.200012207031,60.5999984741211,278.5,106.419998168945,76.7799987792969
574.400024414062,18.9200000762939,733.400024414062,405.899993896484,62.2000007629395,283.700012207031,107.080001831055,77.6800003051758
576.599975585938,17.6900005340576,738,409.950012207031,61.8800010681152,281.200012207031,107.220001220703,76.9199981689453
567.599975585938,18,736.200012207031,399.399993896484,61.7000007629395,276.100006103516,106.779998779297,76.8600006103516
582.599975585938,18.1100006103516,748.799987792969,409.700012207031,62.1599998474121,278.899993896484,107.559997558594,79.1800003051758
577.799987792969,18.4599990844727,746.400024414062,407.649993896484,60.560001373291,276.899993896484,107.080001831055,79.379997253418
583.299987792969,19.5599994659424,752.599975585938,412.549987792969,62.2200012207031,273.5,108.980003356934,78.0999984741211
581.400024414062,19.5100002288818,748.599975585938,411.200012207031,61.7599983215332,276.200012207031,109.73999786377,77.2399978637695
583,20.4899997711182,756.799987792969,410.75,62.0999984741211,277.100006103516,110.339996337891,77.2799987792969
576.5,21.1200008392334,755.799987792969,407.200012207031,62.2400016784668,277.299987792969,110.519996643066,78.0800018310547
581.799987792969,21.6599998474121,761.599975585938,411.899993896484,62.5200004577637,282.5,109.959999084473,78.0199966430664
589.400024414062,21.6399993896484,775,418.25,63.0200004577637,286.299987792969,110.23999786377,79.8000030517578
589.200012207031,20.6200008392334,779.799987792969,416.75,63.0200004577637,286.5,109.900001525879,81.7600021362305
580,20.75,775,412.200012207031,62.8600006103516,284.799987792969,109.23999786377,82.2399978637695
566.700012207031,21.7299995422363,772,403,61.2999992370605,277,109.26000213623,79.3000030517578
589.400024414062,21.3299999237061,790,432.600006103516,62.5200004577637,284,109.080001831055,79.8399963378906
586,21.5200004577637,798.200012207031,432.299987792969,62.6399993896484,284.100006103516,109.5,81.5999984741211
589,21.8899993896484,805.799987792969,430.200012207031,63.560001373291,281.600006103516,109.379997253418,81.4000015258789
577.900024414062,22.1299991607666,800.400024414062,427.799987792969,62.560001373291,274.5,109.099998474121,80.9000015258789
574.099975585938,22.5599994659424,813.599975585938,427.200012207031,62.5800018310547,282.100006103516,109.480003356934,80.4599990844727
556,22.5200004577637,825,428,63,281.799987792969,109.26000213623,82
549.400024414062,22.3400001525879,826.200012207031,421.75,61.6199989318848,274,107.639999389648,79.4199981689453
545.599975585938,22.6200008392334,825.400024414062,418.850006103516,60.7999992370605,272.899993896484,108.660003662109,79.5400009155273
521.599975585938,21.25,798.200012207031,402.149993896484,58.9799995422363,257,104.779998779297,76.5599975585938
520.200012207031,22.1900005340576,809.599975585938,403.799987792969,58.1399993896484,258.799987792969,105.5,76.1600036621094
518.5,21.2199993133545,799,402.299987792969,57.5,255,103.419998168945,75.0400009155273
527,22.0400009155273,801.400024414062,405.649993896484,57.9599990844727,260,105.099998474121,75.2200012207031
543.299987792969,22.9200000762939,810,408.950012207031,60,267.100006103516,106.540000915527,75.5
553.200012207031,23.2800006866455,833.400024414062,421.799987792969,61.4799995422363,269.299987792969,109.559997558594,77.6999969482422
565.099975585938,25.2700004577637,845.400024414062,436.75,63.4000015258789,275.100006103516,109.319999694824,79.7799987792969
567.5,24.9500007629395,834.400024414062,435.5,69.0400009155273,277.399993896484,108.76000213623,79.9000015258789
601.700012207031,27,838.599975585938,468.850006103516,77.0199966430664,298.799987792969,111.800003051758,84.4000015258789
611,28.1200008392334,833,474,75.4599990844727,281.5,108.680000305176,79.8399963378906
623.400024414062,27.6499996185303,851.599975585938,487.399993896484,76.6399993896484,279.299987792969,108.919998168945,80.1800003051758
608.700012207031,27.8199996948242,833,472.850006103516,74.0199966430664,274,107.279998779297,81.3399963378906
609,29.3799991607666,835,469.75,74.5999984741211,270,108.160003662109,82.4800033569336
619.099975585938,30.1399993896484,842.799987792969,477.299987792969,75.7200012207031,275.100006103516,108.800003051758,82.2399978637695
620.099975585938,32.7400016784668,843,475,77.2200012207031,277.600006103516,110.26000213623,82.8399963378906
623.5,32.060001373291,847.200012207031,486.149993896484,75.7200012207031,284.200012207031,112,84.8199996948242
612,33.3300018310547,848.400024414062,488.649993896484,75.1399993896484,282,110.819999694824,83.9599990844727
613.700012207031,34.7099990844727,857.200012207031,492.549987792969,75.8199996948242,280.5,112.519996643066,84.620002746582
610,36.1100006103516,835.799987792969,492.5,76.4400024414062,280,112.900001525879,84.3600006103516
604.400024414062,37.2700004577637,827.400024414062,494.850006103516,78.2600021362305,279.200012207031,114.019996643066,82.4400024414062
604,37.1500015258789,827.400024414062,494.200012207031,77.7799987792969,273.600006103516,113.180000305176,81.9400024414062
602.700012207031,35.4695002555847,826,495.75,77,274.700012207031,114,82.120002746582
606.200012207031,36,823.400024414062,496,76.7799987792969,271.200012207031,112.160003662109,82.120002746582
605,35.3800010681152,817.400024414062,482.899993896484,75.4800033569336,267.299987792969,112.23999786377,83.3600006103516
607.900024414062,35.5499992370605,822.400024414062,496.75,74.9800033569336,272.799987792969,112.379997253418,84.5999984741211
605.099975585938,37.0999984741211,827.200012207031,497.850006103516,74.5199966430664,267.799987792969,112.139999389648,84.5400009155273
605,38.7900009155273,839.799987792969,498,74.2399978637695,273.799987792969,112.900001525879,87.1600036621094
601.900024414062,39.1300010681152,826.400024414062,492.25,73.9000015258789,275.299987792969,112.599998474121,86.4199981689453
589.400024414062,39.3300018310547,831.799987792969,493.700012207031,74.4400024414062,279.799987792969,113.900001525879,87.5599975585938
584.900024414062,38.7099990844727,829.799987792969,494.450012207031,74.4800033569336,280.600006103516,115.620002746582,87
574.299987792969,39.0299987792969,830.200012207031,498,75.7799987792969,285,115.699996948242,87.3600006103516
573.299987792969,39.6599998474121,828,501,75.3199996948242,287.600006103516,113.76000213623,86.4800033569336
573.5,38.1399993896484,835,500.399993896484,76.5,283.299987792969,112.919998168945,86.5199966430664
564.099975585938,38.4000015258789,844.599975585938,509.200012207031,77.3399963378906,287.5,113.459999084473,84.4400024414062
569.700012207031,40.3499984741211,853.599975585938,507.200012207031,79.0599975585938,290.200012207031,114.160003662109,84.1800003051758
556.299987792969,40.2099990844727,862,505,79.379997253418,290.399993896484,113.26000213623,85.8199996948242
572.099975585938,42.75,862,502.899993896484,80.7799987792969,295,114.180000305176,88.4599990844727
558,41.8300018310547,859.799987792969,499.549987792969,80.0599975585938,289.899993896484,112.819999694824,89.5199966430664
545.700012207031,41.8800010681152,853,490.200012207031,77.8199996948242,287.5,117.940002441406,87.5400009155273
556.900024414062,42.3899993896484,856,492.299987792969,78.7200012207031,293.5,117.5,90.0599975585938
554.099975585938,42.6300010681152,851.599975585938,496.100006103516,79.0599975585938,293.600006103516,116.839996337891,90.5
552.700012207031,42.4099998474121,851.400024414062,496.450012207031,79.7473678588867,291.968420731394,115.586316158897,88.7589468705027
571.400024414062,43.0699996948242,869.200012207031,504,80.1999969482422,299.299987792969,116.360000610352,91.9400024414062
577.5,43.1100006103516,882.599975585938,512.799987792969,80.5,299.5,115.720001220703,91.9199981689453
588,43.75,884,513.099975585938,80.0800018310547,297.899993896484,115.639999389648,92.2799987792969
594.400024414062,42,879.599975585938,510.899993896484,80.9743682861328,291.868419205515,116.494315579063,89.2829466568796
580.700012207031,40.5900001525879,884.400024414062,512.099975585938,81.1800003051758,295.399993896484,113.540000915527,91.379997253418
571.5,41.1100006103516,870,506.200012207031,80.120002746582,289.600006103516,114.73999786377,90.1999969482422
575.200012207031,42.7000007629395,868,502.299987792969,79.6600036621094,291.700012207031,115.860000610352,90.4400024414062
577.400024414062,44.7799987792969,875.400024414062,515.299987792969,82.7200012207031,288.5,118.300003051758,88.2399978637695
586.299987792969,45.0900001525879,887.400024414062,525.299987792969,83,295.100006103516,118.860000610352,88.5999984741211
583.099975585938,45.5299987792969,888.200012207031,522.400024414062,83.6999969482422,291.899993896484,120.279998779297,87.9000015258789
575.5,46.5400009155273,884.599975585938,515.799987792969,84.2600021362305,288.200012207031,119.419998168945,86.5999984741211
570.799987792969,45.560001373291,887.400024414062,512.099975585938,82.8600006103516,286.799987792969,118.199996948242,88.4199981689453
569.599975585938,43.6100006103516,897,508,83.3399963378906,289.799987792969,118.099998474121,89.1399993896484
561.799987792969,42.8499984741211,881,493.950012207031,82.3000030517578,281.799987792969,116.73999786377,87.9400024414062
565.5,43.2475004196167,887.599975585938,499.649993896484,85.6600036621094,295.200012207031,116.319999694824,89.4000015258789
547.900024414062,42.5800018310547,862.400024414062,491.049987792969,83.5400009155273,286.200012207031,114.480003356934,86.2200012207031
556.700012207031,43.5800018310547,868.200012207031,507.700012207031,85.879997253418,284.899993896484,116.519996643066,86.5
550.200012207031,43.6399993896484,875.599975585938,507.600006103516,85.4400024414062,285.100006103516,116.459999084473,87.6600036621094
544,44.3400001525879,875.599975585938,511.5,85.4599990844727,278,114.900001525879,85.1399993896484
533,43.2200012207031,869.599975585938,501.899993896484,82.8600006103516,269,112.360000610352,83.5599975585938
545.700012207031,42.4500007629395,870,508,83.7200012207031,276.700012207031,111.800003051758,82.8600006103516
541.599975585938,40.9099998474121,854.200012207031,506.399993896484,82.7600021362305,270.700012207031,109.339996337891,80.4199981689453
555.900024414062,42.560001373291,861.599975585938,517,84.1399993896484,265.600006103516,111.660003662109,81.7799987792969
541.599975585938,41.6599998474121,842.599975585938,498.299987792969,82.879997253418,262,109.959999084473,80.7799987792969
543,41.6500015258789,854.200012207031,507.700012207031,82.8399963378906,270.899993896484,111.580001831055,81.5
549.200012207031,42.7299995422363,884.799987792969,524.900024414062,84.5599975585938,278.5,115.580001831055,83.1999969482422
543.200012207031,43.810001373291,890.599975585938,524.5,84.0199966430664,275,115.160003662109,83.0599975585938
542.099975585938,45.560001373291,890,525.099975585938,85.3000030517578,274.600006103516,117.199996948242,83.6399993896484
549,46.0999984741211,900.599975585938,528.700012207031,85.8000030517578,278.600006103516,119.800003051758,84.879997253418
547,46.560001373291,900.200012207031,527.900024414062,87.0800018310547,278.5,119.599998474121,83.9599990844727
555.5,44.6199989318848,915.599975585938,537,87.8600006103516,284.5,118,84.2600021362305
551,45.189998626709,906.400024414062,529.5,87.5,279.399993896484,116.580001831055,82.3600006103516
547.900024414062,45.5400009155273,919,531.5,88.120002746582,293.5,118.5,85.6600036621094
547.900024414062,46.0099983215332,924.400024414062,529.299987792969,87.7799987792969,291.899993896484,117.480003356934,85.4599990844727
566,45.6944997787476,930.400024414062,535.900024414062,88.879997253418,297.700012207031,117.26000213623,86.6600036621094
565.299987792969,46.7599983215332,937,539.799987792969,89.0800018310547,295.299987792969,117.019996643066,85.7600021362305
524.900024414062,45.8600006103516,930.400024414062,535,87.6600036621094,290.899993896484,116.959999084473,85.8600006103516
532.799987792969,44.2400016784668,934.599975585938,534,86.9599990844727,288.799987792969,118.360000610352,87.5
528,45.8899993896484,963.599975585938,541.799987792969,88.5199966430664,295.600006103516,117.440002441406,89.0400009155273
522.299987792969,47.189998626709,951,542.900024414062,87.879997253418,291.100006103516,113.819999694824,87.9199981689453
522.900024414062,46.8600006103516,943.200012207031,539.400024414062,87.9599990844727,290.600006103516,110.480003356934,87.1600036621094
526.299987792969,47.7900009155273,937.799987792969,532.799987792969,89.379997253418,288.700012207031,110.800003051758,85.3600006103516
527.299987792969,46.5999984741211,935.400024414062,531,88.4800033569336,293.100006103516,111.919998168945,88.7399978637695
524.900024414062,46.6699981689453,923.200012207031,525,87.5800018310547,288.899993896484,111.680000305176,87.9800033569336
547.200012207031,48.2599983215332,928.799987792969,537.099975585938,89.1999969482422,294.200012207031,114.839996337891,88.7399978637695
557.900024414062,47.9199981689453,925.599975585938,539.299987792969,89.3199996948242,290.200012207031,112.76000213623,86.0400009155273
554,47.9300003051758,928,543.799987792969,90.1800003051758,289.5,113.180000305176,86.5
546.599975585938,46.439998626709,909.599975585938,533.900024414062,87.879997253418,279.200012207031,110.900001525879,84.7200012207031
539,47.7000007629395,890,523.200012207031,85.9400024414062,271.5,108.599998474121,83.6600036621094
553.5,52.3899993896484,899.599975585938,534.900024414062,88.7799987792969,280.200012207031,113.419998168945,84.6800003051758
562.599975585938,53.5699996948242,909.200012207031,540.700012207031,89.3600006103516,282.5,115.720001220703,86.7600021362305
577.400024414062,53.8600006103516,925.200012207031,553,89.2600021362305,290.299987792969,114.860000610352,86.9199981689453
587.200012207031,54.2599983215332,954.200012207031,564.5,89.5599975585938,300,117.800003051758,88.9199981689453
596.400024414062,54.060001373291,954.200012207031,563.400024414062,91.4199981689453,298.899993896484,116.5,88.0999984741211
603.200012207031,56.6399993896484,963,558.200012207031,90.0999984741211,292.799987792969,120.839996337891,87.9599990844727
602.700012207031,55.6500015258789,975,560.299987792969,90,287.5,121.980003356934,89.0800018310547
604.299987792969,56.3400001525879,981.799987792969,568.200012207031,89.8399963378906,285,121.419998168945,88.9000015258789
606.400024414062,55.5400009155273,977.400024414062,566.299987792969,92.1399993896484,287,121.199996948242,90.0599975585938
593.599975585938,55.189998626709,947.200012207031,557.400024414062,89.3199996948242,281,116.099998474121,88.1800003051758
576.599975585938,53.2900009155273,938,556.599975585938,92,278,115.639999389648,86.3399963378906
575.799987792969,49.4300003051758,940.400024414062,554.200012207031,91.5,281.200012207031,116.819999694824,85.5
571.200012207031,48.1500015258789,938.400024414062,553.400024414062,90.5999984741211,278.799987792969,114.940002441406,84.0199966430664
565.799987792969,49.2999992370605,941.200012207031,555.599975585938,89.6600036621094,261.799987792969,108.459999084473,81.3600006103516
564.900024414062,50.1800003051758,943.200012207031,554.900024414062,89.7399978637695,261.700012207031,112.26000213623,82.3000030517578
574.099975585938,47.310001373291,943.400024414062,554.900024414062,90.379997253418,264.100006103516,112.019996643066,81.3000030517578
590.400024414062,49.8300018310547,947.400024414062,573.5,92.5800018310547,265,112.519996643066,82.3199996948242
588.599975585938,51,944,568.099975585938,90.7399978637695,266.200012207031,113.26000213623,83.5400009155273
599.400024414062,49.3800010681152,956.599975585938,571.700012207031,92.0999984741211,270.75,113.559997558594,84.9199981689453
599.380001831055,50.2000007629395,968.53000793457,579.830001831055,92.7169998168945,274.205001831055,113.298999786377,87.2980003356934
596,50.4000015258789,964.400024414062,576.799987792969,94.7200012207031,276,115.980003356934,86.7799987792969
593,50.7400016784668,951.400024414062,577.200012207031,93.3000030517578,270.5,115.419998168945,86.4599990844727
605,52.1800003051758,980.599975585938,586.099975585938,93.3000030517578,276.75,113.360000610352,90.1800003051758
611.900024414062,53.5299987792969,989.599975585938,588.299987792969,93.2200012207031,280,112.720001220703,92.3000030517578
616.400024414062,53.9000015258789,985.400024414062,589.700012207031,92.1999969482422,281.600006103516,114.319999694824,91.7200012207031
626.799987792969,52.8199996948242,998.400024414062,594.799987792969,93.6399993896484,280.450012207031,112.599998474121,92
632.900024414062,52.5099983215332,1005,611.799987792969,96.7399978637695,277.600006103516,110.980003356934,91.3000030517578
630,53.5999984741211,1009.5,616.700012207031,96.6600036621094,277.549987792969,112.059997558594,92.5599975585938
635,53.8300018310547,1026.5,630,96.1999969482422,277.899993896484,111.919998168945,91.7600021362305
640.200012207031,52.1800003051758,1020,624.900024414062,95.7399978637695,277.200012207031,111.040000915527,91.120002746582
626.099975585938,50.6300010681152,1010,605.299987792969,92.8199996948242,269.100006103516,105.480003356934,89
652.200012207031,52.3600006103516,1026.5,624.599975585938,94.7600021362305,271.549987792969,107.519996643066,90.3399963378906
645.400024414062,52.5400009155273,1047.5,632,95.120002746582,270.299987792969,107.879997253418,90.620002746582
648.799987792969,53.7999992370605,1050,628.099975585938,95.0999984741211,266.100006103516,108.160003662109,89.8600006103516
646.400024414062,52.8199996948242,1046,625.799987792969,94.9800033569336,265.299987792969,107.26000213623,91.1800003051758
648.5,55.310001373291,1051,632.700012207031,93.6800003051758,262.75,109.720001220703,91.8000030517578
651,55.2799987792969,1050.5,633.200012207031,94.1600036621094,258.850006103516,108.180000305176,88.5
656.599975585938,55.3699989318848,1056,635.700012207031,94.0400009155273,260.600006103516,109.120002746582,88.620002746582
666.5,55.0800018310547,1044,626.200012207031,93.6399993896484,256.850006103516,110.419998168945,87.7200012207031
675.299987792969,57.4099998474121,1055,630.599975585938,94.8399963378906,259.799987792969,111.400001525879,88.8399963378906
673.599975585938,57.560001373291,1048.5,618.900024414062,92.879997253418,252.550003051758,109.199996948242,86.5199966430664
686,58.7400016784668,1071.5,631.799987792969,95.0800018310547,259.600006103516,111.300003051758,87.9000015258789
690.299987792969,57.5299987792969,1068.5,625.299987792969,94.7399978637695,258.799987792969,110.919998168945,86.6800003051758
695.099975585938,59.5,1073,631.400024414062,95.6600036621094,280.600006103516,113.76000213623,89.8199996948242
704.400024414062,56.75,1059.5,625,95.4800033569336,286.450012207031,113.699996948242,88.9800033569336
693.599975585938,55.5800018310547,1049,612.299987792969,93.879997253418,284.25,112.300003051758,88.5
693.5,52.6599998474121,1043,610.200012207031,93.4199981689453,286.549987792969,112,89.1800003051758
696,53.6800003051758,1055.5,616,96.3126313058954,284.850006103516,111.019996643066,89.9800033569336
706.900024414062,56.8600006103516,1068,628.099975585938,94.3399963378906,288.549987792969,111.599998474121,90.1999969482422
706.900024414062,57.8800010681152,1065.5,624,94.1800003051758,296.799987792969,111.720001220703,90.6999969482422
709.900024414062,56.7900009155273,1061,623,95.4199981689453,293.799987792969,111.860000610352,91.2399978637695
704.799987792969,55.0699996948242,1056.5,619.099975585938,93.4800033569336,294.549987792969,109.040000915527,90.9400024414062
713.299987792969,53.6100006103516,1067,628.900024414062,94.6399993896484,298.399993896484,109.23999786377,91.0199966430664
719.799987792969,52.3400001525879,1082,631.599975585938,99.3199996948242,301.950012207031,109.199996948242,92.3199996948242
721.700012207031,53.1500015258789,1096.5,637.5,102.671131977282,294.817498779297,111.065999221802,91.7279998779297
724.5,52.939998626709,1114.5,639.700012207031,102.550003051758,299.149993896484,109.660003662109,93.2600021362305
735.799987792969,54.5999984741211,1126,640.599975585938,105.650001525879,297.049987792969,112.23999786377,93.5999984741211
736.599975585938,56.4099998474121,1140,648.400024414062,106.699996948242,297.25,113,93
748.799987792969,56.7099990844727,1144,655.799987792969,109.300003051758,299.350006103516,112.099998474121,93.8199996948242
748.299987792969,54.8379997253418,1152.5,652,109.650001525879,298.350006103516,112.019996643066,93.8199996948242
742,56.2700004577637,1150,657.099975585938,112.550003051758,298,110.680000305176,92.3199996948242
746.799987792969,54.5200004577637,1155,661,114.449996948242,298.5,110.019996643066,92.8199996948242
741.200012207031,53.689998626709,1155,654.299987792969,113.300003051758,298.950012207031,110.73999786377,92.8000030517578
735.700012207031,53.8499984741211,1158.5,651.200012207031,113.5,296.600006103516,109.300003051758,92.5599975585938
733,54.9300003051758,1168,657.299987792969,115.300003051758,297,109.879997253418,93.5
742,55.8499984741211,1182,659.700012207031,115.300003051758,295.100006103516,108.76000213623,93.1999969482422
744.599975585938,54.5499992370605,1193,662.5,116.25,293.5,108.76000213623,92.6999969482422
739.200012207031,53.2599983215332,1184,657.700012207031,114.650001525879,291.299987792969,107.319999694824,91.7399978637695
742.900024414062,55.9000015258789,1197.5,668.099975585938,114.599998474121,294.899993896484,108.019996643066,93.2799987792969
744,54.439998626709,1196,672.599975585938,115.099998474121,293,107.699996948242,93.2600021362305
749.200012207031,54.8300018310547,1203,677.799987792969,115.25,293,107.23999786377,93.0400009155273
749.799987792969,55.3199996948242,1204,682.299987792969,115.300003051758,293.350006103516,107.660003662109,95.2200012207031
758.700012207031,53.5900001525879,1209,687.299987792969,115.050003051758,291.850006103516,108.059997558594,96.0800018310547
750,52.2700004577637,1213,681.099975585938,112.449996948242,287.100006103516,108.300003051758,94.879997253418
759.200012207031,53.3400001525879,1225.5,680.099975585938,113.599998474121,289.700012207031,109.459999084473,96.120002746582
761.900024414062,54.1100006103516,1223,681.200012207031,113.599998474121,290.700012207031,110.980003356934,96.3600006103516
739.400024414062,54.5400009155273,1205,669.099975585938,112.800003051758,290.649993896484,111.400001525879,96.3000030517578
750.900024414062,55.5200004577637,1228.5,673.200012207031,114.199996948242,292.5,111.800003051758,96.6800003051758
759.200012207031,56.2599983215332,1227,673.599975585938,113.349998474121,311.350006103516,127.639999389648,98.6399993896484
747.700012207031,54.5699996948242,1221.5,667.599975585938,113,309.850006103516,127.620002746582,99
754.400024414062,54.2299995422363,1231.5,674,112.849998474121,317.5,130.880004882812,101.099998474121
737,57.189998626709,1228.5,661.299987792969,111.949996948242,313.899993896484,129.899993896484,100.550003051758
739.200012207031,56.6100006103516,1220,663.900024414062,111.849998474121,314.299987792969,132.919998168945,99.9400024414062
734.400024414062,56.2200012207031,1218,663.400024414062,111.599998474121,316.600006103516,134.160003662109,101.400001525879
737.799987792969,53.5709999084473,1220,660.700012207031,111.949996948242,315.25,134.899993896484,101.449996948242
727.900024414062,54.7999992370605,1224,655.799987792969,110.550003051758,312.100006103516,134.220001220703,102.25
737.799987792969,53.0400009155273,1237.5,660.400024414062,111.900001525879,318.649993896484,134.960006713867,104
712.900024414062,52.3400001525879,1204.5,639.200012207031,108.949996948242,313.299987792969,135.259994506836,101.650001525879
731.200012207031,54.8400001525879,1235.5,662.400024414062,110.650001525879,318.450012207031,136.440002441406,102.900001525879
735.200012207031,54.2799987792969,1252,666,112.349998474121,321.100006103516,136.479995727539,103.150001525879
743.599975585938,53.1100006103516,1266.5,670.700012207031,112,321.200012207031,136.919998168945,103.650001525879
750.599975585938,51.6699981689453,1269.5,671.599975585938,114.150001525879,322.700012207031,137.160003662109,103.550003051758
739.799987792969,50.2000007629395,1269,663.200012207031,112.150001525879,315.850006103516,136.699996948242,101.650001525879
731.799987792969,47.939998626709,1250,654.299987792969,111.150001525879,311.899993896484,135.800003051758,101.400001525879
711.799987792969,46.6100006103516,1232,639.900024414062,107.150001525879,305.450012207031,133.639999389648,100.650001525879
719.200012207031,49.6500015258789,1240,645.099975585938,108.550003051758,305.399993896484,135.119995117188,101.099998474121
726.900024414062,51.4300003051758,1257.5,659.200012207031,111.300003051758,308.5,136.139999389648,102.949996948242
727.799987792969,49.7599983215332,1262,660.400024414062,113,312.299987792969,138.279998779297,104.650001525879
747.599975585938,50,1288,674,116.099998474121,317.799987792969,140.979995727539,105.849998474121
747.299987792969,51.0999984741211,1280.5,673.400024414062,117.150001525879,312,139.940002441406,105.099998474121
731.200012207031,50.1399993896484,1270,669.599975585938,114.550003051758,308.950012207031,137.699996948242,104.150001525879
757.799987792969,49.4199981689453,1295.5,688.200012207031,115.849998474121,309.5,139.720001220703,103.949996948242
760.099975585938,50.0499992370605,1287,684,116.949996948242,308.600006103516,140.039993286133,104.150001525879
756.200012207031,56.310001373291,1289,673.900024414062,116,306.100006103516,140.759994506836,103.5
774.5,57.1800003051758,1310,687,118.050003051758,317.700012207031,141.580001831055,104.650001525879
777,59.4000015258789,1326.5,695.900024414062,118,322.75,144.160003662109,106.050003051758
779.700012207031,58.3499984741211,1332.5,694.700012207031,115.75,336.25,144.740005493164,108.75
778.700012207031,58.5999984741211,1335.5,697.400024414062,115.349998474121,316,145.800003051758,107.5
782.5,59.1399993896484,1340.5,697.400024414062,115.949996948242,310.549987792969,146.679992675781,106.800003051758
784.200012207031,58.3300018310547,1334.5,697.400024414062,116.199996948242,313.049987792969,147.020004272461,106.949996948242
789.900024414062,59.8600006103516,1330,701.599975585938,115.699996948242,308.850006103516,148.160003662109,107.300003051758
788.200012207031,59.8899993896484,1334,704.799987792969,114.949996948242,307.100006103516,146.479995727539,106.949996948242
792.099975585938,60.3800010681152,1339.5,712,115.199996948242,312,145.380004882812,107.349998474121
788.900024414062,59.2400016784668,1347.5,709.799987792969,114.900001525879,319.299987792969,144.460006713867,108.5
752,57.8499984741211,1325,694.900024414062,111.699996948242,313.75,145.979995727539,107.849998474121
744.400024414062,55.25,1330,690.5,109.550003051758,311.700012207031,145.580001831055,108.300003051758
718,55.3600006103516,1280,654.900024414062,106.449996948242,307,145.820007324219,108
650,52.9900016784668,1220,613.099975585938,99.3399963378906,303.350006103516,142.039993286133,106.050003051758
652.5,54.3300018310547,1233,620,99,302,143.479995727539,106.300003051758
671.799987792969,57.0400009155273,1270,636.599975585938,102.75,306.600006103516,144.399993896484,107
669.299987792969,60.5499992370605,1250,624.299987792969,103.599998474121,304.899993896484,144.600006103516,106.550003051758
675,59.9500007629395,1251.5,622.099975585938,103.5,306.700012207031,144.800003051758,107.650001525879
672.400024414062,57.5499992370605,1238,621.599975585938,103.599998474121,305.049987792969,141.660003662109,105.050003051758
668.599975585938,58.3899993896484,1241,623.099975585938,103.300003051758,304.25,141.839996337891,105.099998474121
671.599975585938,56.9300003051758,1246.5,625,102.199996948242,302.049987792969,142.619995117188,104.550003051758
674,56.5099983215332,1244.5,626.799987792969,101,300.450012207031,139.479995727539,102.800003051758
688.200012207031,57.1500015258789,1270,646.799987792969,103.300003051758,301.200012207031,139.339996337891,103.849998474121
695.599975585938,56.9000015258789,1271.5,647,104.099998474121,301.450012207031,138.440002441406,103.800003051758
683.299987792969,56.7099990844727,1255,634.900024414062,101.5,299.049987792969,138.020004272461,102.550003051758
694.299987792969,55.7489999771118,1277.5,648.700012207031,103,300,138.5,103.699996948242
700.599975585938,56.8600006103516,1294.5,653,105.5,300.899993896484,137.600006103516,104.449996948242
699.599975585938,55.4599990844727,1285,648.700012207031,104.800003051758,296.899993896484,135.740005493164,104.099998474121
696,55.8899993896484,1289.5,658.400024414062,104.800003051758,297.75,138.940002441406,105
696.400024414062,54.0499992370605,1302,663.5,107.75,299.049987792969,139.100006103516,106.449996948242
677,53.9900016784668,1279,657,107.199996948242,297.450012207031,135.899993896484,103.5
658.299987792969,52.8800010681152,1269.5,646.799987792969,103.400001525879,293.549987792969,133.839996337891,103.849998474121
631.400024414062,51.7900009155273,1247.5,621.200012207031,99.0999984741211,284.899993896484,132.5,100
622.5,52.7999992370605,1260,628,97.9800033569336,285.399993896484,134.259994506836,101.349998474121
637.200012207031,52.6399993896484,1277.5,631,99.4800033569336,282.350006103516,133.179992675781,100.75
628.700012207031,50.939998626709,1258,618.700012207031,96.3399963378906,280.299987792969,131.880004882812,99.1999969482422
626.900024414062,50.9799995422363,1282,636,95.6600036621094,282.600006103516,132.259994506836,100.050003051758
642.799987792969,52.5200004577637,1285,643.299987792969,97.6800003051758,284.350006103516,133.800003051758,100.599998474121
653.299987792969,53.9000015258789,1317.5,654.099975585938,101,289.100006103516,135.059997558594,102.099998474121
633.799987792969,52.560001373291,1288,642.900024414062,100.449996948242,282,126.559997558594,98.9800033569336
622.299987792969,53,1242.5,637.5,99.1600036621094,278.600006103516,126.319999694824,98.0800018310547
612.700012207031,52.5099983215332,1195,617.900024414062,96.7600021362305,266.75,125.220001220703,95.5599975585938
616.599975585938,51.2099990844727,1209,625.5,97.879997253418,271,127.019996643066,95.7399978637695
616,48.4099998474121,1196.5,620.099975585938,97.4199981689453,271.799987792969,125.699996948242,96.4199981689453
627.299987792969,49.8300018310547,1195.5,630,99.0599975585938,270.25,125.839996337891,97.3600006103516
619.400024414062,49.8699989318848,1190,621.099975585938,99.379997253418,264.049987792969,125.599998474121,97.4599990844727
620.799987792969,50.0400009155273,1198.5,632.5,98.9400024414062,263.700012207031,129.380004882812,98.9400024414062
616.599975585938,48.4599990844727,1188.5,624.799987792969,96.9599990844727,261.850006103516,128.139999389648,97.3000030517578
636.599975585938,50.9500007629395,1232,637.900024414062,101.199996948242,267,131.639999389648,100.349998474121
627,49.7099990844727,1212.5,627.700012207031,100.199996948242,262.299987792969,130.960006713867,98.5
634.400024414062,49.4099998474121,1226,631.700012207031,101.150001525879,261.25,131.160003662109,96.9599990844727
634.799987792969,50.9500007629395,1234.5,633.900024414062,101.300003051758,260.100006103516,131.300003051758,97.4000015258789
644.299987792969,51.9199981689453,1268,653.900024414062,104.300003051758,262.850006103516,132.639999389648,99.4599990844727
662.099975585938,51.75,1285.5,667.200012207031,108.599998474121,267,135.440002441406,100.849998474121
668.799987792969,52.4500007629395,1289.5,664.799987792969,109.900001525879,274.399993896484,136.100006103516,101.550003051758
652.799987792969,52.2900009155273,1271.5,650,108.800003051758,270.649993896484,136.279998779297,100.199996948242
650.400024414062,51.2999992370605,1281.5,646,109,268.350006103516,135.419998168945,100.699996948242
646.599975585938,51.7599983215332,1309.5,656.099975585938,109.650001525879,269.049987792969,135.320007324219,99.9800033569336
643.599975585938,52.6100006103516,1328,659.700012207031,110.050003051758,275.549987792969,137.979995727539,102
646.099975585938,52.4900016784668,1358,667.299987792969,111.849998474121,277.25,140.460006713867,103
640,53.0900001525879,1344,659.799987792969,112.150001525879,277.350006103516,141.419998168945,102.050003051758
648.799987792969,54.4700012207031,1349.5,665,114.150001525879,279.950012207031,141.460006713867,102.5
648,52.6599998474121,1335,664.299987792969,113.300003051758,279.149993896484,139.960006713867,106.150001525879
650.900024414062,53.8300018310547,1363.5,671.700012207031,114.25,284.049987792969,140.679992675781,106.949996948242
648.200012207031,53.2400016784668,1370.5,677.200012207031,113.099998474121,283.299987792969,143.679992675781,107.300003051758
651.799987792969,55.560001373291,1385,683.400024414062,114.349998474121,284,143.899993896484,106.699996948242
642.599975585938,55.5299987792969,1398.5,684.799987792969,114.050003051758,285.649993896484,144.759994506836,107.449996948242
647,64.25,1419,682.5,115.25,291.600006103516,147.059997558594,109.199996948242
649,66.5599975585938,1441,692.5,116.449996948242,294.100006103516,151.080001831055,111.050003051758
659.900024414062,65.3099975585938,1459,708.900024414062,120.300003051758,298.399993896484,154.059997558594,112.300003051758
664.200012207031,64.7300033569336,1466.5,707.400024414062,123.699996948242,294,147.960006713867,110.900001525879
681.900024414062,64.4100036621094,1440.5,707.299987792969,123.5,295.5,148.740005493164,111.5
664.799987792969,63.2599983215332,1430,698.599975585938,121.75,284.5,147.580001831055,110.5
658.599975585938,64.1999969482422,1441,705.400024414062,122.650001525879,280.700012207031,146.199996948242,109.75
677.799987792969,63.3400001525879,1478.5,722.900024414062,136,280.600006103516,148.059997558594,111.300003051758
681.5,64.0599975585938,1500,720.799987792969,139.800003051758,281.899993896484,148.300003051758,111.5
711.200012207031,65.370002746582,1536,729.700012207031,140.699996948242,286.5,153.059997558594,113.400001525879
721.099975585938,63.5299987792969,1540,726.099975585938,141.550003051758,284.549987792969,152.020004272461,113.5
718.700012207031,64.4100036621094,1592.5,728.5,141.399993896484,282.5,151.520004272461,114.599998474121
716.900024414062,62.5900001525879,1675.5,733.5,137.899993896484,282.350006103516,156.419998168945,114.699996948242
707.700012207031,64.0199966430664,1643.5,728.299987792969,139.25,278.950012207031,156.740005493164,113.800003051758
704.299987792969,64.0599975585938,1618,718.099975585938,137.399993896484,271.850006103516,153.039993286133,110.449996948242
710.400024414062,63.7400016784668,1629,726.099975585938,138.899993896484,268.399993896484,153.039993286133,108.599998474121
718.599975585938,63.3074998855591,1656.5,734.700012207031,140.649993896484,267.950012207031,153.300003051758,108.699996948242
665.5,61.5499992370605,1604,692,133.449996948242,253.350006103516,148.600006103516,103.949996948242
683.799987792969,60.2299995422363,1640,697.200012207031,138.899993896484,254.300003051758,150.580001831055,106.349998474121
681.400024414062,59.2200012207031,1653,686.599975585938,136.699996948242,255.550003051758,150,106.75
705.099975585938,58.9700012207031,1668.5,697.5,138.850006103516,261.649993896484,150.919998168945,108.199996948242
693.5,63.0499992370605,1617,686.599975585938,136,256.049987792969,148.940002441406,105.599998474121
684,61.5,1606.5,685,135.699996948242,249.399993896484,148.919998168945,104.150001525879
695.299987792969,63.689998626709,1559,690.099975585938,137.449996948242,255.25,149.559997558594,106
735.200012207031,66.6900024414062,1619.5,725,144.75,255.25,149.559997558594,106
717.5,65.9199981689453,1577,714.700012207031,144.199996948242,263,150.559997558594,108.400001525879
708.700012207031,66.0100021362305,1592.5,715,142.199996948242,259,151,108.050003051758
700.5,65.5800018310547,1592.5,710,142.449996948242,254.800003051758,148.559997558594,106.5
694.099975585938,62.4900016784668,1582.5,709,140,253.100006103516,147.220001220703,105.75
690,63.0699996948242,1560,701.599975585938,136.300003051758,248.649993896484,146.580001831055,103.099998474121
694.400024414062,63.2599983215332,1599.5,711.900024414062,137.5,251.199996948242,145.380004882812,104.550003051758
695.900024414062,61.2599983215332,1622.5,713.299987792969,136.75,251.600006103516,145.899993896484,104.800003051758
689.799987792969,61.4700012207031,1525,699,131.300003051758,252.699996948242,143.720001220703,103.050003051758
681.900024414062,58.6699981689453,1543.5,697.799987792969,131.550003051758,245,138.399993896484,102.150001525879
683.400024414062,61,1536.5,701.5,132.699996948242,246.350006103516,148.399993896484,102.849998474121
687.900024414062,61.4199981689453,1550.5,715.400024414062,133.649993896484,249.649993896484,145.919998168945,105.099998474121
688.700012207031,61.689998626709,1533,722,135.399993896484,251.899993896484,147.259994506836,105.599998474121
687,63.2830003738403,1530.5,717.400024414062,136.97894608347,252.571052952817,145.911578529759,105.065790276778
699,63.3600006103516,1538,726.299987792969,136.75,252.949996948242,146.699996948242,105.650001525879
700.599975585938,63.0400009155273,1545,730.799987792969,137.149993896484,255,147.919998168945,106.800003051758
703.5,64.0100021362305,1546,727.900024414062,137.75,254.100006103516,149.240005493164,107.050003051758
707.799987792969,64.4599990844727,1537.5,730,136.949996948242,253.199996948242,149.279998779297,107.5
706.900024414062,64.9100036621094,1536,727,135.681446236058,252.681053563168,142.188578957006,102.941790490401
708,66.0400009155273,1542.5,731,137.75,259.100006103516,145.100006103516,107.150001525879
719.5,67.1600036621094,1559,744,139.050003051758,258.5,147.220001220703,108
740.799987792969,65.3300018310547,1578.5,758,143.300003051758,260.850006103516,146.119995117188,107.800003051758
718.099975585938,65.5999984741211,1504.5,727.099975585938,139.649993896484,252.75,143.240005493164,102.75
717.400024414062,61.8400001525879,1447,715.799987792969,136.649993896484,247.449996948242,140.160003662109,100.099998474121
694.099975585938,58.4199981689453,1374,702.700012207031,132.699996948242,244.25,132.940002441406,97.1600036621094
710.299987792969,60.3899993896484,1376,710,134.949996948242,254.75,131.279998779297,98.4000015258789
715.099975585938,60.0299987792969,1372.5,708.700012207031,134.800003051758,254,132.820007324219,97.6800003051758
685.900024414062,60.9900016784668,1329,690,133.5,256.200012207031,132.479995727539,95.8199996948242
665.5,58.0699996948242,1298.5,675.400024414062,131.100006103516,252.350006103516,129.660003662109,93.1600036621094
681.299987792969,59.296000289917,1345,686.400024414062,135.850006103516,252.649993896484,129.899993896484,93.7200012207031
667.700012207031,57.0800018310547,1336.5,673,134.100006103516,254.199996948242,130.039993286133,93.3399963378906
680.799987792969,56.5,1368.5,697.700012207031,141,253.600006103516,128.619995117188,94.3600006103516
681.900024414062,54.310001373291,1370.5,703.900024414062,141.149993896484,255.649993896484,129.919998168945,95.5199966430664
668.799987792969,53.6100006103516,1364,697.200012207031,134.350006103516,250.600006103516,128.559997558594,93.8000030517578
648.900024414062,56.2900009155273,1308.5,662.799987792969,127.849998474121,240.75,125.220001220703,91.3600006103516
644.799987792969,56.6399993896484,1303,667,128.050003051758,237.75,128.940002441406,90.5999984741211
656.5,54.6800003051758,1314,683.599975585938,133,243.199996948242,130.559997558594,92.0199966430664
653,55.7999992370605,1292.5,694,131.399993896484,242.149993896484,130.639999389648,92.5400009155273
647.799987792969,57.0699996948242,1295.5,716.400024414062,130.100006103516,236.149993896484,128.279998779297,91.9400024414062
656.299987792969,60.0699996948242,1318.5,722.599975585938,132.949996948242,242.25,130.600006103516,94.1999969482422
671.700012207031,61.4900016784668,1343.5,732.200012207031,137.949996948242,243.75,131.279998779297,95.0800018310547
679,66.3000030517578,1350,729.299987792969,137.899993896484,246.149993896484,130.919998168945,94.7399978637695
659.400024414062,64.5,1306,711.700012207031,134.449996948242,242.25,129.119995117188,92.9199981689453
652.200012207031,65.1500015258789,1310,706.099975585938,130.550003051758,240.100006103516,126.26000213623,91.4599990844727
649.400024414062,64.8300018310547,1280,716.099975585938,130.399993896484,240.449996948242,126.5,91.5
643.5,68.3199996948242,1269.5,706.099975585938,130.449996948242,239.100006103516,126.23999786377,90.1600036621094
645,69.9599990844727,1292.5,716.599975585938,135.800003051758,244.949996948242,128.259994506836,91.3600006103516
628.799987792969,70,1246,706.200012207031,134.300003051758,242.899993896484,127.5,90.5999984741211
619.799987792969,67.120002746582,1202,685,133.149993896484,236.199996948242,124.900001525879,88.5599975585938
616.200012207031,66.8000030517578,1186.5,670,130.949996948242,231.149993896484,125.680000305176,87.879997253418
631.5,69.9400024414062,1251,694,133.5,235.25,128.259994506836,90.1399993896484
632.599975585938,70.7600021362305,1241.5,687.599975585938,132,234.25,128.199996948242,90.1600036621094
663.900024414062,68.1399993896484,1255,684.099975585938,130.399993896484,230.550003051758,127.660003662109,90.3600006103516
666.599975585938,67.8099975585938,1203,686.299987792969,129.350006103516,229.399993896484,126.019996643066,90.3000030517578
651.799987792969,66.0720003128052,1200,672.200012207031,128.649993896484,226,124.099998474121,89.7200012207031
643.099975585938,67.2699966430664,1208,669.200012207031,128,223.050003051758,121.73999786377,88.6399993896484
646.5,67,1220,665.799987792969,128.25,217.899993896484,122.76000213623,86.879997253418
620.200012207031,66.0299987792969,1203,635.900024414062,119.949996948242,210.149993896484,119.819999694824,83.0199966430664
638.599975585938,68.9700012207031,1230,666.599975585938,125.75,213.850006103516,123,81.8600006103516
637.099975585938,67.7399978637695,1242,659.900024414062,125.099998474121,212.050003051758,122.800003051758,81.9800033569336
611.700012207031,66.4700012207031,1198,625.799987792969,116.050003051758,204.350006103516,119.860000610352,76.4400024414062
619.5,69.1800003051758,1237.5,638,118.25,205.5,122.360000610352,77.0999984741211
604.299987792969,64.4000015258789,1209,617.400024414062,114.599998474121,200.300003051758,122.059997558594,74.3399963378906
558.599975585938,54.5400009155273,1160.5,577.799987792969,107.900001525879,187,119.940002441406,67.6800003051758
542,46.1599998474121,1144,567.799987792969,105.400001525879,176.899993896484,114.800003051758,64.9800033569336
535.200012207031,46.5900001525879,1080.5,550.099975585938,100.75,184.940002441406,112.099998474121,66.0400009155273
580.799987792969,50.3899993896484,1170.5,602.599975585938,113.449996948242,210.149993896484,116.019996643066,73.9599990844727
551.799987792969,50.2000007629395,1124.5,587.900024414062,109.5,197.080001831055,113.779998779297,69.9000015258789
557.099975585938,49.3199996948242,1125,594.900024414062,110.300003051758,204,115.059997558594,70.6800003051758
564.599975585938,49.2900009155273,1149.5,598.700012207031,107.650001525879,206.100006103516,107.660003662109,71.9199981689453
557.200012207031,50.1599998474121,1113.5,590,104,203.699996948242,108.440002441406,71.8600006103516
588,54.7000007629395,1197.5,628.900024414062,114.449996948242,213.600006103516,113.360000610352,76.3000030517578
593.5,55.3199996948242,1204.5,629.799987792969,116.300003051758,214.149993896484,113.319999694824,76.4599990844727
604.5,55.560001373291,1218,639.400024414062,118.599998474121,216.600006103516,117.800003051758,78.2600021362305
595.700012207031,54.5200004577637,1211,633.200012207031,116.099998474121,213.550003051758,117.040000915527,75.6399993896484
596.700012207031,54.8499984741211,1221,643.900024414062,118.400001525879,216.649993896484,121.540000915527,78.0800018310547
580.799987792969,53.6699981689453,1206,624.299987792969,116.699996948242,211.75,122.599998474121,77.2799987792969
577.200012207031,53.4099998474121,1204,624.700012207031,114.25,210.350006103516,119.73999786377,76.3399963378906
582.299987792969,53.8800010681152,1224,626,114.599998474121,212.449996948242,121.220001220703,76.3600006103516
584.299987792969,53.7700004577637,1238.5,635.700012207031,116,212.800003051758,121.139999389648,76.7200012207031
599.900024414062,56.8600006103516,1307,671.799987792969,123.949996948242,217.800003051758,125.220001220703,79.4599990844727
586.400024414062,54.4900016784668,1303,660.5,121.099998474121,216.399993896484,124,78.4000015258789
575.700012207031,51.3899993896484,1291.5,649.400024414062,118,211.899993896484,123.059997558594,77.4400024414062
575.299987792969,50.9900016784668,1270.5,649.599975585938,117.150001525879,210.100006103516,121.860000610352,76.9199981689453
585.700012207031,50.7099990844727,1301,663.900024414062,120.300003051758,212.600006103516,122.660003662109,78.8399963378906
584.599975585938,49.2999992370605,1316.5,660.900024414062,122.349998474121,209.649993896484,122.580001831055,77.8199996948242
557.099975585938,48.0200004577637,1290,636.200012207031,115.349998474121,202.5,117.040000915527,74.0199966430664
548.400024414062,47.689998626709,1277,624,114.599998474121,203.699996948242,116.900001525879,73.3000030517578
551.299987792969,47.8600006103516,1294,631.700012207031,116.849998474121,207.600006103516,119.220001220703,75.4400024414062
535.299987792969,48.6399993896484,1252.5,619.900024414062,114.949996948242,202.399993896484,114.580001831055,72.3000030517578
531.799987792969,49.6500015258789,1263,630.900024414062,116.5,202.399993896484,117.620002746582,73.7600021362305
526.299987792969,50.7099990844727,1250,634.099975585938,115.550003051758,197.759994506836,116.919998168945,73.879997253418
533.799987792969,49.7999992370605,1283.5,640,119.5,201,123.860000610352,75.3600006103516
536.384997558594,49.810001373291,1241.4,632.169998168945,116.129999542236,201.141000366211,119.892000961304,73.9250003814697
529.900024414062,52.1399993896484,1237,634.099975585938,119.599998474121,203.699996948242,126.199996948242,75.4400024414062
541.900024414062,52.0699996948242,1247.5,642.299987792969,121.800003051758,208.050003051758,125.940002441406,77.2600021362305
553.099975585938,50.689998626709,1254.5,653.400024414062,120.5,208.050003051758,125.940002441406,77.2600021362305
529.200012207031,48.5400009155273,1232.5,639.599975585938,117.349998474121,208.050003051758,122.180000305176,77.2600021362305
506.200012207031,48.6500015258789,1179,615.599975585938,110.099998474121,192.240005493164,117.419998168945,71.3600006103516
507.399993896484,46.4799995422363,1165.5,607.299987792969,108.849998474121,188.440002441406,115.040000915527,69.1800003051758
507.200012207031,47.4300003051758,1186,616.599975585938,110.75,188.440002441406,115.040000915527,69.1800003051758
505.899993896484,48.8800010681152,1188.5,617.200012207031,113.099998474121,188.240005493164,118.319999694824,68.4599990844727
513.099975585938,47.7000007629395,1186.5,619.5,115.5,193.720001220703,120.440002441406,70.6800003051758
504.200012207031,48.9700012207031,1153,606.599975585938,111.949996948242,194.179992675781,118.080001831055,70.7799987792969
490.299987792969,48.2000007629395,1129,600.5,112.5,192.259994506836,116.300003051758,70.9199981689453
480.850006103516,48.5400009155273,1103,593.299987792969,109.550003051758,193.800003051758,114.019996643066,70.5800018310547
470.899993896484,44.9799995422363,1076,574,107.650001525879,188.220001220703,114.120002746582,67.4199981689453
457.899993896484,44.1199989318848,1042,561.900024414062,104.900001525879,188.220001220703,114.120002746582,67.4199981689453
442.450012207031,41.3899993896484,1015,542.599975585938,100.650001525879,173.539993286133,106.120002746582,67.4199981689453
442.899993896484,41.1100006103516,1016.5,549.5,102.150001525879,173.360000610352,103.459999084473,62.7200012207031
459.600006103516,37.310001373291,1054,573,107.650001525879,181.860000610352,104.620002746582,62.7200012207031
449,40.7299995422363,1034,565.400024414062,105.050003051758,180.479995727539,105.080001831055,64.120002746582
460.100006103516,43,1070,581.299987792969,106.5,180.479995727539,105.080001831055,64.120002746582
460.75,43.189998626709,1065,575,106.75,180.059997558594,107.860000610352,65.0999984741211
470.350006103516,45.0900001525879,1090.5,590.099975585938,108.75,183.300003051758,108.639999389648,66.2600021362305
463.299987792969,42.5,1069,578.5,106.150001525879,175.979995727539,106.400001525879,62.939998626709
454.100006103516,42.6500015258789,1055,568.5,105.599998474121,175.979995727539,102.180000305176,62.939998626709
450.350006103516,41.6800003051758,1034.5,556.599975585938,91.7600021362305,172.800003051758,101.959999084473,62.0800018310547
455,42.1399993896484,1039.5,560.900024414062,92.5,175.479995727539,100.879997253418,62.9000015258789
446.899993896484,39.1599998474121,1030.5,551.799987792969,92.9800033569336,171.199996948242,98.7200012207031,60.4799995422363
452.100006103516,42.8899993896484,1020.5,551,94.8000030517578,171.199996948242,98.7200012207031,60.4799995422363
467.700012207031,45.8800010681152,1045.5,571.200012207031,104.417895266884,176.759994506836,104.099998474121,64.2600021362305
489,47.5699996948242,1092,593.400024414062,103.849998474121,176.759994506836,104.099998474121,64.2600021362305
505.299987792969,46.4350002288818,1135,608.599975585938,106.900001525879,176.759994506836,104.099998474121,64.2600021362305
509.700012207031,48.7400016784668,1110,597.200012207031,106.349998474121,184.460006713867,109.519996643066,69.2200012207031
509.799987792969,49.2700004577637,1099,597.799987792969,106.25,182.440002441406,110.720001220703,68.1999969482422
520.5,49.0499992370605,1122.5,608.099975585938,109.099998474121,182.440002441406,110.720001220703,68.1999969482422
521,49.7000007629395,1119,609.099975585938,110.150001525879,182.440002441406,112.779998779297,68.1999969482422
526.099975585938,51.0699996948242,1127,613.799987792969,102.52589468705,188.339996337891,112.639999389648,71.0400009155273
525,52.1300010681152,1111.5,608.400024414062,111.349998474121,186,112.940002441406,70.9000015258789
523,51.6599998474121,1098.5,601.700012207031,111.300003051758,186.979995727539,114.440002441406,72.379997253418
515,50.4000015258789,1074,587.599975585938,107.849998474121,181.399993896484,112.720001220703,70.4800033569336
510.399993896484,48.25,1049,572.900024414062,103.900001525879,175.699996948242,109.339996337891,69.3000030517578
495.600006103516,45.6800003051758,1006,550,101.199996948242,169.679992675781,105.5,66.5
491.299987792969,46.3800010681152,980.799987792969,544,98.8399963378906,164.539993286133,106.519996643066,66.0999984741211
504,47.4099998474121,990,551.799987792969,100.900001525879,166.440002441406,108.300003051758,67.7600021362305
489.149993896484,43.6699981689453,970.200012207031,539.400024414062,97.0599975585938,162,102.76000213623,65.4000015258789
481.850006103516,45,973.799987792969,544.700012207031,95.1800003051758,166,103.019996643066,65.0199966430664
484.399993896484,45.9821050543534,985.799987792969,542.5,95.6399993896484,166.520004272461,102.699996948242,64.7399978637695
494.299987792969,44.8699989318848,1002.5,553.5,97.5800018310547,166.080001831055,103.400001525879,64.9000015258789
487.899993896484,43.7599983215332,1014,551.700012207031,97.5199966430664,164.979995727539,100.26000213623,64.3000030517578
490,44.1100006103516,1035,566,97.9599990844727,167.059997558594,101.73999786377,64.0599975585938
502.5,46.0200004577637,1067.5,587.400024414062,102.150001525879,170.360000610352,104.73999786377,66.879997253418
496.649993896484,44.7099990844727,1062.5,580.200012207031,103.150001525879,171.880004882812,104.720001220703,65.9400024414062
503.600006103516,44.25,1068,589.099975585938,104,170.320007324219,99.7699966430664,64.4800033569336
500.600006103516,42.0499992370605,1076,589,102.800003051758,170.020004272461,99.6800003051758,63.9199981689453
490.100006103516,41.0099983215332,1067,581.700012207031,101.650001525879,168.759994506836,97.5199966430664,62.8400001525879
487.25,41.2299995422363,1065.5,580,100.25,167.639999389648,96.9100036621094,62.2999992370605
490.399993896484,43.1516050238358,1065,585.299987792969,100.949996948242,167.660003662109,98.0899963378906,61.560001373291
479.649993896484,41.9599990844727,1060,572,96.879997253418,166.240005493164,100.099998474121,61.0200004577637
489.450012207031,41.5800018310547,1113.5,597.599975585938,98.3000030517578,164.539993286133,101.940002441406,63.560001373291
505.200012207031,43.1199989318848,1085.5,607.599975585938,99.0800018310547,169.279998779297,105.180000305176,66.3199996948242
501,43.0400009155273,1070,606.900024414062,102.25,168.460006713867,106.040000915527,65.9800033569336
496.149993896484,41.7099990844727,1075,604.299987792969,101.25,163.080001831055,105.220001220703,65.1600036621094
504.899993896484,42.7700004577637,1107.5,610.700012207031,102.599998474121,163.080001831055,105.220001220703,65.1600036621094
500,42.6300010681152,1102,606.200012207031,101.800003051758,160.940002441406,103.540000915527,64.4199981689453
496.75,41.939998626709,1095.5,606.400024414062,100.900001525879,154.440002441406,102.300003051758,62.7799987792969
496.899993896484,42.7099990844727,1123,608.400024414062,98.0199966430664,160.960006713867,104.26000213623,63.7000007629395
510.799987792969,43.5800018310547,1139.5,614.299987792969,101.949996948242,165.179992675781,104.019996643066,65.2399978637695
528.299987792969,46.2900009155273,1173.5,628.099975585938,106.050003051758,175.919998168945,106.099998474121,67.5599975585938
526.799987792969,48.1800003051758,1175.5,625.700012207031,105.849998474121,173.899993896484,109.419998168945,68.0999984741211
530.200012207031,48.4099998474121,1196,633.299987792969,106.849998474121,175.080001831055,109.23999786377,70.3600006103516
531.299987792969,47.7299995422363,1205,634.700012207031,106.75,176.619995117188,107.580001831055,70.4000015258789
533,48.4199981689453,1209,637.400024414062,108.75,176.020004272461,106.459999084473,69.0199966430664
524.900024414062,46.1100006103516,1192,625.200012207031,107.099998474121,169.720001220703,105.720001220703,66.7399978637695
528,48.3400001525879,1203.5,636,108.900001525879,161.059997558594,104.660003662109,64
556.099975585938,48.6300010681152,1241,662.900024414062,112.099998474121,166.339996337891,108.360000610352,66.1399993896484
556.900024414062,48.6800003051758,1334,675,113.949996948242,167.800003051758,110.779998779297,65.620002746582
552.900024414062,49.0900001525879,1347.5,688.299987792969,110.859999084473,170.919998168945,111.800003051758,67.3399963378906
543.5,47.9599990844727,1330,679,112,167.080001831055,110.26000213623,64.8199996948242
553.400024414062,49.4000015258789,1342.5,685.599975585938,113.599998474121,171,112.220001220703,67.4199981689453
556.400024414062,49.3300018310547,1383,693,115.900001525879,175.240005493164,112,69.1399993896484
543.599975585938,49.5999984741211,1348,682.200012207031,112.75,171.559997558594,111.319999694824,67.1999969482422
550.799987792969,50.9900016784668,1356.5,689.099975585938,114.699996948242,175.100006103516,111.839996337891,67.4800033569336
545.900024414062,48.5900001525879,1338.5,679.5,111.5,169,107.76000213623,64.4000015258789
554,50.0499992370605,1370,690,113.599998474121,173.360000610352,109.680000305176,67.7600021362305
559.700012207031,50.7999992370605,1379.5,693.599975585938,115.599998474121,172.020004272461,111.040000915527,68.3600006103516
561,51.5999984741211,1378,694.5,114.599998474121,173.199996948242,112.040000915527,68.8199996948242
561.299987792969,51.9799995422363,1388,699.5,114.699996948242,172.940002441406,113.319999694824,68.8600006103516
564.099975585938,53.4599990844727,1389.5,698.900024414062,112.050003051758,173.360000610352,115.620002746582,69.2399978637695
563.5,53.7999992370605,1393.5,700.400024414062,112.050003051758,169.100006103516,114.819999694824,67.6600036621094
562.700012207031,53.8499984741211,1407.5,706.900024414062,112.849998474121,167.520004272461,115.059997558594,66.9199981689453
558.099975585938,51.9000015258789,1396.5,698.299987792969,112.099998474121,165.600006103516,113.180000305176,65.7200012207031
540.5,49.8199996948242,1378,682.599975585938,109.099998474121,156.979995727539,112,63.8199996948242
538.700012207031,50.4900016784668,1363.5,679.799987792969,110,156.300003051758,111.660003662109,62.5999984741211
543.599975585938,50.7599983215332,1394,686.799987792969,113.900001525879,158.839996337891,112.300003051758,64.1800003051758
543.5,51.8300018310547,1388,687.700012207031,115.099998474121,158,112.720001220703,64.1399993896484
528.900024414062,49.3899993896484,1336.5,669,111.400001525879,151.539993286133,109.699996948242,62.0999984741211
517.099975585938,49.0800018310547,1320.5,662.900024414062,111.099998474121,148.279998779297,107.819999694824,60.4599990844727
515.5,49.1500015258789,1313,661.799987792969,110.949996948242,151.539993286133,107.860000610352,62.3199996948242
503,47.1800003051758,1282.5,647.5,109.849998474121,148.279998779297,105.720001220703,61.0200004577637
492.200012207031,47.5,1250,632.799987792969,104.949996948242,145.160003662109,105.339996337891,59.2200012207031
496.100006103516,47.7900009155273,1271,644.599975585938,107.550003051758,148.279998779297,107.5,61.3199996948242
494.25,48.3090003967285,1255,635,105.949996948242,145.199996948242,106.779998779297,60.5
499.5,46.2000007629395,1271.5,638.099975585938,106.449996948242,144.360000610352,106.76000213623,60.8199996948242
511.700012207031,47.9199981689453,1275,641.400024414062,106.949996948242,141.979995727539,106.76000213623,59.8199996948242
515.400024414062,48.2900009155273,1284,643.5,103.900001525879,142.360000610352,108.900001525879,58.9799995422363
522.200012207031,49.7700004577637,1309,652.299987792969,107.050003051758,145.360000610352,109.980003356934,60.3800010681152
530.099975585938,50.8199996948242,1317.5,658.900024414062,108.199996948242,149.220001220703,111.339996337891,62.4799995422363
523.099975585938,48,1298.5,650.900024414062,106.449996948242,142.899993896484,107.459999084473,60.9199981689453
519.099975585938,46.3600006103516,1295.5,654.200012207031,106,142.300003051758,106.699996948242,60.6599998474121
504.200012207031,46.1300010681152,1245.5,641.400024414062,103.650001525879,136.600006103516,105.839996337891,57.2999992370605
494.149993896484,44.4900016784668,1226.5,639.5,100.050003051758,135.139999389648,104.040000915527,57.3800010681152
493.149993896484,45.2099990844727,1242,641,101.449996948242,136.699996948242,105.440002441406,57.6800003051758
495.399993896484,43.8600006103516,1244.5,634,101.800003051758,135.740005493164,103.660003662109,55.6800003051758
501.5,43.3699989318848,1270.5,643.599975585938,100.150001525879,136.479995727539,104.160003662109,57.060001373291
495.5,42.2700004577637,1208,624.900024414062,97.5400009155273,133.460006713867,100.160003662109,54.1800003051758
477.200012207031,40.189998626709,1171.5,603.200012207031,96.1800003051758,130.960006713867,99.1399993896484,53.1399993896484
473.049987792969,38.6599998474121,1174,606.799987792969,96.5599975585938,130.100006103516,100.220001220703,52.7799987792969
458.399993896484,38.75,1184.5,604.200012207031,96.6399993896484,127.300003051758,100.26000213623,51.9199981689453
462.700012207031,39.7700004577637,1212.5,613.200012207031,96.4000015258789,130.240005493164,102.300003051758,53.1399993896484
455.049987792969,39.2000007629395,1207.5,608,92.9199981689453,124.019996643066,98.5899963378906,50.8800010681152
458.549987792969,38.439998626709,1217,610.400024414062,94.2799987792969,118.879997253418,86.4000015258789,47.9700012207031
454.799987792969,40.1199989318848,1228,608,96.1600036621094,119,86.7200012207031,47.5699996948242
480.5,43.310001373291,1303,646.799987792969,101.400001525879,126.199996948242,88.9199981689453,50.439998626709
464.600006103516,43.9000015258789,1296.5,637.299987792969,99.9400024414062,122.800003051758,89.9700012207031,49.3800010681152
456,43.5999984741211,1297,635.099975585938,99.7399978637695,121.860000610352,92.4100036621094,50.1199989318848
449.5,42,1265,618.200012207031,97.9199981689453,115.559997558594,89.6999969482422,47.560001373291
443.549987792969,41.2200012207031,1248.5,610.5,96.5400009155273,114.23999786377,88.5800018310547,46.8199996948242
445.25,42.1500015258789,1261,610.5,95.5400009155273,115.080001831055,89.620002746582,47.4900016784668
445.450012207031,42.2200012207031,1284,621.900024414062,97.4000015258789,111.879997253418,90.5699996948242,46.8800010681152
443.200012207031,41.939998626709,1254.5,617.5,97.2200012207031,113.120002746582,90.6999969482422,46.4500007629395
448,41.189998626709,1274.5,625.200012207031,97.9199981689453,114.120002746582,90.9599990844727,46.3800010681152
462.899993896484,43.2700004577637,1307.5,637.700012207031,100.699996948242,118.180000305176,91.5400009155273,47.6500015258789
465.5,44.2700004577637,1313,636.099975585938,102.25,118.279998779297,91.5400009155273,48.1599998474121
459,42.7700004577637,1305,625,100,115.680000305176,90.9400024414062,46.810001373291
469.600006103516,42.5,1325.5,634,102.300003051758,114.800003051758,91.370002746582,47.2999992370605
454.100006103516,43.9900016784668,1304,631.5,100.449996948242,103.860000610352,88.8499984741211,43.8499984741211
456.399993896484,43.189998626709,1292,635.900024414062,100.650001525879,103.819999694824,88.870002746582,44.6599998474121
472.399993896484,45.5800018310547,1354.5,658,103.099998474121,100.5,91.6900024414062,46.8199996948242
477.200012207031,45.5299987792969,1367,663,103.5,102,93.2600021362305,47.0099983215332
471.100006103516,45.5999984741211,1344,655.400024414062,101.5,99.3399963378906,92.1399993896484,45.9599990844727
463.75,46.1300010681152,1320,649.299987792969,97.7799987792969,99.3499984741211,92.5299987792969,45.7799987792969
463.700012207031,45.6800003051758,1310.5,639,97.9400024414062,98.9800033569336,94.379997253418,44.810001373291
476.450012207031,46.5,1350,650.799987792969,101.099998474121,98.9700012207031,95.3600006103516,46.4300003051758
473.049987792969,44.2799987792969,1342.5,636.700012207031,99.1600036621094,96.879997253418,93.7099990844727,46.8600006103516
470.149993896484,44.5200004577637,1308.5,630,97.6999969482422,93.9499969482422,93.1999969482422,46.310001373291
503.399993896484,47.6500015258789,1357,666.200012207031,104.300003051758,114.040000915527,95.5599975585938,46.0800018310547
505,47.0099983215332,1348,656,103.599998474121,114.959999084473,94.879997253418,46.2200012207031
515.599975585938,46.9300003051758,1367,657.5,103.099998474121,120,95.0400009155273,45.5800018310547
512.200012207031,44.8600006103516,1354.5,658,103.75,124.440002441406,92.7399978637695,45.8300018310547
532,49.0499992370605,1434,686.799987792969,107.099998474121,128,96.879997253418,47.9099998474121
543.599975585938,53.7599983215332,1468,706.200012207031,118.300003051758,135.639999389648,101.919998168945,51.939998626709
541.799987792969,52.0499992370605,1448.5,700.700012207031,116.949996948242,131.860000610352,101.720001220703,51.3800010681152
547.200012207031,54.0099983215332,1455,704.200012207031,116.699996948242,132.119995117188,103.419998168945,52.5200004577637
538,52.5699996948242,1442.5,698.599975585938,114.599998474121,129.720001220703,102.199996948242,52.6399993896484
540.400024414062,53.2900009155273,1453.5,696.799987792969,114.650001525879,129.039993286133,100.120002746582,51.6399993896484
551.099975585938,52.5800018310547,1470,698.200012207031,116.25,129.199996948242,101.300003051758,51.439998626709
549.599975585938,51.5,1477.5,699.299987792969,114.5,124.300003051758,101.540000915527,49.9199981689453
542.900024414062,53.2900009155273,1463.5,697.900024414062,113.900001525879,123,101.980003356934,49.7400016784668
546.099975585938,53.4300003051758,1487,701.900024414062,115.349998474121,124.300003051758,102.980003356934,49.6300010681152
547.700012207031,54.8195003509521,1487,702.200012207031,116,126.660003662109,103.419998168945,50.6199989318848
545.299987792969,53.2999992370605,1478.5,700.200012207031,114.800003051758,123.980003356934,102.160003662109,49.7700004577637
545.200012207031,54.0800018310547,1496,698.700012207031,117.300003051758,121.26000213623,101.599998474121,48.6500015258789
552.599975585938,55.8300018310547,1484,702,119.949996948242,120.940002441406,102.580001831055,47.8499984741211
567.400024414062,57.3499984741211,1542.5,737.299987792969,124.050003051758,122.26000213623,103.059997558594,48.7000007629395
567.099975585938,58.7000007629395,1532.5,721,123,124.919998168945,105.779998779297,50.2000007629395
559.700012207031,59.0800018310547,1520.5,715.299987792969,122.75,124.26000213623,105.980003356934,50.3199996948242
546.200012207031,58.2900009155273,1509.5,714.5,121.849998474121,122.059997558594,104.620002746582,49.8199996948242
545.200012207031,57.9000015258789,1517.5,714.200012207031,123.050003051758,119.059997558594,102.879997253418,49.3800010681152
522.599975585938,57.4500007629395,1516.5,712.799987792969,121.550003051758,117.559997558594,102.800003051758,50.7200012207031
522.599975585938,58.8800010681152,1517.5,719,123.199996948242,117.540000915527,104.019996643066,50.9799995422363
523.5,57.0099983215332,1528.5,720.299987792969,123.300003051758,118.900001525879,104.419998168945,52.0800018310547
517.900024414062,58.0299987792969,1536,716.200012207031,122.800003051758,117.5,105.139999389648,51.7400016784668
524,58.6399993896484,1562,726.700012207031,125.349998474121,124,106.180000305176,54
524.700012207031,58.7799987792969,1578,727.400024414062,124.550003051758,123.980003356934,106.120002746582,54.6199989318848
495.5,58.2299995422363,1499,701.599975585938,120.150001525879,118.559997558594,101.620002746582,51.6199989318848
491.049987792969,57.3699989318848,1486.5,693.799987792969,118.199996948242,121.099998474121,100.220001220703,52.3400001525879
485.850006103516,55.75,1478.5,687.299987792969,118.099998474121,121.180000305176,97.8099975585938,51.6399993896484
467.350006103516,55.4199981689453,1466,682.900024414062,116.449996948242,118.300003051758,96.129997253418,50.7999992370605
481.350006103516,57.1500015258789,1495.5,691.5,119.449996948242,126.300003051758,110.339996337891,55.5999984741211
475.100006103516,55.9599990844727,1464.5,684,117.900001525879,125.160003662109,109.680000305176,55
471.950012207031,55.7000007629395,1443,673.799987792969,116.800003051758,125.860000610352,109.459999084473,54.8400001525879
478.5,56.4300003051758,1472.5,690.200012207031,120.699996948242,126.339996337891,110.620002746582,55.2400016784668
476.299987792969,55.5699996948242,1462.5,686.599975585938,121.400001525879,125.779998779297,109.319999694824,55.2400016784668
482.600006103516,57.2000007629395,1485,696.5,121.550003051758,128.380004882812,110.120002746582,56.560001373291
475.5,57.3199996948242,1445,679.900024414062,119.900001525879,127.459999084473,109.339996337891,56.7000007629395
