"SAN.PA.Close","NOVN.SW.Close","BAYN.DE.Close","AZN.Close","UCB.BR.Close","MRK.DE.Close","ARGX.Close","GSK.L.Close"
89.7298049926758,87.0234031677246,73.5199966430664,50.3899993896484,71.2399978637695,106,160.460006713867,1790.27612304688
90.2867660522461,87.4622268676758,72.5800018310547,50.0900001525879,70.7600021362305,107.25,158.580001831055,1797.52905273438
90.8536682128906,87.2821502685547,71.7399978637695,49.8800010681152,73.3399963378906,108.400001525879,156.419998168945,1783.42614746094
90.5354080200195,87.5190963745117,72.129997253418,50.0699996948242,73.8000030517578,109.5,155.259994506836,1775.3671875
90.8437194824219,87.0546798706055,74,49.9500007629395,73.8399963378906,111.300003051758,156.5,1784.23205566406
91.5001373291016,87.5380554199219,74.7200012207031,50.0800018310547,76.2399978637695,112.550003051758,165.229995727539,1803.37182617188
92.2162246704102,86.8556442260742,75.3600006103516,49.8499984741211,77.4199981689453,113.699996948242,163.740005493164,1810.62475585938
91.5697555541992,86.2964477539062,74.7300033569336,49.6699981689453,78.9199981689453,113.400001525879,156.75,1822.51159667969
90.7741012573242,86.4954833984375,74.5400009155273,50.1800003051758,79.8000030517578,115.099998474121,153.600006103516,1817.67626953125
91.2216567993164,86.8840789794922,75.3199996948242,50.7999992370605,79.9000015258789,116.050003051758,152.600006103516,1848.70288085938
91.1122512817383,86.8461685180664,74.7600021362305,50.5099983215332,78.8600006103516,114.800003051758,150.039993286133,1821.302734375
91.6891021728516,87.9361267089844,75.25,51.3300018310547,79.9599990844727,115.5,154.389999389648,1859.58227539062
91.4006805419922,87.8792572021484,75.5,49.8754999160767,80.379997253418,116.300003051758,152.138499450684,1851.52355957031
90.8636093139648,88.0403823852539,75.75,50.7999992370605,81.4400024414062,117.400001525879,153.350006103516,1851.52355957031
88.3871383666992,87.3390197753906,74.6800003051758,50.4500007629395,82,117,153.509994506836,1833.39099121094
88.7252960205078,87.0262451171875,74.0999984741211,50.2000007629395,81.7799987792969,117.449996948242,149.229995727539,1836.4130859375
88.6258392333984,86.7703399658203,75.25,49.2799987792969,82.1999969482422,120,144.75,1836.21154785156
86.2289276123047,85.9741973876953,73.5599975585938,48.9000015258789,81.3600006103516,117.599998474121,143.320007324219,1795.71594238281
87.1936645507812,87.7560424804688,75.6500015258789,49.5999984741211,82.4000015258789,118.75,143.580001831055,1805.18505859375
88.1882247924805,88.8365249633789,74.9000015258789,49.6599998474121,83.0999984741211,119.050003051758,148.190002441406,1827.34692382812
87.3826293945312,87.4148406982422,73.4599990844727,49.0900001525879,81.879997253418,118.199996948242,147.229995727539,1805.58801269531
86.4775695800781,86.4101791381836,73.0500030517578,48.7000007629395,83.0800018310547,115.900001525879,144.289993286133,1797.12622070312
87.1240386962891,86.6755599975586,73.3199996948242,48.5099983215332,83.620002746582,117.349998474121,150.789993286133,1814.0498046875
88.0788269042969,87.4053649902344,75.4000015258789,48.7599983215332,84.5599975585938,117.800003051758,155.059997558594,1828.35424804688
89.4413833618164,88.7227935791016,77.2799987792969,49.7299995422363,87.3000030517578,121.050003051758,155.850006103516,1752.39953613281
93.1411666870117,89.1587753295898,78.2900009155273,50.0299987792969,87.5,121,155.5,1707.26977539062
93.0715484619141,88.883918762207,77.629997253418,49.4000015258789,87.0599975585938,120.199996948242,154.490005493164,1712.70959472656
92.9621505737305,89.6326751708984,77.120002746582,49.9099998474121,87.8000030517578,120.099998474121,157.460006713867,1730.23754882812
93.4196472167969,90.6752471923828,77.1999969482422,49.7799987792969,88.0599975585938,120.849998474121,157.559997558594,1715.93310546875
92.4250793457031,90.6752471923828,77.6600036621094,49.5800018310547,88.9400024414062,121.849998474121,160.199996948242,1708.47875976562
91.8780670166016,90.8174133300781,77.3000030517578,49.3300018310547,89.3600006103516,122.75,161.039993286133,1693.77124023438
91.7388305664062,90.6278533935547,77.370002746582,47.8499984741211,89.7399978637695,122.349998474121,160.190002441406,1680.87707519531
91.8084487915039,90.5709838867188,75.9199981689453,48.3694997787476,89.5800018310547,122.699996948242,155.281000518799,1673.82556152344
93.2008438110352,90.4193420410156,75.2099990844727,49.1100006103516,88.8000030517578,123.5,160.119995117188,1679.26525878906
93.4892654418945,90.8174133300781,75.4800033569336,49.310001373291,89.5,125.599998474121,161.880004882812,1690.34619140625
92.9919815063477,89.6231918334961,74.6600036621094,48.939998626709,92.2799987792969,122.75,161.169998168945,1662.14025878906
92.8229064941406,89.471549987793,74.0899963378906,50.1699981689453,91.9000015258789,124.050003051758,161.100006103516,1670.40063476562
91.0724716186523,86.5239181518555,70.5,47.5900001525879,89.620002746582,118,156.300003051758,1641.79162597656
89.9486083984375,82.2493743896484,69.7900009155273,47.0800018310547,87.9800033569336,116.150001525879,153.490005493164,1613.98852539062
90.4061126708984,81.9271240234375,69.9000015258789,47.5699996948242,91.6999969482422,115.900001525879,150.509994506836,1644.61218261719
87.9594802856445,80.6096954345703,66.9100036621094,45.0699996948242,88.4000015258789,112.900001525879,143.539993286133,1641.79162597656
83.4739837646484,77.0080871582031,65.2099990844727,43.7999992370605,83.5599975585938,109.050003051758,141.380004882812,1573.69421386719
85.1249618530273,77.7189331054688,65.120002746582,45.8699989318848,86.5199966430664,111.199996948242,147.990005493164,1641.99304199219
85.6222457885742,76.8374862670898,64.1999969482422,45.5200004577637,89.7200012207031,113.150001525879,147.360000610352,1619.83117675781
89.0932846069336,78.4013366699219,66.9899978637695,48.5999984741211,90.6999969482422,114.550003051758,156.820007324219,1676.04174804688
88.9838790893555,77.8042297363281,66.3300018310547,48.3800010681152,91.1800003051758,114.900001525879,153.410003662109,1651.865234375
84.5978393554688,75.1314544677734,63.7799987792969,47.5200004577637,87.9599990844727,110,150.110000610352,1605.3251953125
79.4957122802734,72.0700912475586,58.4199981689453,45.2299995422363,84,102.900001525879,142.300003051758,1559.3896484375
77.9441909790039,73.2643051147461,56.439998626709,46.9000015258789,81.9599990844727,100.300003051758,147,1525.74401855469
79.1973419189453,73.5012588500977,56.0699996948242,44.5800018310547,82.4199981689453,98.6800003051758,133.809997558594,1533.80285644531
73.0409774780273,66.3075180053711,48.2050018310547,40.7599983215332,75.5999984741211,89.5800018310547,114.699996948242,1414.9345703125
73.0111389160156,67.2458267211914,48.0499992370605,42.2799987792969,70.1399993896484,91.3000030517578,123.330001831055,1413.12145996094
76.1838073730469,66.525505065918,48.125,37.7900009155273,69.0400009155273,87.4800033569336,108.830001831055,1411.71105957031
78.0237579345703,70.0797271728516,50.5699996948242,40.9300003051758,65.8399963378906,87.5800018310547,112.919998168945,1512.84985351562
75.6865234375,68.2599639892578,48.0999984741211,39.3600006103516,63.4199981689453,81.2600021362305,110.870002746582,1447.97595214844
75.4677200317383,71.7478408813477,49.814998626709,40.1300010681152,65.5800018310547,83.4599990844727,121,1465.70544433594
73.4487457275391,70.1365966796875,50.0999984741211,39.4199981689453,66.8399963378906,85.3600006103516,118.839996337891,1459.66125488281
71.6585311889648,66.364387512207,47.5,38.7799987792969,61.6599998474121,84.879997253418,129,1384.7138671875
74.3339157104492,68.78125,51.6500015258789,40.8899993896484,67.9800033569336,89.4800033569336,130.919998168945,1426.015625
76.3827209472656,70.6673583984375,51.689998626709,40.3800010681152,68.8000030517578,93.0800018310547,128.710006713867,1500.56005859375
77.27783203125,72.9041442871094,51.7400016784668,42.3600006103516,76,93.5,132.679992675781,1512.24536132812
76.5816345214844,72.0321807861328,50.6699981689453,42.4700012207031,76.8199996948242,90.6800003051758,130.679992675781,1453.6171875
80.0725631713867,73.7382049560547,52.6800003051758,44.5299987792969,75.5199966430664,89.5,133,1492.90405273438
79.7045745849609,75.6811752319336,52.8499984741211,44.6599998474121,79,93.620002746582,131.729995727539,1525.74401855469
78.5110931396484,74.7807769775391,52.3400001525879,43.7799987792969,81.3600006103516,89.8600006103516,127.440002441406,1510.43212890625
79.0481567382812,76.5626220703125,52.8499984741211,43.7599983215332,78.7799987792969,90.0800018310547,133.309997558594,1504.1865234375
80.9179458618164,77.3871994018555,53.0299987792969,43.9599990844727,80.0999984741211,91.5999984741211,132.110000610352,1500.35864257812
84.3690872192383,78.951057434082,55.7900009155273,44.310001373291,80.5800018310547,93.2600021362305,137,1520.50573730469
83.5436019897461,78.477165222168,57.2900009155273,43.0999984741211,81.4000015258789,96.8399963378906,138.149993896484,1525.94555664062
81.5544662475586,78.1454391479492,56.3699989318848,43.8499984741211,79.8000030517578,95.5599975585938,140.279998779297,1510.43212890625
81.6837615966797,77.8326644897461,57.4700012207031,44.6599998474121,80.2399978637695,95.8000030517578,143.580001831055,1555.56176757812
83.798706817627,78.75202293396,56.5599996566772,47.3600006103516,81.303999710083,97.0630004882812,139.210006713867,1587.32376708984
82.2009353637695,78.477165222168,58.8899993896484,48.6800003051758,80.3399963378906,98.1999969482422,138.949996948242,1581.55163574219
82.3600692749023,77.9274444580078,56.6599998474121,48.0299987792969,80,96.3600006103516,136.029998779297,1581.55163574219
84.3690872192383,80.1831893920898,57.0699996948242,49.1300010681152,81.6600036621094,98.8000030517578,142.550003051758,1665.96813964844
86.0996398925781,81.5100936889648,58.5699996948242,50.0299987792969,85.1999969482422,100.550003051758,143.520004272461,1672.81823730469
87.9196929931641,83.1213455200195,58.5999984741211,50.439998626709,85.2600021362305,103.099998474121,146.600006103516,1679.66821289062
87.6113815307617,81.3394927978516,58.0400009155273,50.0699996948242,84,100.800003051758,143.589996337891,1662.74462890625
87.6809997558594,82.031379699707,59.5999984741211,50.3600006103516,82.9599990844727,102.300003051758,143.449996948242,1680.47412109375
88.4070281982422,81.9460830688477,59.8899993896484,50.3899993896484,84.1399993896484,103.949996948242,143.850006103516,1706.46398925781
90.4458923339844,81.4816665649414,59.5400009155273,51.1800003051758,82.3600006103516,104.5,146.080001831055,1700.01684570312
92.8925247192383,83.4341125488281,63,51.4799995422363,86.5599975585938,105.900001525879,146.139999389648,1715.53015136719
91.6891021728516,82.2209396362305,63.0200004577637,50.9700012207031,89.2799987792969,107.599998474121,144.029998779297,1700.01684570312
90.2071990966797,80.6191711425781,61.25,50.7200012207031,83.5800018310547,107.949996948242,149.139999389648,1689.3388671875
88.7053985595703,77.9653549194336,60.1399993896484,52.2799987792969,83.5400009155273,106.099998474121,146.490005493164,1673.22119140625
89.1733451843262,79.8903205871582,58.966499710083,51.8600006103516,84.1619998931885,104.765000152588,145.520004272461,1623.0546875
87.939582824707,76.3446350097656,57.9500007629395,52.3499984741211,82.0599975585938,101.5,144.460006713867,1675.23583984375
90.2071990966797,78.1359558105469,59.310001373291,53.4700012207031,82.2399978637695,107.150001525879,143.800003051758,1680.27270507812
91.917854309082,79.2638320922852,58.4500007629395,54.0400009155273,83.8399963378906,107.099998474121,143.710006713867,1709.48596191406
90.2569274902344,78.8373260498047,57.9199981689453,52.7400016784668,83.6399993896484,105.300003051758,147.190002441406,1686.92114257812
89.0833358764648,78.3729095458984,57.9900016784668,53.2900009155273,84.3000030517578,106.099998474121,149.050003051758,1687.68678588867
88.4368667602539,79.2827835083008,57.7099990844727,53.9500007629395,84.4400024414062,106.300003051758,149.440002441406,1690.14477539062
90.515510559082,79.4439086914062,58.4199981689453,54.1100006103516,85.9400024414062,106.599998474121,152.070007324219,1719.5595703125
89.0037689208984,78.7614974975586,57.4199981689453,55.310001373291,84.1800003051758,106,148.360000610352,1755.0185546875
87.7008895874023,76.7711410522461,55.7599983215332,53.5,82.9000015258789,103.5,148.389999389648,1653.8798828125
86.7461090087891,76.9227828979492,56.75,53.4099998474121,82.8199996948242,103,156.839996337891,1659.92395019531
87.0842590332031,78.2402114868164,60.3600006103516,53.4500007629395,83.6800003051758,107.550003051758,164.679992675781,1699.61389160156
86.3681716918945,78.4866409301758,60.3899993896484,53.5699996948242,82.9199981689453,106.5,163.210006713867,1672.81823730469
87.2632827758789,78.6288070678711,59.5,53.7799987792969,81.8399963378906,106.699996948242,161.529998779297,1697.80065917969
86.5173568725586,78.2636606316817,58,55.2799987792969,80.7200012207031,104.599998474121,155.960006713867,1676.44470214844
86.3880615234375,77.889533996582,57.6500015258789,55.2200012207031,81.7600021362305,103.800003051758,157.960006713867,1675.43725585938
87.1936645507812,78.7709808349609,62.1300010681152,54.0220001220703,82.8399963378906,106.25,189.256500244141,1679.06381835938
86.0598526000977,77.9843139648438,61.3699989318848,53.1100006103516,82.879997253418,103.5,212.119995117188,1660.52844238281
85.7117538452148,76.9417419433594,62,52.4700012207031,86.7799987792969,101.199996948242,213.619995117188,1660.72985839844
88.0290985107422,79.0268859863281,62.9599990844727,53.5,88.4400024414062,105.800003051758,211.679992675781,1695.98742675781
87.0544204711914,78.6951522827148,60.7200012207031,54.5999984741211,90,103.150001525879,219.300003051758,1684.1005859375
88.208122253418,78.1186487298263,63.0390007019043,55.1599998474121,89.2399978637695,104.518000030518,225.410003662109,1674.02697753906
88.3374099731445,78.2781295776367,63.939998626709,54.7200012207031,88.6999969482422,103.349998474121,232.720001220703,1662.74462890625
88.3175201416016,78.1738662719727,65.3199996948242,55,88.3600006103516,105.349998474121,230.339996337891,1676.84765625
88.3672485351562,77.5009384155273,62.7000007629395,53.8699989318848,89.5,103.099998474121,231.25,1663.34912109375
88.6755676269531,78.7046356201172,66.1500015258789,53.8499984741211,88.7600021362305,105.300003051758,225.949996948242,1649.64904785156
89.192741394043,78.154914855957,68.5500030517578,52.5800018310547,87.2399978637695,107.199996948242,224.300003051758,1652.67114257812
89.9684982299805,79.7472076416016,67.2600021362305,52.7299995422363,89.379997253418,106.150001525879,228.559997558594,1654.68579101562
90.1972503662109,79.3301773071289,67.1500015258789,53.6399993896484,89.9599990844727,106.699996948242,229.039993286133,1662.74462890625
88.735237121582,76.8848724365234,64.1500015258789,51.5699996948242,87.8000030517578,103,219.75,1627.68859863281
88.5363235473633,76.0697708129883,65.2300033569336,51.4700012207031,87.7200012207031,101.300003051758,215.110000610352,1610.96643066406
88.7053985595703,76.6005325317383,65.25,52.6399993896484,100.849998474121,99.8600006103516,220.020004272461,1612.57824707031
90.5751876831055,78.3160400390625,68.870002746582,53.5800018310547,106.949996948242,102.599998474121,219.289993286133,1643.60485839844
93.2008438110352,80.6570816040039,69.0299987792969,53.9000015258789,106.349998474121,102.900001525879,221.089996337891,1677.25061035156
91.8183975219727,81.1783676147461,68.5500030517578,52.6599998474121,103.5,101.75,218.899993896484,1659.31958007812
93.6086196899414,82.3062438964844,69.4199981689453,53.0200004577637,101.099998474121,101.650001525879,216.110000610352,1669.19165039062
92.5245361328125,80.8466415405273,68.6500015258789,53.4199981689453,105.5,101.25,222.539993286133,1657.10339355469
92.7831268310547,81.8418273925781,72.5999984741211,54.25,106.75,102.550003051758,226.110000610352,1686.71984863281
90.5652389526367,80.0031051635742,69.9899978637695,52.1300010681152,102.75,99.620002746582,223.800003051758,1646.626953125
91.3608932495117,80.1831893920898,67.9300003051758,53.0099983215332,104.400001525879,102.75,228.910003662109,1656.4990234375
90.6050262451172,78.8278427124023,66.7900009155273,52.7000007629395,103.400001525879,102.5,224.509994506836,1659.11804199219
91.0426330566406,79.0174026489258,66.9000015258789,52.9099998474121,102,104.199996948242,223.289993286133,1676.64624023438
90.157470703125,78.1170043945312,65.7900009155273,52.8899993896484,103.099998474121,103.300003051758,225.229995727539,1648.6416015625
90.6050262451172,78.4866409301758,65.9000015258789,53.3199996948242,103.800003051758,104.300003051758,227.860000610352,1649.44750976562
91.4603500366211,78.7046356201172,67.0800018310547,53.7999992370605,104.5,107,228.720001220703,1661.7373046875
90.5055694580078,78.0790939331055,66.6800003051758,54.2344997406006,105.449996948242,106.849998474121,238.342501068115,1637.76220703125
91.9874725341797,79.1121826171875,67.0599975585938,54.0999984741211,107,108.699996948242,235.740005493164,1662.54321289062
91.161979675293,78.7614974975586,63.75,53.4700012207031,107.5,109.800003051758,245.399993896484,1628.8974609375
90.0679550170898,78.1928253173828,63.2900009155273,54.189998626709,106.699996948242,108.75,251.380004882812,1616.40625
88.6954574584961,77.624153137207,63.3400001525879,53.9700012207031,107.900001525879,110.550003051758,252.830001831055,1604.51940917969
88.4368667602539,77.7189331054688,63.7000007629395,53.7599983215332,107.150001525879,110.150001525879,250.509994506836,1586.58837890625
90.4856796264648,77.889533996582,64.5,53.2400016784668,110,111.300003051758,250.820007324219,1609.15319824219
90.9929046630859,77.2450332641602,64,53.9799995422363,110.150001525879,109.599998474121,254.25,1615.8017578125
93.1610641479492,78.6951522827148,64.0199966430664,58,111.599998474121,113.75,257.290008544922,1662.54321289062
92.4151382446289,78.1075286865234,63.0200004577637,57.4300003051758,111.5,111.75,260.350006103516,1641.99304199219
92.713508605957,78.0601348876953,63,61.0999984741211,113.25,113.800003051758,261.200012207031,1672.41528320312
93.7776947021484,78.3918609619141,62.25,58.6800003051758,112.849998474121,115.800003051758,272.510009765625,1660.52844238281
92.2162246704102,76.8848724365234,62.439998626709,58.0699996948242,110.849998474121,115.949996948242,262.399993896484,1635.74743652344
91.0127944946289,76.2972412109375,60.6800003051758,56.9799995422363,110.400001525879,112.849998474121,259.299987792969,1616.60766601562
90.6050262451172,75.5863952636719,61.6500015258789,55.1699981689453,110.900001525879,113,255.350006103516,1619.62976074219
88.3274688720703,73.9941101074219,60.689998626709,55.7999992370605,109.949996948242,112,251.330001831055,1591.82666015625
88.6357803344727,73.8045501708984,59.25,56.5800018310547,110.75,111.199996948242,259.670013427734,1595.05017089844
89.0137176513672,73.4349136352539,58.9000015258789,56.3199996948242,112,112.449996948242,253.229995727539,1616.40625
89.4314346313477,73.084228515625,58.4900016784668,56.6399993896484,110.099998474121,111.699996948242,249.479995727539,1565.232421875
88.0688781738281,72.3733825683594,56.5800018310547,57.8899993896484,112.849998474121,108.599998474121,234.410003662109,1540.45141601562
88.0688781738281,71.5298461914062,56.2400016784668,55.7799987792969,108.849998474121,108.050003051758,230.130004882812,1541.05578613281
89.7695846557617,73.349609375,58.4700012207031,56.8199996948242,108.150001525879,112.300003051758,238.039993286133,1597.06494140625
87.7307281494141,73.0652694702148,57.0499992370605,56.0800018310547,106.75,110.150001525879,231.610000610352,1584.57373046875
87.0046920776367,71.9847869873047,56.1399993896484,55.9500007629395,105.550003051758,111.550003051758,231.440002441406,1584.77514648438
85.9305572509766,72.0416564941406,55.9300003051758,56.2099990844727,103.5,113.300003051758,231.100006103516,1561.40441894531
86.9052352905273,71.5582809448242,55.9700012207031,55.4099998474121,103.550003051758,113.550003051758,230.759994506836,1566.64270019531
86.2488250732422,71.5488052368164,56.5800018310547,55.3800010681152,102.849998474121,112.449996948242,228.220001220703,1564.62805175781
87.1538772583008,72.2312164306641,57.75,55.1800003051758,104.599998474121,113.699996948242,228.830001831055,1587.595703125
87.7207794189453,73.378044128418,57.939998626709,56.7400016784668,105.050003051758,116,232.139999389648,1623.45764160156
86.5173568725586,73.7287292480469,57.6199989318848,55.7999992370605,104,115.949996948242,237.410003662109,1581.35009765625
84.9956665039062,73.2169189453125,56.9599990844727,55.189998626709,102.400001525879,114.400001525879,234.75,1547.09997558594
86.0399627685547,73.7571563720703,57.2700004577637,56.4599990844727,103.25,114.849998474121,238.320007324219,1567.04565429688
86.9052352905273,73.2548294067383,57.0699996948242,56.3300018310547,102.150001525879,114.150001525879,239.649993896484,1550.32348632812
87.1638259887695,74.3163604736328,57.9700012207031,56.2299995422363,102.25,114.599998474121,237.119995117188,1562.21032714844
86.4974670410156,74.0509796142578,56.6599998474121,56.4900016784668,100.849998474121,113.349998474121,237.550003051758,1536.22045898438
85.8708877563477,74.4206161499023,56.3300018310547,55.7099990844727,99.3000030517578,111.800003051758,236.179992675781,1526.34838867188
86.954963684082,74.5248718261719,57.9799995422363,56.7599983215332,101.099998474121,114.300003051758,232.770004272461,1532.39245605469
87.1936645507812,74.3827056884766,57.7299995422363,57.0099983215332,101.400001525879,115,235.660003662109,1528.96752929688
87.0146408081055,74.6670379638672,57.5400009155273,57,100.75,114.800003051758,233.940002441406,1521.916015625
85.6819152832031,74.8281631469727,56.5400009155273,56.1100006103516,98.9599990844727,113.800003051758,227.990005493164,1504.99243164062
84.568000793457,74.0888900756836,55.0299987792969,55.689998626709,99.0199966430664,113.25,228.929992675781,1482.83044433594
84.4088745117188,73.9656753540039,55.5400009155273,56,99.5199966430664,113.650001525879,231.270004272461,1517.09075927734
83.4540863037109,74.8660736083984,55.4900016784668,55.3800010681152,98.5,114.849998474121,226.860000610352,1456.43774414062
84.7171859741211,76.3067169189453,56.2700004577637,55.9000015258789,99.879997253418,118.050003051758,227.009994506836,1500.15710449219
83.9513702392578,75.0461578369141,55.2200012207031,54.1599998474121,96.5800018310547,115.599998474121,217.559997558594,1481.62170410156
83.1159362792969,74.6670379638672,54.2799987792969,53.5800018310547,96.1600036621094,115.300003051758,218.279998779297,1445.759765625
85.0652847290039,75.9655151367188,55.5099983215332,55.2734998703003,99.2799987792969,118.150001525879,230.635000610352,1507.00708007812
85.2343673706055,75.9465560913086,55.0099983215332,54.7099990844727,97.1399993896484,117.800003051758,222,1503.78356933594
87.6412124633789,76.8848724365234,55.5999984741211,53.6399993896484,98.6999969482422,120.449996948242,227.669998168945,1543.87634277344
86.2189865112305,76.8280029296875,55.0999984741211,53.0699996948242,97.5999984741211,120.199996948242,215.509994506836,1528.16162109375
87.0643692016602,77.5293731689453,55.3899993896484,53.7299995422363,97.1800003051758,122,219.289993286133,1535.01171875
86.5869750976562,77.624153137207,55.310001373291,54.0200004577637,95.8000030517578,123.150001525879,232.160003662109,1526.75134277344
88.2578506469727,78.7235870361328,56.8199996948242,55.2799987792969,96.7399978637695,122.599998474121,233.279998779297,1536.01904296875
87.7705078125,77.9748306274414,56.4599990844727,55.1300010681152,98.0999984741211,124.300003051758,239.320007324219,1520.50573730469
87.5517044067383,78.0032653808594,56.7200012207031,55.939998626709,98,124.050003051758,244.460006713867,1531.98962402344
87.9594802856445,78.6003723144531,57.2200012207031,56.4500007629395,99,126.75,249.740005493164,1536.82495117188
85.4133834838867,77.3208541870117,53.8600006103516,55.9099998474121,97.3000030517578,124,249,1498.54528808594
84.2994689941406,77.4061584472656,53.8600006103516,55.439998626709,95.7200012207031,123.800003051758,242.869995117188,1490.48645019531
86.5869750976562,77.0649566650391,54.9599990844727,55.6599998474121,99.9000015258789,124.699996948242,245.850006103516,1504.38793945312
86.6665420532227,76.0129013061523,54.4099998474121,54.1699981689453,97.3399963378906,123.699996948242,243.070007324219,1467.11584472656
86.1394195556641,76.1171646118164,53.4700012207031,55.5099983215332,97.7799987792969,124,248.570007324219,1485.24816894531
86.8455657958984,76.5721054077148,54.2099990844727,54.75,98.6399993896484,125,255.369995117188,1473.9658203125
85.7117538452148,76.2972412109375,53.5099983215332,55.1100006103516,97.6399993896484,125.199996948242,260.200012207031,1466.30993652344
84.8663711547852,75.7380447387695,53.310001373291,54.7999992370605,97,124.550003051758,262.519989013672,1462.68334960938
84.836540222168,76.2024612426758,46.3400001525879,54.2999992370605,97.6999969482422,125.949996948242,265.799987792969,1454.42309570312
85.6122970581055,76.192985534668,44.935001373291,54.2200012207031,97.6399993896484,127,262.299987792969,1455.22888183594
86.0499114990234,76.4868011474609,46.7700004577637,54.4900016784668,99.5,128.449996948242,270.220001220703,1460.46716308594
84.4088745117188,75.5010986328125,46.2999992370605,53.7099990844727,96.6800003051758,128.350006103516,268.209991455078,1440.521484375
83.4540863037109,74.6859970092773,45.2999992370605,53.5299987792969,94.879997253418,129.300003051758,274.089996337891,1426.41845703125
84.8166427612305,75.8612594604492,46.314998626709,54.0900001525879,96.5400009155273,130.350006103516,272.220001220703,1435.8876953125
85.8410491943359,76.4488906860352,46.7299995422363,54.7200012207031,97.8399963378906,131,276.269989013672,1457.84814453125
86.0300216674805,76.2308959960938,46.3600006103516,55.2700004577637,97.0800018310547,131,280.529998779297,1441.93176269531
87.0444793701172,75.9370803833008,44.75,54.4799995422363,95.8399963378906,130.550003051758,275.230010986328,1449.99072265625
86.616813659668,75.7190856933594,44.3250007629395,53.189998626709,94.4800033569336,128.350006103516,276.940002441406,1436.08911132812
84.2099609375,73.8708953857422,44.1100006103516,52.5499992370605,93.1600036621094,123.800003051758,267.040008544922,1386.32568359375
85.5625686645508,74.8281631469727,44.810001373291,53.0299987792969,94.5599975585938,125.199996948242,269.899993896484,1420.37438964844
84.9757766723633,74.4869613647461,44.3300018310547,52.439998626709,92.4400024414062,124.300003051758,264.170013427734,1406.87585449219
84.1602325439453,73.7097702026367,43.6199989318848,52.189998626709,92.1999969482422,124.599998474121,262.549987792969,1390.35510253906
82.9070816040039,72.3923416137695,42.5,51.5699996948242,89.8000030517578,125.050003051758,256.799987792969,1363.55944824219
82.2904434204102,72.6292877197266,42.3300018310547,51.9599990844727,90.7200012207031,127.949996948242,252.240005493164,1343.00927734375
82.4893569946289,72.4871215820312,42.4249992370605,52,90.4800033569336,131.850006103516,250.419998168945,1353.68725585938
82.3700103759766,72.3449478149414,42.5550003051758,53.0699996948242,90.7799987792969,130.850006103516,249.419998168945,1354.69458007812
80.5598983764648,70.2787628173828,41.9099998474121,52.4799995422363,89.7600021362305,135.199996948242,258.829986572266,1371.01379394531
78.6105499267578,68.0988464355469,40.7050018310547,50.9799995422363,86.6999969482422,134.75,254.339996337891,1333.74157714844
77.8049545288086,67.3974761962891,40.7849998474121,51.0699996948242,86.4800033569336,132.5,254.380004882812,1313.7958984375
76.9496231079102,67.7576370239258,40.3600006103516,50.1599998474121,84.6999969482422,127.150001525879,248.130004882812,1301.3046875
78.9486999511719,69.3025360107422,41.8050003051758,50.6199989318848,88.8399963378906,129.399993896484,249.490005493164,1334.54748535156
81.2163162231445,70.5251922607422,41.9599990844727,51.7000007629395,91.1600036621094,133.100006103516,257.459991455078,1365.97705078125
86.3383331298828,73.0273590087891,43.75,55.0400009155273,95.9199981689453,135.800003051758,275.109985351562,1425.41125488281
85.2045288085938,72.5155563354492,43.7949981689453,55.1599998474121,95.1800003051758,136.199996948242,274.730010986328,1414.33020019531
82.8672943115234,72.3923416137695,42.7449989318848,55.5200004577637,95,136.300003051758,272.660003662109,1409.29345703125
84.4685516357422,73.0368347167969,46.1749992370605,54.0499992370605,95.2600021362305,133.25,256.179992675781,1438.70825195312
84.229850769043,73.2832641601562,47.5900001525879,56.5699996948242,96.0999984741211,129,249.970001220703,1478.39819335938
86.7958374023438,74.7618179321289,48.0950012207031,58.0200004577637,96.9800033569336,131.800003051758,257.410003662109,1474.16735839844
85.8509979248047,74.6291275024414,47.4700012207031,56.8400001525879,94.1600036621094,131.100006103516,262.619995117188,1457.04223632812
85.3338241577148,74.3068771362305,47.689998626709,57.3800010681152,93.3600006103516,131.75,262.670013427734,1447.57299804688
85.0652847290039,74.8850326538086,47.7849998474121,56.2900009155273,92.9599990844727,132.199996948242,258.5,1452.81127929688
84.3591461181641,74.6859970092773,47.6650009155273,54.9599990844727,92.5999984741211,131.050003051758,258.25,1413.12145996094
85.6222457885742,74.6765213012695,47.4700012207031,53.9900016784668,91.1999969482422,128.5,257.170013427734,1384.91540527344
85.174690246582,74.9703369140625,46.3950004577637,54.0299987792969,90.9400024414062,128.449996948242,264.149993896484,1405.26403808594
85.3835525512695,75.4537048339844,47.8950004577637,55.2999992370605,91.7799987792969,130,269.329986572266,1403.85375976562
83.6331100463867,75.4442291259766,47.6100006103516,54.7000007629395,91.4000015258789,129.899993896484,269,1376.05065917969
83.7524566650391,76.0792465209961,48.685001373291,53.5699996948242,91.0599975585938,130.699996948242,262.279998779297,1390.15356445312
83.7624053955078,76.7521820068359,49.1450004577637,52.5999984741211,91.5400009155273,129.199996948242,265.480010986328,1388.74328613281
84.9061584472656,77.0175628662109,49.2050018310547,54.2504999160767,90.8399963378906,131.399993896484,273.606002807617,1400.22717285156
84.7470245361328,76.8280029296875,49.5099983215332,52.6100006103516,90.5400009155273,133.399993896484,281.589996337891,1393.78015136719
84.2497406005859,77.9748306274414,48.2700004577637,52.939998626709,89.5599975585938,133.850006103516,286.820007324219,1380.080078125
83.6430587768555,77.1218185424805,48.6749992370605,52.9799995422363,87.9199981689453,134.699996948242,289.380004882812,1391.16101074219
83.583381652832,77.6431045532227,47.8250007629395,53.3899993896484,88.8399963378906,135.199996948242,287.890014648438,1403.85375976562
82.5788726806641,76.6953125,47.7449989318848,52.7799987792969,88.2600021362305,137.399993896484,286.75,1384.91540527344
83.1457748413086,76.960693359375,47.7799987792969,53.7400016784668,88.6800003051758,136.649993896484,289.019989013672,1396.19775390625
82.3700103759766,77.0554733276367,47.1650009155273,54.2599983215332,87.9400024414062,135.550003051758,288.820007324219,1408.08459472656
81.9324035644531,76.960693359375,47.189998626709,54.7200012207031,88.6800003051758,136.649993896484,278.390014648438,1415.33764648438
81.0770721435547,77.0459976196289,47.439998626709,54.0400009155273,88.0999984741211,135.550003051758,270.089996337891,1409.09204101562
81.3456115722656,77.0554733276367,47.4199981689453,53.8899993896484,89.0199966430664,134.800003051758,283.920013427734,1427.82885742188
78.093376159668,77.3019027709961,46.4449996948242,54.2700004577637,87.5,133.25,294.510009765625,1423.59790039062
77.4270172119141,77.0175628662109,47.1599998474121,50.0299987792969,87.4000015258789,135.949996948242,303.329986572266,1403.0478515625
75.8158187866211,75.5200500488281,47.125,50.8300018310547,86.620002746582,134.199996948242,306.630004882812,1367.99182128906
77.2181549072266,76.3162002563477,49.2999992370605,50.9300003051758,87.4800033569336,137,296.820007324219,1374.23742675781
77.5762023925781,77.2639923095703,49.0849990844727,50.7900009155273,87.3000030517578,139.100006103516,297.549987792969,1374.43884277344
78.5807113647461,76.3067169189453,49.0499992370605,50.2099990844727,86.7600021362305,136.899993896484,308.359985351562,1366.38000488281
76.7805480957031,74.1078414916992,46.814998626709,49.6800003051758,85.7399978637695,135.5,307.609985351562,1350.26232910156
78.5309829711914,74.4300918579102,48.2400016784668,48.7299995422363,85.3000030517578,136.300003051758,306.369995117188,1359.7314453125
77.8845138549805,74.4680023193359,48.1800003051758,48.7700004577637,84.5400009155273,136.399993896484,304.339996337891,1347.240234375
77.9143524169922,77.1427716706929,48.8999999196906,48.5200004577637,84.6800003051758,138.744736520868,299.489990234375,1342.40490722656
78.2326126098633,76.6479263305664,48.5800018310547,49.3800010681152,84.8600006103516,137.550003051758,301.010009765625,1380.24125366211
78.7895736694336,78.1738662719727,48.5400009155273,49.9000015258789,86.4800033569336,138.25,302.309997558594,1375.84924316406
78.431526184082,79.2827835083008,48.1549987792969,50.1800003051758,85.6800003051758,140.350006103516,297.609985351562,1367.99182128906
78.2723999023438,77.689647815102,49.8864998968024,49.9900016784668,84.4800033569336,141.427236215692,294.089996337891,1351.8740234375
78.5707702636719,78.8468017578125,49.2900009155273,50.5200004577637,86.5599975585938,143.75,297.040008544922,1386.12414550781
78.5608215332031,78.4582061767578,49.4749984741211,50.7000007629395,86.0400009155273,143.149993896484,293.100006103516,1385.51977539062
78.0834274291992,78.4297714233398,51.4300003051758,50.9099998474121,85.8600006103516,142.449996948242,283.140014648438,1418.76257324219
77.297721862793,77.9937896728516,52.3199996948242,50.189998626709,85.3399963378906,143.600006103516,286.790008544922,1408.2861328125
78.3619079589844,78.6667251586914,51.5,50.8600006103516,87.1399993896484,142.75,289.019989013672,1418.76257324219
78.8094635009766,79.4249572753906,50.9900016784668,50.560001373291,86.5999984741211,144.899993896484,277.109985351562,1405.26403808594
78.7597351074219,79.0647964477539,50.3400001525879,50.2900009155273,85.8399963378906,146.199996948242,268.299987792969,1377.05798339844
78.6006011962891,78.7614974975586,52.5999984741211,50.8800010681152,87.7799987792969,147.050003051758,274.049987792969,1382.69921875
80.5300674438477,79.1595764160156,52.689998626709,51.2900009155273,88.0999984741211,149.699996948242,282.170013427734,1403.65222167969
81.0870208740234,80.8466415405273,52.25,51.3400001525879,86.8399963378906,148.899993896484,279.220001220703,1424.00085449219
81.1864776611328,80.5907363891602,52.6300010681152,51.5870000839233,86.0800018310547,148.800003051758,293.049998474121,1410.30078125
82.7777862548828,81.0551605224609,53.0099983215332,52.5699996948242,86.3600006103516,148.850006103516,287,1420.77734375
81.9025650024414,81.5195770263672,53.7000007629395,52.2400016784668,87.0400009155273,142.699996948242,305.359985351562,1389.9521484375
80.9776153564453,81.1404571533203,52.8400001525879,52.5499992370605,87.0400009155273,141.25,315.290008544922,1374.841796875
81.0174026489258,81.4437484741211,52.3600006103516,53.25,87.5800018310547,141.100006103516,310.980010986328,1390.35510253906
81.0571823120117,81.6333084106445,51.4900016784668,54.0099983215332,88.1399993896484,143.050003051758,315.329986572266,1415.33764648438
80.6295166015625,79.9272842407227,51.8199996948242,54.439998626709,88.5199966430664,143,300.989990234375,1420.1728515625
78.6403884887695,79.4439086914062,50.0900001525879,52.0999984741211,86.4599990844727,137.75,292.269989013672,1411.10668945312
78.6602783203125,78.5055999755859,50.9500007629395,52.0400009155273,86.9000015258789,139.899993896484,293.420013427734,1397.40661621094
76.7308197021484,76.3256759643555,49.9150009155273,50.5999984741211,85.5199966430664,137.699996948242,293.019989013672,1366.984375
77.7850570678711,76.6574020385742,50.5,50.4000015258789,85.7799987792969,139.399993896484,317.399993896484,1366.984375
78.1729431152344,76.429931640625,51.2599983215332,50.060001373291,86.9199981689453,142.75,324.619995117188,1378.06530761719
77.3076705932617,76.0697708129883,51.5200004577637,50,86.7200012207031,141.75,362.440002441406,1291.4326171875
78.4016876220703,77.2734680175781,54.2599983215332,50.3600006103516,87.8000030517578,142.449996948242,356.640014648438,1294.45458984375
79.5752792358398,77.22607421875,55.7999992370605,49.7299995422363,87.8600006103516,141.149993896484,371.010009765625,1275.11340332031
80.3311462402344,77.4535446166992,55.3199996948242,50.060001373291,87.620002746582,141.850006103516,367.100006103516,1279.34436035156
80.1421813964844,77.2355575561523,55.1199989318848,50.4099998474121,88.3399963378906,142.149993896484,376.75,1286.39575195312
79.0282669067383,77.4251174926758,54.0999984741211,49.9700012207031,87.6800003051758,141.050003051758,368.160003662109,1284.38110351562
77.3872299194336,77.4914627075195,54,50.0900001525879,87.0999984741211,141.300003051758,380.309997558594,1264.43542480469
77.7353286743164,77.7189331054688,53.9500007629395,51.689998626709,87.7200012207031,143,369.779998779297,1287.40307617188
78.1132659912109,78.0980453491211,54.810001373291,50.1280002593994,88.1800003051758,143.100006103516,356.013500976563,1296.67077636719
77.6159820556641,77.3398132324219,54.5499992370605,50.8899993896484,87.0800018310547,141.449996948242,370.869995117188,1282.36645507812
78.3519592285156,76.5815811157227,53.9799995422363,51.4500007629395,86.4199981689453,141.100006103516,370.649993896484,1285.79138183594
77.8148956298828,75.8233489990234,53.1100006103516,51.5,84.620002746582,139.300003051758,366.260009765625,1248.1162109375
76.5915832519531,75.1125030517578,53.9099998474121,50.5900001525879,83.620002746582,139,370.209991455078,1224.14111328125
75.8854370117188,74.9703369140625,53.7700004577637,50.5699996948242,81.9400024414062,138.199996948242,354.929992675781,1214.26904296875
76.2036972045898,74.2500152587891,53.3400001525879,49.310001373291,79.7799987792969,135.600006103516,345.570007324219,1223.73815917969
76.2136459350586,75.2262344360352,55.1100006103516,50.0999984741211,81.3199996948242,137,336.890014648438,1221.92492675781
75.2389678955078,74.9134674072266,51.5900001525879,48.9099998474121,86,136.449996948242,339.470001220703,1224.94702148438
75.3881530761719,74.1078414916992,50.1199989318848,48.3800010681152,82.4400024414062,134.550003051758,330.679992675781,1199.5615234375
76.0047836303711,75.5295333862305,52.3400001525879,48.0900001525879,84.0800018310547,136.649993896484,340.529998779297,1209.43371582031
75.9252166748047,76.7142715454102,52.060001373291,47.7299995422363,83.5800018310547,135.100006103516,335.510009765625,1217.69396972656
74.9405975341797,76.5626220703125,51.6199989318848,47.1599998474121,81,132.850006103516,316.239990234375,1216.68664550781
76.3329925537109,74.117317199707,51.8400001525879,47.2299995422363,80.5,133.050003051758,291.279998779297,1233.20727539062
76.9595718383789,72.8757171630859,51.5900001525879,48.060001373291,77.5400009155273,130.100006103516,289.75,1252.14562988281
77.9441909790039,74.7428665161133,53.1500015258789,48.189998626709,78.4599990844727,130.350006103516,295.790008544922,1261.41333007812
79.0183258056641,74.117317199707,53.0499992370605,49.2700004577637,80.3199996948242,134.300003051758,315.170013427734,1267.65893554688
80.4505004882812,74.2310562133789,54.4599990844727,49.810001373291,79.9000015258789,133,308.869995117188,1273.30004882812
79.7443542480469,74.3542709350586,52.4300003051758,48.6699981689453,79.8000030517578,134.449996948242,312.149993896484,1265.24133300781
79.4857711791992,73.7950744628906,52.9500007629395,48.4199981689453,78.8199996948242,133.199996948242,310.660003662109,1269.06921386719
81.1864776611328,74.3542709350586,52.9900016784668,48.7700004577637,79.4199981689453,133.949996948242,317.549987792969,1275.31494140625
82.2805023193359,75.4252777099609,52.9099998474121,50.0499992370605,79.6600036621094,137.449996948242,317.730010986328,1300.49877929688
81.3754425048828,75.10302734375,52.810001373291,50.0699996948242,78.6399993896484,134.600006103516,312.700012207031,1296.87231445312
81.822998046875,75.396842956543,53.7700004577637,49.3300018310547,79.2200012207031,138.649993896484,303.809997558594,1307.75183105469
83.245231628418,75.7190856933594,53.4000015258789,49.2099990844727,79.4199981689453,138.399993896484,305.970001220703,1305.73706054688
82.3103408813477,75.8233489990234,53.2799987792969,51.2000007629395,81.3600006103516,141.300003051758,307.070007324219,1311.57971191406
82.0219116210938,76.7142715454102,54.1500015258789,49.4000015258789,79.5,144.300003051758,294.519989013672,1307.75183105469
81.4550094604492,76.401496887207,53.6500015258789,48.7900009155273,78.879997253418,143.800003051758,283.890014648438,1294.25317382812
82.6783294677734,77.4061584472656,53.2099990844727,49.7000007629395,79.6399993896484,144.850006103516,293.450012207031,1294.45458984375
83.1159362792969,77.6051940917969,53.2099990844727,50.6399993896484,80.5,145.649993896484,283,1306.74438476562
84.02099609375,78.0790939331055,53.3600006103516,50.810001373291,81.2200012207031,145.949996948242,271.489990234375,1318.83264160156
83.4043579101562,77.5862426757812,53.75,49.9700012207031,81.3000030517578,145.949996948242,272.260009765625,1316.61645507812
83.7922439575195,76.5531463623047,53.9599990844727,49.7200012207031,81.120002746582,145.800003051758,275.390014648438,1297.47668457031
83.7425155639648,76.9133071899414,53.2299995422363,49.5299987792969,81,145.550003051758,282.359985351562,1287.00024414062
83.6007881164551,76.6322868347168,53.4909999847412,49.5299987792969,80.6160003662109,145.687499237061,288.350006103516,1313.82612304687
83.8917007446289,77.1313018798828,53.7799987792969,49.2200012207031,81.2799987792969,146.25,282.029998779297,1299.2900390625
83.6629486083984,76.1076812744141,53.5099983215332,48.4199981689453,81.120002746582,144.850006103516,276.950012207031,1310.16943359375
84.2497406005859,76.4394073486328,53.3600006103516,49.5,81,146.5,281.029998779297,1331.32385253906
84.5978393554688,76.6763610839844,53.3400001525879,49.939998626709,80.9400024414062,148.25,277.959991455078,1329.30920410156
84.229850769043,76.4678421020508,52.939998626709,49.4199981689453,79.2600021362305,146.699996948242,263.25,1307.1474609375
83.6132202148438,75.6243133544922,52.9500007629395,49.189998626709,78.9599990844727,147.649993896484,268.980010986328,1297.27514648438
83.5436019897461,75.7096099853516,52.9000015258789,49.8400001525879,79.5999984741211,147.699996948242,272.779998779297,1299.08850097656
84.1502838134766,76.3256759643555,52.8800010681152,50.8300018310547,80.9000015258789,147.949996948242,277.470001220703,1358.32104492188
84.5481109619141,76.6479263305664,54,50.7400016784668,82.2399978637695,148.899993896484,281.720001220703,1356.30639648438
85.7415924072266,76.7142715454102,54.9599990844727,51.6300010681152,83.0800018310547,147.449996948242,274.799987792969,1347.84460449219
85.5924072265625,76.1550750732422,54.1399993896484,52.2700004577637,81.9199981689453,145.75,278.339996337891,1334.95043945312
86.3681716918945,76.989128112793,55.8499984741211,53.1100006103516,82.8600006103516,145.350006103516,289.339996337891,1357.91821289062
86.0797424316406,76.9322662353516,55.689998626709,52.7099990844727,83.5800018310547,144.5,294.570007324219,1358.32104492188
84.8763198852539,76.4394073486328,54.5299987792969,52.2599983215332,80.0800018310547,143.75,296.410003662109,1352.478515625
84.9160995483398,76.2308959960938,54.8300018310547,52.3699989318848,80.3199996948242,143.25,293.029998779297,1350.46374511719
84.9359970092773,74.9892883300781,54.2799987792969,52.3699989318848,79.1600036621094,145,288.450012207031,1346.6357421875
86.994743347168,74.9892883300781,53.4500007629395,52.0800018310547,78.3199996948242,145.550003051758,290.290008544922,1346.43432617188
86.3681716918945,74.1931457519531,53.1500015258789,51.3699989318848,77.1999969482422,145.550003051758,291.320007324219,1339.3828125
86.7958374023438,73.8898544311523,53.8199996948242,53.0699996948242,77.0599975585938,146.149993896484,286.709991455078,1349.45642089844
86.2189865112305,74.4585266113281,53.5699996948242,53.7000007629395,77.0199966430664,146.449996948242,284.040008544922,1354.40250854492
86.3781127929688,73.9372406005859,52.3800010681152,52.9300003051758,76.2600021362305,138.850006103516,270.040008544922,1342.001953125
84.1303939819336,74.7618179321289,53.4900016784668,53.6500015258789,76.2200012207031,141.199996948242,268.779998779297,1349.45642089844
83.8419723510742,74.9513778686523,53.9099998474121,53.4799995422363,75.6399993896484,141.300003051758,258.279998779297,1354.09020996094
84.9757766723633,75.339973449707,54.1300010681152,53.810001373291,76.6600036621094,142.75,263.700012207031,1365.57409667969
85.9007263183594,75.2925796508789,54.3699989318848,54.3800010681152,76.120002746582,141.649993896484,257.109985351562,1361.74609375
84.6873550415039,74.7997283935547,53.4300003051758,54.0999984741211,75.879997253418,138.899993896484,257.25,1339.98718261719
85.5327377319336,75.870735168457,57.2999992370605,54.5,77.4199981689453,135.75,258.209991455078,1357.71667480469
86.1294708251953,75.1025258114463,57.0800018310547,55.0499992370605,77.379997253418,138.25,261.279998779297,1363.35791015625
86.2488250732422,76.2877655029297,57.060001373291,55.2099990844727,77.8199996948242,140.350006103516,272.299987792969,1380.48303222656
87.1638259887695,75.9655151367188,56.7700004577637,55.8800010681152,79.3000030517578,141.149993896484,277.640014648438,1389.75073242188
86.7560501098633,75.5579681396484,56.3199996948242,55.9900016784668,78.5400009155273,141.300003051758,275.720001220703,1385.92272949219
86.3283843994141,74.9324188232422,55.6699981689453,56.3400001525879,77.5,142.800003051758,263.450012207031,1376.8564453125
87.6213226318359,75.0366821289062,55.7200012207031,57.439998626709,78.7600021362305,146.5,268.790008544922,1370.00646972656
87.750617980957,75.1598892211914,55.9900016784668,57.4000015258789,78.1999969482422,146.850006103516,268.209991455078,1364.9697265625
87.7008895874023,75.5783169796592,54.3660003662109,57.4700012207031,77.5800018310547,143.842500305176,266.75,1364.56665039062
87.4621963500977,75.3020629882812,55.2599983215332,56.9099998474121,78.1600036621094,147.899993896484,268.75,1361.94763183594
88.1782836914062,75.8138656616211,54.9700012207031,56.5400009155273,76.8399963378906,147.25,272.760009765625,1363.15637207031
86.3980102539062,75.396842956543,52.2000007629395,56.8899993896484,75.6600036621094,144.949996948242,281.549987792969,1349.85925292969
87.4820861816406,75.4442291259766,52.2400016784668,56.7700004577637,77.120002746582,147.600006103516,278.989990234375,1354.09020996094
86.4974670410156,74.7997283935547,51.4799995422363,56.9855001449585,76.5199966430664,147.550003051758,278.2375,1372.44428100586
85.3934936523438,75.1598892211914,51.4700012207031,56.25,75.6399993896484,146.75,275.880004882812,1347.64306640625
85.0453948974609,75.870735168457,52.0400009155273,56.0999984741211,75.3000030517578,144,268.119995117188,1349.65795898438
85.0155563354492,76.4109802246094,52.3400001525879,56.25,75.4599990844727,143.350006103516,266.299987792969,1353.28430175781
85.6122970581055,76.7900924682617,52.6599998474121,56.7999992370605,76.4599990844727,146.399993896484,269.929992675781,1364.16381835938
85.7117538452148,76.5721054077148,52.9500007629395,56.4000015258789,75.9599990844727,147.600006103516,260.299987792969,1362.3505859375
84.8663711547852,76.1835098266602,52.7400016784668,56.310001373291,76.9599990844727,150.300003051758,267.790008544922,1361.74609375
86.0300216674805,77.9558792114258,53.0099983215332,57.5999984741211,79.9400024414062,154.550003051758,290.329986572266,1390.556640625
87.7307281494141,79.1974868774414,53.1199989318848,58.8400001525879,82.120002746582,155.699996948242,308.899993896484,1406.87585449219
88.4169769287109,78.9700164794922,53.4700012207031,58.7700004577637,82.9199981689453,155.149993896484,314.670013427734,1413.72583007812
88.4070281982422,79.4628677368164,53.2099990844727,58.7599983215332,83.4400024414062,154.149993896484,319.920013427734,1417.75524902344
88.377197265625,79.8893737792969,53.6100006103516,58.8400001525879,84.2200012207031,153.75,312,1427.42590332031
88.4865951538086,80.73291015625,53.2599983215332,58.4099998474121,85.5199966430664,151.449996948242,312.690002441406,1446.16271972656
88.4070281982422,81.4437484741211,53.4700012207031,58.3499984741211,85.4800033569336,153.600006103516,314.910003662109,1445.96130371094
87.5019760131836,81.2447128295898,52.75,58.3699989318848,85.1800003051758,152,318.160003662109,1433.873046875
87.7406692504883,81.6617431640625,52.189998626709,58.310001373291,85.2200012207031,153.649993896484,319.799987792969,1425.41125488281
87.2533340454102,81.3110580444336,51.2999992370605,57.8899993896484,84.5199966430664,157,315.809997558594,1405.0625
86.6466522216797,80.5149154663086,50.5499992370605,57.9799995422363,82.7399978637695,155.5,312.149993896484,1419.56848144531
87.1240386962891,80.6381301879883,51.2999992370605,58.4199981689453,84.1399993896484,157.850006103516,314.470001220703,1421.38171386719
87.7705078125,80.2400588989258,51.7900009155273,59.3499984741211,86.7600021362305,158.449996948242,313.700012207031,1423.59790039062
88.6258392333984,80.4770050048828,51.5099983215332,60.0699996948242,88.5,159.600006103516,315.230010986328,1431.65686035156
87.8500747680664,80.1547546386719,51.6300010681152,60.1800003051758,88.620002746582,160.699996948242,312.130004882812,1436.08911132812
87.8799133300781,79.9178085327148,51.2099990844727,59.9000015258789,88.1600036621094,161.699996948242,301.070007324219,1429.84350585938
87.9793701171875,80.0125885009766,51.9300003051758,60.310001373291,89.5800018310547,162.649993896484,304.480010986328,1448.58044433594
87.4224090576172,80.1073684692383,51.4700012207031,60.7900009155273,90,162.800003051758,316.089996337891,1448.37890625
86.4278411865234,79.7945938110352,51.4300003051758,59.1444999694824,88.8600006103516,163.350006103516,311.123002624512,1442.93920898438
86.2985534667969,80.1357955932617,50.6800003051758,59.9000015258789,88.7399978637695,165.550003051758,311.950012207031,1444.75244140625
86.3283843994141,80.5338745117188,50.9700012207031,59.7599983215332,89,168.949996948242,312.339996337891,1447.57299804688
85.3139266967773,79.7187728881836,50.5999984741211,59.2599983215332,89.6399993896484,168.850006103516,312.200012207031,1436.49206542969
86.7461090087891,80.5054397583008,50.8300018310547,59.6300010681152,90.3000030517578,169.5,313.070007324219,1445.759765625
88.3175201416016,80.969856262207,50.6699981689453,60.5,91.4000015258789,170.050003051758,309.850006103516,1449.38635253906
88.2479019165039,80.6570816040039,50.6500015258789,60.6100006103516,91,171.449996948242,307.820007324219,1454.82604980469
88.1882247924805,80.4485702514648,51,59.7999992370605,89.879997253418,171.25,307.290008544922,1448.37890625
86.6764831542969,79.4439086914062,50.5299987792969,56.9599990844727,87.9000015258789,171.050003051758,300.429992675781,1417.35229492188
87.3925704956055,80.0599746704102,50.6699981689453,56.7900009155273,89.0400009155273,170.75,309.399993896484,1435.08178710938
86.2985534667969,78.742546081543,49.3950004577637,56.4799995422363,88.9000015258789,169.399993896484,313.179992675781,1424.40380859375
86.616813659668,78.9889678955078,50.2099990844727,57.5400009155273,88.6399993896484,168.25,310.369995117188,1422.7919921875
86.5571365356445,78.4392547607422,51.060001373291,57.7700004577637,89.4400024414062,167.649993896484,319,1424.20227050781
87.0544204711914,79.4439086914062,51.1300010681152,57.9599990844727,90.0999984741211,170.050003051758,316.579986572266,1419.97143554688
87.5914840698242,80.1547546386719,51.2000007629395,58.2299995422363,90.2200012207031,173.949996948242,316.089996337891,1426.41845703125
87.1041488647461,79.1500930786133,51.3699989318848,56.7900009155273,89.120002746582,171.850006103516,302.359985351562,1410.09924316406
86.6466522216797,78.9321060180664,50.4500007629395,57.4599990844727,89.8000030517578,172.199996948242,301.059997558594,1409.49487304688
87.1140975952148,79.5955581665039,50.5200004577637,56.810001373291,90.3199996948242,173.300003051758,307.5,1411.91259765625
86.0499114990234,79.1595764160156,51.1599998474121,57.6399993896484,91.5999984741211,172.25,295.850006103516,1416.74792480469
86.4079513549805,79.5007781982422,50.2900009155273,57.2400016784668,91.1999969482422,172.649993896484,304.429992675781,1428.23181152344
86.2786560058594,79.3965225219727,50.5099983215332,57.3800010681152,91.879997253418,174.75,308.760009765625,1438.10388183594
85.9802856445312,79.1216583251953,50.1100006103516,57.6599998474121,93.0999984741211,174.600006103516,311.5,1443.94653320312
84.040885925293,78.9984512329102,49.8250007629395,57.310001373291,93.2399978637695,176.300003051758,308.880004882812,1444.14794921875
84.6575164794922,78.951057434082,46.0400009155273,58.4099998474121,94.0599975585938,188.350006103516,310.329986572266,1452.60974121094
85.781379699707,79.1406173706055,47.0200004577637,56.439998626709,93.9400024414062,180.199996948242,313.109985351562,1446.96862792969
86.5770263671875,80.2305755615234,47.2050018310547,56.3600006103516,95.3199996948242,184,315.329986572266,1459.05688476562
86.0996398925781,80.3822250366211,47.2900009155273,56.4099998474121,95.5800018310547,186,314.109985351562,1456.63916015625
86.159309387207,80.8466415405273,47.2949981689453,56.6100006103516,96.9400024414062,187.949996948242,313.130004882812,1476.18200683594
86.8555068969727,81.263671875,47.9650001525879,57.4599990844727,98,191.600006103516,310.660003662109,1484.84533691406
86.974853515625,81.4721832275391,47.7900009155273,58.4799995422363,98.1600036621094,194.399993896484,311.010009765625,1502.77624511719
87.5715942382812,81.4247970581055,47.7550010681152,58.75,98.2799987792969,196.699996948242,305.790008544922,1510.23071289062
88.8048553466797,82.2114639282227,47.8600006103516,59.3499984741211,98.5400009155273,198.199996948242,307.799987792969,1527.55725097656
89.1629028320312,82.2209396362305,47.9150009155273,59.439998626709,99.0400009155273,200.5,312.100006103516,1537.0263671875
89.6800765991211,80.9508972167969,47.6450004577637,59.189998626709,99.3000030517578,202.899993896484,307.019989013672,1524.73657226562
90.2370376586914,81.0077667236328,47.4099998474121,59.3899993896484,99.0199966430664,206,314.579986572266,1526.54992675781
89.0833358764648,81.4816665649414,47.7900009155273,58.7999992370605,99.3600006103516,202.800003051758,330.420013427734,1513.45422363281
88.0987167358398,80.1073684692383,48.0499992370605,58.5200004577637,99.8000030517578,201,343.25,1494.71740722656
87.561653137207,79.4439086914062,47.7700004577637,58.5800018310547,97.9400024414062,200.399993896484,348.209991455078,1493.7099609375
87.9694213867188,79.8419876098633,47.3400001525879,58.7599983215332,97.7399978637695,200,343.660003662109,1489.47912597656
87.7008895874023,79.8798980712891,47.310001373291,58.6300010681152,97.4400024414062,199.699996948242,336.690002441406,1486.45703125
87.58154296875,79.6808624267578,47.1399993896484,58.6100006103516,97.0800018310547,202.199996948242,336.899993896484,1488.66313476563
87.143928527832,80.3632659912109,47.1450004577637,58.2799987792969,96.879997253418,201.199996948242,331.019989013672,1472.75695800781
87.6511611938477,80.2400588989258,47.2700004577637,58.7200012207031,96.879997253418,202.899993896484,337.910003662109,1482.22607421875
87.7207794189453,80.0410232543945,47.689998626709,59.5900001525879,98.8399963378906,206.100006103516,349.070007324219,1487.06140136719
87.3726806640625,79.0174026489258,47.4749984741211,58.8300018310547,98.0400009155273,205.899993896484,350.579986572266,1489.68054199219
87.3229522705078,79.2638320922852,47.7449989318848,57.7180000305176,98.3199996948242,206,333.6375,1499.14965820312
86.4775695800781,78.2876052856445,47.3899993896484,58.3899993896484,97.3399963378906,202.100006103516,340.470001220703,1481.62170410156
84.3293075561523,76.9133071899414,46.5,57.0699996948242,94.3000030517578,199.949996948242,330.470001220703,1463.69067382812
82.8573532104492,75.6148300170898,45.5349998474121,56.2900009155273,92.6800003051758,203.699996948242,330.760009765625,1437.29797363281
81.4251708984375,74.5627822875977,45.7750015258789,56.2599983215332,91.1999969482422,203.899993896484,327,1430.04504394531
81.0372924804688,74.4964370727539,45.9249992370605,55.9599990844727,90.3199996948242,202.100006103516,324.359985351562,1425.81408691406
81.3754425048828,74.6859970092773,45.8950004577637,55.9599990844727,90.879997253418,199.699996948242,322,1424.60534667969
80.9079971313477,74.1647109985352,45.4099998474121,56.4500007629395,90.1999969482422,197.350006103516,321.730010986328,1407.88305664062
81.2262573242188,73.8235015869141,45.6399993896484,56.5999984741211,92.8600006103516,196.350006103516,323.579986572266,1405.26403808594
81.1069107055664,73.3969955444336,45.2099990844727,55.560001373291,92.3000030517578,196.5,331.670013427734,1398.41394042969
81.5644149780273,73.1790084838867,45.2700004577637,58.5,94.4000015258789,195.800003051758,313,1414.33020019531
81.7832183837891,73.0463180541992,45.814998626709,59.1300010681152,96.0400009155273,201.300003051758,316.369995117188,1429.44055175781
82.2805023193359,72.6292877197266,46.560001373291,58.7400016784668,95.2399978637695,197.75,310.549987792969,1439.51416015625
82.409797668457,73.2737884521484,46.5099983215332,59.4799995422363,95.2799987792969,198.300003051758,318.010009765625,1424.40380859375
81.5743560791016,72.9420623779297,46.4949989318848,60.3499984741211,94.3000030517578,194.850006103516,308,1398.21252441406
81.6738128662109,72.6577224731445,47.2949981689453,58.7200012207031,94.6999969482422,188.949996948242,306.5,1397.40661621094
81.2660446166992,72.1459121704102,46.9150009155273,57.6300010681152,93.6999969482422,183.949996948242,296.640014648438,1393.17565917969
83.2551727294922,73.1979598999023,47.4199981689453,59.6699981689453,94.5599975585938,185.25,295,1415.33764648438
82.6286010742188,72.81884765625,47.0050010681152,60.060001373291,96.8000030517578,187.649993896484,302,1413.92724609375
82.1611557006836,72.0890426635742,46.5400009155273,59.6800003051758,97.0400009155273,183,302.880004882812,1395.79479980469
82.598762512207,72.3259963989258,46.6100006103516,60.5400009155273,98.1600036621094,183.100006103516,297.269989013672,1394.98889160156
83.0065383911133,72.0321807861328,46.1650009155273,59.8899993896484,98.9800033569336,186.399993896484,294.059997558594,1398.21252441406
82.4993057250977,71.6341094970703,46.3349990844727,59.8600006103516,98.0999984741211,186.75,293.299987792969,1390.556640625
83.5237121582031,72.7525024414062,47.3600006103516,60.3699989318848,96.9400024414062,186.800003051758,300.579986572266,1411.10668945312
83.8419723510742,72.6008529663086,47.75,60.6100006103516,97.6999969482422,186.449996948242,295.720001220703,1409.29345703125
84.2397994995117,72.6956329345703,48.6150016784668,60.7999992370605,98.3199996948242,183.699996948242,293.119995117188,1403.0478515625
83.056266784668,72.5629425048828,47.7150001525879,60.2700004577637,98.1800003051758,187.699996948242,294.260009765625,1415.33764648438
83.0761566162109,72.5060729980469,47.0849990844727,60.4500007629395,97.2200012207031,191.5,295.5,1411.30810546875
83.6728973388672,72.4681625366211,47.7799987792969,59.6699981689453,97.3199996948242,192.199996948242,295.149993896484,1412.11401367188
83.3844680786133,72.9136276245117,47.8849983215332,60.2200012207031,98.0800018310547,192.350006103516,293.739990234375,1409.89782714844
82.2108840942383,72.3354721069336,46.6150016784668,59.2900009155273,98.879997253418,193.100006103516,291.929992675781,1405.86840820312
82.1810455322266,72.6861572265625,47.2799987792969,60.1699981689453,99.2399978637695,195.050003051758,295.579986572266,1417.55383300781
83.9712677001953,73.6623840332031,48.1749992370605,60.6300010681152,101.449996948242,198.050003051758,296.019989013672,1418.56115722656
83.4938735961914,73.5012588500977,48.189998626709,61.2200012207031,101.150001525879,203.399993896484,294.170013427734,1421.18029785156
84.6475677490234,73.4917755126953,48.3199996948242,61.7900009155273,101.75,202.399993896484,293.160003662109,1431.25378417969
85.0652847290039,72.9989242553711,48.4550018310547,61.7700004577637,101.300003051758,203.199996948242,286.540008544922,1435.08178710938
85.1846389770508,73.8045501708984,48.7900009155273,62.2599983215332,99.8199996948242,202.5,281.850006103516,1444.75244140625
85.3039855957031,72.0511322021484,48.5950012207031,61.7700004577637,100.050003051758,202.5,279.579986572266,1452.40832519531
85.5227890014648,72.525032043457,48.7350006103516,62.189998626709,102.650001525879,205.399993896484,280.829986572266,1510.02917480469
85.9603958129883,71.6909713745117,48.6699981689453,62.3800010681152,103.099998474121,204.199996948242,301.959991455078,1519.69982910156
87.8202362060547,72.581901550293,49.4799995422363,62.4599990844727,102.949996948242,207.300003051758,309.109985351562,1555.76318359375
89.1231231689453,72.8283233642578,49.9850006103516,63.560001373291,104.199996948242,209.899993896484,321.049987792969,1576.11193847656
89.7496948242188,72.4776382446289,50.25,63.8300018310547,105.550003051758,213.300003051758,323.160003662109,1582.15600585938
89.2026824951172,72.3449478149414,49.9500007629395,63.8300018310547,106.300003051758,216.699996948242,330.670013427734,1581.95446777344
87.9793701171875,72.1174774169922,49.7249984741211,63.0900001525879,104.449996948242,202.300003051758,320.920013427734,1587.595703125
87.7307281494141,72.0890426635742,50.0099983215332,62.9900016784668,105,208.199996948242,321.450012207031,1569.66479492188
88.1285552978516,71.9184417724609,50.75,62.7000007629395,104.900001525879,208.199996948242,323.359985351562,1571.27661132812
89.3319778442383,72.6008529663086,51.25,63.1399993896484,106.099998474121,206.5,310.760009765625,1601.90014648438
89.4015960693359,72.2027816772461,50.8600006103516,62.9199981689453,107.349998474121,205,308.25,1601.49731445312
88.735237121582,72.2406921386719,50.7900009155273,58.7999992370605,106.300003051758,214,309.640014648438,1605.12377929688
89.5806198120117,72.2217407226562,50.3699989318848,59.7799987792969,105.349998474121,216.199996948242,301.200012207031,1599.07958984375
89.6800765991211,72.5060729980469,50.1199989318848,57.6300010681152,104.849998474121,215.600006103516,301.220001220703,1569.46325683594
90.1077423095703,72.2406921386719,49.8950004577637,57.7299995422363,103.949996948242,219.199996948242,300.399993896484,1570.470703125
87.790397644043,71.7952346801758,49.2999992370605,56.7099990844727,102.300003051758,220.300003051758,291.320007324219,1523.12487792969
88.4169769287109,72.0700912475586,48.1349983215332,56.6599998474121,102.449996948242,221,283.970001220703,1532.79553222656
88.8744812011719,72.2122573852539,48.2000007629395,56.5499992370605,99.0999984741211,221.300003051758,272.309997558594,1537.42932128906
87.8998031616211,72.9799728393555,48.685001373291,56.7299995422363,97.0599975585938,215.399993896484,272.010009765625,1544.68225097656
86.8356170654297,72.553466796875,47.4700012207031,56.3400001525879,100.199996948242,215.699996948242,276.910003662109,1550.92785644531
86.17919921875,72.5724182128906,47.4249992370605,56.5474998474121,100.449996948242,217.300003051758,289.605001831055,1551.33093261719
84.5481109619141,70.8190078735352,45.5400009155273,56.5800018310547,98.7600021362305,223,276.100006103516,1521.916015625
85.1448516845703,70.3640670776367,45.3199996948242,55.5299987792969,97.0400009155273,219.600006103516,276.320007324219,1536.22045898438
83.4043579101562,69.6058349609375,44.5200004577637,54.8300018310547,96.1399993896484,218.899993896484,279.209991455078,1536.22045898438
85.3736038208008,70.3640670776367,45.3699989318848,54.8800010681152,96.6399993896484,216.300003051758,283.619995117188,1552.53967285156
83.7325668334961,69.9470367431641,44.935001373291,54.7900009155273,96.6999969482422,212.5,294.910003662109,1545.28674316406
83.3148498535156,69.7290420532227,44.2550010681152,54.2299995422363,96.5599975585938,213.600006103516,283.700012207031,1545.89111328125
83.8917007446289,70.7337036132812,44.5849990844727,55.4099998474121,97.3000030517578,216.300003051758,278.959991455078,1566.23974609375
84.8962097167969,70.9422149658203,44.5849990844727,54.7599983215332,98.7200012207031,216.300003051758,292.519989013672,1587.39428710938
84.1403427124023,70.9137878417969,45.7400016784668,55.1300010681152,99.0199966430664,221.199996948242,309.5,1603.51196289062
83.6331100463867,70.7431793212891,45.7849998474121,54.9599990844727,99.8399963378906,224.5,300.029998779297,1608.95166015625
86.0598526000977,70.7621383666992,46.6100006103516,54.0200004577637,99.6800003051758,224.5,297.899993896484,1623.86059570312
85.970344543457,70.6483993530273,46.5750007629395,54.5800018310547,99.0800018310547,226.899993896484,303,1618.4208984375
85.0155563354492,70.8095245361328,46.4049987792969,54.5,97.0599975585938,221.899993896484,301.540008544922,1609.75756835938
86.2388763427734,71.0843887329102,45.9449996948242,55.7200012207031,97.5800018310547,225.399993896484,307.570007324219,1620.435546875
86.6565933227539,75.1598892211914,46.7050018310547,57.0900001525879,97.5599975585938,224.399993896484,297.140014648438,1630.50915527344
86.4179000854492,75.6337890625,46.5250015258789,56.0200004577637,97.7200012207031,219.800003051758,310.260009765625,1625.27087402344
86.4278411865234,74.5059127807617,45.3549995422363,56.560001373291,96.9400024414062,224.5,337.510009765625,1603.51196289062
87.2036056518555,75.2167587280273,45.6049995422363,56.939998626709,98.7200012207031,225.399993896484,351.579986572266,1619.62976074219
87.3826293945312,75.2072830200195,45.7299995422363,58.0800018310547,99.4599990844727,227.5,349.579986572266,1626.47985839844
87.6809997558594,75.8423004150391,46.625,57.6399993896484,99,225.199996948242,349.989990234375,1626.07678222656
87.3826293945312,74.9374092503598,46.9668424505936,56.9755004882812,99.3000030517578,222.757892006322,331.754000854492,1625.87524414062
88.0887680053711,76.0129013061523,47.0900001525879,58.060001373291,100.300003051758,228,348.339996337891,1619.0812649197
88.397087097168,76.6289672851562,47.1500015258789,58.3199996948242,101.099998474121,229.399993896484,348.190002441406,1620.4067364966
88.3175201416016,76.136116027832,46.9500007629395,58.6500015258789,100.150001525879,228.899993896484,351.380004882812,1629.30041503906
88.6457290649414,76.0887298583984,47,58.4700012207031,100.900001525879,227,353.029998779297,1629.90478515625
88.0987167358398,76.5297001286557,48.1613424200761,58.25,100.349998474121,216.100393074437,350.190002441406,1618.4208984375
88.8446426391602,76.136116027832,47.6749992370605,58.310001373291,99.0999984741211,222.899993896484,351.059997558594,1629.34200871339
87.5914840698242,76.2688064575195,48.5200004577637,57.2700004577637,99.0599975585938,220.899993896484,344,1609.15319824219
87.790397644043,76.8659133911133,48.7849998474121,56.8800010681152,97.2200012207031,213.5,337.570007324219,1616.80908203125
87.6611099243164,77.3398132324219,48.3300018310547,56.6699981689453,96.1600036621094,208.800003051758,332.670013427734,1600.48986816406
88.1186065673828,77.4630279541016,48.7900009155273,57.4799995422363,96.0800018310547,207.5,312.579986572266,1610.16064453125
88.3672485351562,78.0885696411133,50.0400009155273,57.8800010681152,93.1800003051758,198.149993896484,301.660003662109,1623.25622558594
89.5110015869141,78.3823852539062,51.2999992370605,58.0999984741211,93.8600006103516,201.100006103516,305.589996337891,1643.60485839844
89.4712142944336,77.624153137207,51.1399993896484,58.4000015258789,92.6999969482422,203,293.209991455078,1648.03723144531
88.4368667602539,78.1928253173828,51.060001373291,58.0999984741211,89.8000030517578,196.550003051758,288.329986572266,1643.20190429688
90.1276321411133,78.0222244262695,52.5900001525879,58.8499984741211,88.5199966430664,191.149993896484,291.5,1653.07397460938
91.6990509033203,78.1454391479492,52.8199996948242,58.2749996185303,88.8399963378906,193.850006103516,292.211499786377,1720.36547851562
91.5598068237305,77.8137054443359,52.060001373291,59.8400001525879,88.8199996948242,190,280.779998779297,1713.71691894531
91.2315979003906,77.2071228027344,52.1199989318848,59.4799995422363,91.5199966430664,190,278.720001220703,1678.66088867188
92.4151382446289,77.1407775878906,52.7000007629395,60.1699981689453,91.379997253418,194.600006103516,281.480010986328,1648.6416015625
90.4458923339844,75.7001342773438,51.6199989318848,59.0999984741211,91.1399993896484,193.550003051758,279.25,1659.31958007812
88.0390396118164,72.7430267333984,50,56.9700012207031,86.4000015258789,190,265,1626.47985839844
89.7596435546875,73.1884841918945,50.8199996948242,57.8499984741211,87.0800018310547,188.25,260.260009765625,1626.2783203125
91.4404602050781,74.0794067382812,51.5499992370605,57.1199989318848,87.1999969482422,189.199996948242,258.109985351562,1643.80627441406
94.3744354248047,75.5105743408203,52.5800018310547,59.5200004577637,87.7200012207031,188.25,254.449996948242,1693.36828613281
93.7478561401367,75.2262344360352,52.8300018310547,59.2999992370605,88.2600021362305,191.050003051758,258.75,1673.22119140625
92.2460556030273,75.9465560913086,53.8400001525879,58.2099990844727,88.0199966430664,193.899993896484,269.260009765625,1655.08874511719
91.0923614501953,76.8659133911133,54.1599998474121,57.6800003051758,89.0800018310547,196.550003051758,280.670013427734,1656.29748535156
91.7786102294922,74.5153961181641,53.7299995422363,59.0099983215332,87.8600006103516,198.100006103516,277.980010986328,1662.14025878906
90.7939910888672,75.3304977416992,52.9599990844727,57.3300018310547,86.3600006103516,191.850006103516,270.799987792969,1640.58276367188
89.7994232177734,75.6716995239258,52.6199989318848,55.7200012207031,88.3000030517578,191.149993896484,289.859985351562,1647.02990722656
92.5941543579102,76.2024612426758,53.0900001525879,56.6800003051758,88.9400024414062,190.449996948242,288.299987792969,1650.25341796875
93.2008438110352,76.0318603515625,52.7900009155273,56.6500015258789,87.5,184.25,290.440002441406,1655.89465332031
92.9621505737305,76.3825454711914,53.2999992370605,57.2000007629395,86.5599975585938,188.199996948242,300,1632.72534179688
92.3554611206055,75.9655151367188,54.5900001525879,58.5999984741211,87.3199996948242,185.25,293.209991455078,1653.07397460938
93.3201904296875,75.605354309082,54.1199989318848,58.0400009155273,85.8000030517578,181.149993896484,285.029998779297,1631.31506347656
91.6990509033203,75.0556335449219,52.7700004577637,57.5400009155273,84.9400024414062,176.050003051758,283.519989013672,1582.76037597656
93.3201904296875,75.9086456298828,53.9000015258789,60.2999992370605,86.1399993896484,182.600006103516,295.470001220703,1609.55615234375
92.9820404052734,76.5152359008789,54.0699996948242,60.8400001525879,86.8199996948242,180.899993896484,300.359985351562,1587.595703125
93.1212768554688,75.8043899536133,54.0800018310547,60.9900016784668,86.5599975585938,181,287.890014648438,1591.22216796875
92.5245361328125,75.662223815918,54,59.8600006103516,87.120002746582,177.300003051758,278.100006103516,1578.52954101562
91.6493225097656,74.7144317626953,53.0299987792969,59.2510005950928,86.6800003051758,173.300003051758,285.232496643066,1572.88830566406
91.5399169921875,75.1598892211914,52.4099998474121,60.810001373291,87.3199996948242,177.25,277.660003662109,1569.06042480469
92.6339416503906,75.4916152954102,52.9500007629395,60.5400009155273,88.3000030517578,176.300003051758,271.040008544922,1584.57373046875
89.719856262207,74.5722579956055,50.5999984741211,58.1300010681152,91.9000015258789,171.300003051758,285.369995117188,1516.47631835938
93.359977722168,76.6479263305664,52.8800010681152,60.5800018310547,95.9400024414062,177.199996948242,286.329986572266,1575.50744628906
92.9621505737305,76.1455917358398,51.5099983215332,60.8800010681152,97.6999969482422,177.550003051758,287.709991455078,1556.77062988281
91.4702987670898,76.3730697631836,51.9199981689453,61.3400001525879,98.7399978637695,173.949996948242,294.570007324219,1556.36767578125
90.9332275390625,76.7995758056641,54,62,99.1800003051758,174.25,291.359985351562,1561.60595703125
89.6402969360352,75.3304977416992,53.5999984741211,60.0699996948242,97.9599990844727,176.449996948242,272.329986572266,1537.22790527344
87.3329010009766,73.321174621582,51.1699981689453,57.4700012207031,96.8399963378906,175.899993896484,266.149993896484,1499.552734375
88.2677917480469,72.8377990722656,50.6800003051758,56.5,96.2799987792969,167.149993896484,269.809997558594,1494.91882324219
91.2813262939453,70.4872817993164,50.5099983215332,57.689998626709,94.2200012207031,162.600006103516,263.589996337891,1519.69982910156
93.7776947021484,71.7004547119141,53.7700004577637,60.4300003051758,96.9000015258789,179.050003051758,277.769989013672,1557.97937011719
92.6140518188477,72.581901550293,53.7700004577637,60.9000015258789,95.879997253418,171.649993896484,279.690002441406,1543.27197265625
93.1113357543945,73.4349136352539,55.3699989318848,60.2999992370605,97.1800003051758,172.550003051758,278.230010986328,1557.97937011719
92.4549179077148,75.2831039428711,55.7700004577637,60.3899993896484,100.199996948242,179.600006103516,279.130004882812,1572.08239746094
93.4693756103516,75.4726638793945,55.939998626709,61.3699989318848,100.5,179.199996948242,286.470001220703,1581.55163574219
93.5588836669922,75.2925796508789,56.9799995422363,61.9599990844727,101.800003051758,187.25,300.450012207031,1593.43835449219
94.513671875,76.401496887207,57.8499984741211,63.6699981689453,103.699996948242,188.5,302.100006103516,1629.70324707031
92.7831268310547,76.5626220703125,58.0099983215332,63.2299995422363,105.050003051758,188.949996948242,309.910003662109,1621.84594726562
92.7930679321289,76.3920211791992,58.6599998474121,63.4799995422363,103.849998474121,186.550003051758,298.5,1627.89013671875
93.529052734375,76.0129013061523,59.1699981689453,63.6599998474121,104.5,184.800003051758,317.209991455078,1634.1357421875
93.1113357543945,75.7380447387695,59.4300003051758,64.3199996948242,106.099998474121,182.25,313.040008544922,1624.46496582031
92.6836700439453,76.2688064575195,59.5299987792969,66.0199966430664,107.800003051758,181.550003051758,314.429992675781,1637.56066894531
92.6140518188477,76.4962768554688,60.6199989318848,65.129997253418,107.150001525879,180.050003051758,301,1635.54602050781
93.5887222290039,76.960693359375,60.9099998474121,65.379997253418,108.25,183.600006103516,301.600006103516,1652.06665039062
91.5001373291016,77.3019027709961,61.9700012207031,65.9499969482422,105.699996948242,194.050003051758,307.269989013672,1653.47692871094
93.0715484619141,77.3871994018555,61.8699989318848,67.120002746582,107.449996948242,192.399993896484,313.480010986328,1673.01965332031
92.0073623657227,77.0080871582031,62.0999984741211,66.3399963378906,108.449996948242,189.850006103516,315.309997558594,1659.31958007812
93.6285095214844,76.3920211791992,63.0200004577637,66.8099975585938,108.400001525879,190.25,325.399993896484,1668.78881835938
94.8518218994141,77.4630279541016,65.0699996948242,66.6699981689453,109,188.149993896484,324.410003662109,1664.96081542969
96.4530792236328,77.7947540283203,65.0599975585938,67.0500030517578,111.300003051758,190.25,323.820007324219,1716.33605957031
97.8454666137695,79.6429443359375,65.3000030517578,69.0699996948242,110.349998474121,191.699996948242,326.829986572266,1737.49060058594
99.3671569824219,80.4011840820312,65.5,71.0100021362305,112.25,192.550003051758,328.769989013672,1753.80981445312
103.892433166504,82.2019882202148,66.8399963378906,71.1399993896484,112.949996948242,187.25,328.200012207031,1791.68640136719
105.642875671387,83.2161254882812,67.7300033569336,70.629997253418,112.800003051758,185.850006103516,321.959991455078,1796.92468261719
102.659172058105,82.1451187133789,67.4199981689453,68.6100006103516,113.849998474121,184.199996948242,320,1796.92468261719
103.116676330566,82.1545944213867,67.5199966430664,68.9700012207031,114.900001525879,187.350006103516,322.970001220703,1794.30554199219
102.579605102539,82.8085708618164,67.3000030517578,69.0500030517578,115.900001525879,186.949996948242,322.820007324219,1786.04516601562
100.708826828003,81.1423538208008,65.05,68.6100006103516,111.080000686646,182.3125,316.950012207031,1763.66066380551
101.982864379883,82.5431900024414,66.4199981689453,68.2799987792969,115.300003051758,179.949996948242,321.339996337891,1772.54663085938
101.803848266602,81.8513031005859,65.0699996948242,68.8499984741211,111.300003051758,181.100006103516,321.380004882812,1753.60827636719
102.679061889648,81.7375640869141,65.0699996948242,67.3899993896484,111.75,181.100006103516,315.850006103516,1757.6376953125
100.849060058594,81.5385284423828,66.1800003051758,65.8600006103516,109.650001525879,181.100006103516,312.399993896484,1754.81713867188
100.351776123047,81.4342727661133,64.4300003051758,65.9599990844727,108.5,171.649993896484,319.720001220703,1751.99645996094
100.749603271484,81.7280883789062,64,65.0599975585938,108.349998474121,171.649993896484,303.589996337891,1767.509765625
102.778518676758,82.2778091430664,64,66.1900024414062,110.199996948242,171.649993896484,290.170013427734,1810.22180175781
101.843627929688,82.353630065918,61.9900016784668,67.2200012207031,110.650001525879,173.550003051758,287.929992675781,1823.72045898438
100.630256652832,81.9934692382812,62.9000015258789,66.4000015258789,108.400001525879,176.949996948242,287.320007324219,1810.22180175781
100.471122741699,81.1688919067383,60.1800003051758,66.4300003051758,105.800003051758,173.050003051758,293.350006103516,1775.01357518246
101.067863464355,81.3679275512695,61.1399993896484,67.1699981689453,106.199996948242,174.050003051758,296.890014648438,1808.00561523438
99.1781921386719,80.8561172485352,61.0999984741211,66.75,103.650001525879,168,292.929992675781,1784.23205566406
99.4765625,80.7802963256836,60.5400009155273,64.9499969482422,103.449996948242,169.800003051758,320.339996337891,1793.70104980469
97.0500030517578,80.2495346069336,60.5400009155273,64.3600006103516,102,169.800003051758,316.429992675781,1782.01574707031
96.4599990844727,79.0268859863281,58.7200012207031,62.5800018310547,99.4599990844727,169.800003051758,269.579986572266,1749.57885742188
97.7900009155273,79.5292129516602,61.8899993896484,63.6399993896484,99.9000015258789,165.100006103516,299.410003662109,1758.2421875
97.9300003051758,80.2874450683594,58.0400009155273,61.4300003051758,102.400001525879,165.100006103516,284.339996337891,1752.80236816406
97.4599990844727,80.7423858642578,60.4000015258789,61.4500007629395,101.900001525879,160,290.290008544922,1725.80517578125
99.7900009155273,81.8513031005859,60.4000015258789,63.1399993896484,88,160,311.640014648438,1768.31567382812
100,82.9602203369141,63.2099990844727,64.4899978637695,88.6399993896484,161,308.899993896484,1811.63208007812
99.9199981689453,82.8464813232422,64.120002746582,65.6399993896484,89,164.600006103516,315.910003662109,1799.34228515625
100.919998168945,82.4578857421875,63.7999992370605,63.3199996948242,89.7600021362305,163.949996948242,304.709991455078,1783.224609375
100.059997558594,81.2162857055664,63.4000015258789,64.5400009155273,88.6600036621094,163.949996948242,319.970001220703,1744.34057617188
102.300003051758,82.1735534667969,63.7400016784668,66.2099990844727,87.0199966430664,172.399993896484,324.690002441406,1776.97900390625
103.699996948242,83.1023864746094,64.4700012207031,66.4100036621094,83,175.899993896484,318.079986572266,1795.11145019531
103.620002746582,83.1023864746094,63.2900009155273,66.6500015258789,82.9599990844727,175.100006103516,313.480010986328,1795.11145019531
103.720001220703,83.2350769042969,63.2900009155273,66.8099975585938,82.6600036621094,175.100006103516,316.779998779297,1788.05993652344
103.599998474121,82.0603151823345,65.9000015258789,66.6999969482422,82.6600036621094,175.399993896484,315.970001220703,1766.70397949219
102.379997253418,82.5716247558594,65.9000015258789,67.4000015258789,82.8199996948242,175.399993896484,323.100006103516,1745.95239257812
100.419998168945,82.7801361083984,65.9000015258789,65.0880002975464,83.0199966430664,175.399993896484,319.173500061035,1740.71411132812
99.379997253418,82.3251953125,66.5800018310547,66.4800033569336,82.1600036621094,175,309.299987792969,1745.34802246094
99.4499969482422,81.6807022094727,66.7399978637695,66.120002746582,81.9800033569336,172.100006103516,307.890014648438,1720.36547851562
99.3300018310547,81.1309814453125,66.7399978637695,66.9700012207031,81.3199996948242,172.100006103516,315.260009765625,1746.51439787212
100.059997558594,81.3489761352539,66.120002746582,65.6999969482422,81.1999969482422,172.100006103516,316.390014648438,1744.09674040142
100.160003662109,80.1851084257427,66.6800003051758,63.5200004577637,81.2600021362305,175.350006103516,317.440002441406,1707.47131347656
99.9899978637695,81.4437484741211,65.9199981689453,65.5800018310547,81.1800003051758,173.699996948242,325.510009765625,1732.25231933594
99.1100006103516,81.3015823364258,65.870002746582,64.7200012207031,83.4800033569336,176,332.019989013672,1763.88342285156
98.2600021362305,80.8750762939453,65.3899993896484,62.7000007629395,83.0999984741211,173.050003051758,330.299987792969,1722.38024902344
96.870002746582,79.538688659668,63.560001373291,61.7900009155273,81.3600006103516,168.649993896484,338.220001220703,1749.37744140625
95.870002746582,78.4582061767578,63.4700012207031,60.0099983215332,79.7600021362305,167.600006103516,329.549987792969,1749.37744140625
94.1500015258789,76.5057525634766,63.6100006103516,59.2599983215332,79.0199966430664,163.449996948242,329.170013427734,1724.7978515625
93.9499969482422,76.8280029296875,63.5400009155273,60.5699996948242,80.379997253418,164,345.660003662109,1731.24499511719
93.5299987792969,75.074592590332,61.75,60.8600006103516,78.7200012207031,163.25,330.850006103516,1684.30212402344
94.1699981689453,74.8565979003906,62.5499992370605,61.0900001525879,78.5,158.149993896484,349.959991455078,1695.98742675781
95.6100006103516,75.4821395874023,63.3600006103516,63.647894608347,80.5599975585938,157.699996948242,349.467893901624,1711.7021484375
94.4300003051758,74.7239074707031,62.060001373291,62.8300018310547,80.2399978637695,158.649993896484,360.209991455078,1704.04626464844
95.5400009155273,74.4774856567383,60.7400016784668,63.5499992370605,81.4400024414062,157.149993896484,354.570007324219,1718.35083007812
95.75,74.145751953125,58.5400009155273,64.4499969482422,81.6800003051758,156.100006103516,364.549987792969,1732.25231933594
100.559997558594,76.3920211791992,57.7900009155273,66.9000015258789,80.9400024414062,164.800003051758,364.350006103516,1769.12158203125
99.5899963378906,77.7568435668945,59.4000015258789,66.5100021362305,80.9800033569336,165.100006103516,373.470001220703,1777.18054199219
99.370002746582,76.9038314819336,60.2299995422363,65.9300003051758,81.5199966430664,163.699996948242,364.470001220703,1778.99365234375
100.879997253418,76.9512176513672,57.6199989318848,67.0199966430664,82.120002746582,160.800003051758,373.579986572266,1806.1923828125
96.3399963378906,76.6289672851562,56.7200012207031,66.0699996948242,80.6399993896484,161,378.880004882812,1778.5908203125
97.5199966430664,76.136116027832,57.3499984741211,65.9499969482422,82.5999984741211,165.699996948242,377.130004882812,1798.73791503906
98.3399963378906,77.3871994018555,57.2400016784668,65.866394936411,82.6399993896484,165.399993896484,364.064895549573,1815.86303710938
97.120002746582,76.6858367919922,55.5200004577637,65.5100021362305,82.5999984741211,167.850006103516,382.109985351562,1799.74523925781
97.9000015258789,76.9796524047852,56.189998626709,66.4899978637695,85.3000030517578,171.699996948242,365.920013427734,1803.37182617188
99.2699966430664,77.8231887817383,56.5900001525879,66.9199981689453,85,173.300003051758,367.559997558594,1804.58056640625
99.3300018310547,78.4392547607422,57.8300018310547,66.9800033569336,85.9400024414062,175.100006103516,352.790008544922,1767.71130371094
100.139999389648,78.6667251586914,56.1500015258789,66.7399978637695,86.5800018310547,176.649993896484,356.149993896484,1781.81433105469
100.059997558594,78.5908966064453,56.1500015258789,66.7200012207031,84.9599990844727,176.649993896484,352.350006103516,1755.42150878906
99.2200012207031,77.2071228027344,56.1500015258789,66.3000030517578,84.6600036621094,174.050003051758,354.709991455078,1707.47131347656
98.4700012207031,76.7900924682617,54.4199981689453,65.0800018310547,81.7399978637695,171.149993896484,359.880004882812,1692.36096191406
100.199996948242,78.3065643310547,55.6300010681152,67.3600006103516,83.5,174.25,364.730010986328,1731.84936523438
99.8499984741211,77.8231887817383,55.4300003051758,66.370002746582,84.7399978637695,165.350006103516,364.420013427734,1737.25
101,78.9605407714844,58.0699996948242,68.1600036621094,85.0400009155273,170.5,372.790008544922,1783.40002441406
98.8399963378906,77.9843139648438,58.8400001525879,65.7900009155273,83.3000030517578,170.5,366.239990234375,1776.19995117188
97.7200012207031,78.6382904052734,57.4000015258789,65.3600006103516,81.1800003051758,180.600006103516,369.820007324219,1746.80004882812
97.3600006103516,78.6193313598633,56.7900009155273,65.25,80.3600006103516,178.050003051758,356.709991455078,1743.19995117188
98.0500030517578,78.6572418212891,57.689998626709,66.1600036621094,78.9599990844727,180.350006103516,363.609985351562,1744.80004882812
99.5999984741211,79.5007781982422,57.689998626709,66.7200012207031,80.4199981689453,179.899993896484,365.019989013672,1755
98.7600021362305,78.5814208984375,57.0200004577637,67.4899978637695,81.1800003051758,180.850006103516,357.859985351562,1755.80004882812
98.5999984741211,78.8278427124023,57,66.7200012207031,77.9599990844727,184.5,372.970001220703,1743
97.2099990844727,77.4440689086914,57,66.2300033569336,76.3000030517578,185.699996948242,364.209991455078,1727.59997558594
94.5,77.9539821624756,56.7200012207031,65.6500015258789,74.1800003051758,184.949996948242,354.989990234375,1693.80004882812
96.9499969482422,77.4725036621094,58,65.2600021362305,73.9400024414062,182.699996948242,357.809997558594,1695
96.7600021362305,77.6146697998047,58.7599983215332,65.3199996948242,73.9599990844727,183.699996948242,368.799987792969,1676.80004882812
96.3300018310547,77.1123428344727,57.2799987792969,66.2900009155273,73.6600036621094,185.75,369.130004882812,1658.40002441406
97.5100021362305,77.7663192749023,53.2799987792969,66.0299987792969,73.7200012207031,184.550003051758,367.850006103516,1667
96.8499984741211,77.9843139648438,52.9500007629395,65.120002746582,73.120002746582,186.100006103516,366.570007324219,1659.40002441406
95.4800033569336,78.9131469726562,52.1599998474121,65.8899993896484,74.1800003051758,184,374.029998779297,1646.80004882812
87.6699981689453,78.2023010253906,51.9000015258789,66.3000030517578,73.7399978637695,187.800003051758,374.239990234375,1556.59997558594
84.75,76.8090515136719,51.6800003051758,64.6500015258789,73.6399993896484,187.100006103516,374.140014648438,1400
85.4599990844727,75.9181213378906,54.1500015258789,66.6399993896484,73.1399993896484,183.600006103516,376.910003662109,1450
85.120002746582,76.2498550415039,53.560001373291,66.8099975585938,73.4199981689453,185.949996948242,382.859985351562,1406
86.5899963378906,76.7521820068359,54.2999992370605,66.7399978637695,73.1999969482422,184,372.950012207031,1425
81.6699981689453,76.989128112793,53.3699989318848,66.4199981689453,72.4400024414062,182.899993896484,382.609985351562,1415.40002441406
81.7200012207031,76.8659133911133,54.060001373291,66.5,72.620002746582,182,377.489990234375,1402
81.6600036621094,77.7284088134766,54.4000015258789,67.1699981689453,73.379997253418,182,383.25,1425.19995117188
82.9800033569336,77.5862426757812,53.4099998474121,67.2399978637695,72.3399963378906,179.899993896484,387.880004882812,1427.80004882812
81.5,76.0129013061523,53.4900016784668,66.4300003051758,70.4000015258789,177.199996948242,382.779998779297,1402.59997558594
81.3499984741211,76.5910568237305,53.4700012207031,67.6399993896484,70.7799987792969,179.25,391.359985351562,1399
80.4499969482422,76.0129013061523,54.5499992370605,68.2600021362305,71.5999984741211,178.899993896484,394.429992675781,1390.40002441406
81.8899993896484,76.1740264892578,53.7000007629395,66.3199996948242,71.6999969482422,173.699996948242,384.119995117188,1394.80004882812
81.4100036621094,75.7949142456055,51.0699996948242,65.8300018310547,71.0400009155273,173.699996948242,383.290008544922,1384.88000488281
82.5999984741211,75.0271987915039,51.8600006103516,63.3800010681152,70.9199981689453,171.600006103516,381.049987792969,1400.80004882812
82.1800003051758,74.9987640380859,52.5999984741211,62.3800010681152,70.0999984741211,171.399993896484,377.869995117188,1379.40002441406
81.1600036621094,74.4585266113281,51.1800003051758,61.7900009155273,69.6999969482422,168.5,377.260009765625,1357.19995117188
81.4400024414062,75.3020629882812,52.6300010681152,60.689998626709,70.1600036621094,173.350006103516,375.299987792969,1352
80.7600021362305,75.6527404785156,51.810001373291,62.2500001907349,69,171.550003051758,382.336499023438,1357.80004882812
80.5500030517578,75.0366821289062,51.5099983215332,60.4099998474121,69.620002746582,173.050003051758,370.470001220703,1347.40002441406
80.6100006103516,74.9134674072266,51.060001373291,59.8199996948242,70,172.800003051758,380.670013427734,1344.40002441406
80.5599975585938,74.6670379638672,51.9099998474121,60.3199996948242,70.4599990844727,172.75,395.75,1344.19995117188
81.1999969482422,75.2167587280273,52.8699989318848,60.8499984741211,71.0999984741211,174.399993896484,391.260009765625,1348.59997558594
82.4300003051758,75.9560394287109,54.0900001525879,61.75,71.7399978637695,176.699996948242,388.359985351562,1377.59997558594
81.4800033569336,75.2736282348633,53.8600006103516,58.9900016784668,71.0800018310547,173.050003051758,383.119995117188,1359.40002441406
80.6900024414062,74.0130615234375,53.7299995422363,58.7200012207031,69.9400024414062,171.850006103516,383.320007324219,1332.19995117188
81.5999984741211,73.7097702026367,53.1199989318848,58.1399993896484,68.8000030517578,173,380.179992675781,1337.59997558594
81.8600006103516,73.4822998046875,52.2900009155273,58.0499992370605,68.879997253418,166.350006103516,373.260009765625,1321.40002441406
80.3399963378906,73.6244659423828,52.4199981689453,57.9900016784668,67.4599990844727,168.949996948242,365,1331.06999511719
79.7699966430664,72.8377990722656,52.0800018310547,57.4000015258789,68.4199981689453,165.899993896484,370.459991455078,1312.59997558594
79.0899963378906,71.8331451416016,52.1500015258789,56.439998626709,68.1399993896484,166.899993896484,361.079986572266,1304.59997558594
78.8499984741211,71.1317749023438,51.5,56.310001373291,66.9599990844727,162.149993896484,356.709991455078,1296
78.8099975585938,70.4777984619141,49.5750007629395,54.5800018310547,69.4400024414062,159,343.200012207031,1313.19995117188
77.4400024414062,70.1176376342773,48.3699989318848,53.0200004577637,68.8000030517578,158.550003051758,343.75,1325
77.4499969482422,70.506233215332,48.2550010681152,53.2400016784668,70.0400009155273,158.75,351.010009765625,1316.59997558594
78.7099990844727,70.9137878417969,48.189998626709,54.689998626709,70.1399993896484,162.550003051758,357.5,1341.59997558594
77.8399963378906,71.0085678100586,47.7200012207031,54.9099998474121,71.120002746582,163.600006103516,357.549987792969,1315.80004882812
78.4000015258789,71.5867156982422,47.4150009155273,54.8400001525879,71.120002746582,166.800003051758,353.049987792969,1305.80004882812
79.8000030517578,72.0132217407227,47.9550018310547,55.5499992370605,71.5599975585938,168,350.940002441406,1319.59997558594
80.0100021362305,72.9515380859375,48.6450004577637,57.0400009155273,72.7799987792969,173.75,369.450012207031,1328.40002441406
80.370002746582,72.3639068603516,48.6500015258789,56.7299995422363,71.7399978637695,173.100006103516,376.869995117188,1329
79.3300018310547,71.59619140625,47.7050018310547,54.9099998474121,73.1800003051758,170.350006103516,368.769989013672,1322.59997558594
80.1600036621094,71.59619140625,47.4199981689453,55.4000015258789,72.7399978637695,167.649993896484,353.470001220703,1342.59997558594
80.0800018310547,71.624626159668,47.5349998474121,54.2099990844727,71.9400024414062,164.850006103516,346.079986572266,1346
81.8099975585938,71.7952346801758,48.4150009155273,55.2999992370605,72.8399963378906,165.25,344.570007324219,1357.19995117188
81.3899993896484,71.8047103881836,49.1949996948242,55.0699996948242,72.9800033569336,163.649993896484,345.839996337891,1358.80004882812
81.2300033569336,71.6056747436523,49.7949981689453,55.5299987792969,73.4800033569336,164.350006103516,350.769989013672,1331
81.5699996948242,72.0226974487305,49,54.9700012207031,74.6600036621094,168.75,351.429992675781,1350.19995117188
82.120002746582,72.9704895019531,50.2200012207031,56.1800003051758,76.0199966430664,170.25,361.049987792969,1354
81.7099990844727,73.2548294067383,49.7350006103516,55.9700012207031,75.7600021362305,171.550003051758,375.440002441406,1363.80004882812
80.9300003051758,72.7714538574219,49.75,54.5099983215332,74.3199996948242,163.850006103516,360.809997558594,1382.19995117188
80.8099975585938,72.2217407226562,49.7999992370605,54.3499984741211,73.4400024414062,162,361.940002441406,1365
81.5699996948242,72.5629425048828,50,54.9700012207031,73.4000015258789,159.800003051758,376.700012207031,1392.40002441406
82.1900024414062,73.908805847168,51,55.1800003051758,74.2600021362305,164,382.089996337891,1387.40002441406
82.2900009155273,73.7761154174805,50.8699989318848,55.9000015258789,74.5599975585938,167.5,387.790008544922,1383.59997558594
83.3399963378906,74.5343475341797,51.7799987792969,57.9599990844727,76.379997253418,171.649993896484,383.619995117188,1395
83.4899978637695,74.5248718261719,52.0800018310547,57.6100006103516,73.9199981689453,169.050003051758,372.239990234375,1387
86.1999969482422,75.899169921875,52.7000007629395,58.7099990844727,75.379997253418,168.050003051758,388.989990234375,1416.59997558594
87.3300018310547,76.6763610839844,53.2200012207031,58.810001373291,76.3199996948242,165,387.929992675781,1428.80004882812
86.8499984741211,76.4962768554688,53.8600006103516,59.8499984741211,75.620002746582,163.399993896484,379.570007324219,1446
87.3300018310547,76.9133071899414,53.4099998474121,59.7000007629395,76.5,165.850006103516,371.700012207031,1445.59997558594
87.4000015258789,76.9701766967773,53.0699996948242,59.9300003051758,76,163.149993896484,375.850006103516,1448
87.879997253418,76.9322662353516,53.8800010681152,60.9900016784668,76.4400024414062,164.399993896484,366.239990234375,1445.59997558594
86.7900009155273,76.3920211791992,54.2799987792969,61.0999984741211,75.1800003051758,164.050003051758,362.299987792969,1377.40002441406
86.4499969482422,76.6289672851562,51.7000007629395,61.3300018310547,75.9199981689453,169.350006103516,359.720001220703,1387
86.8399963378906,77.5388488769531,50.2599983215332,61.0499992370605,77.3000030517578,171.199996948242,366.140014648438,1407.19995117188
86.9700012207031,78.0032653808594,51.4099998474121,65.0899963378906,78.2600021362305,177.949996948242,367.529998779297,1408.19995117188
82.4300003051758,74.8850326538086,50.189998626709,62.7700004577637,73.5,175.350006103516,363.070007324219,1323.59997558594
84.0899963378906,74.6859970092773,51.3199996948242,63.9099998474121,73.7799987792969,183.100006103516,361.779998779297,1365
84.629997253418,75.5010986328125,53.4199981689453,63.9500007629395,74.7600021362305,182.5,370.149993896484,1354.19995117188
84.7200012207031,74.9134674072266,52.6199989318848,63.7999992370605,74.5999984741211,181.100006103516,365.100006103516,1374.40002441406
84.5,74.9513778686523,52.5299987792969,64.0599975585938,73,176.399993896484,363.480010986328,1354.40002441406
86.0400009155273,77.254508972168,53.7900009155273,65.0699996948242,74.2600021362305,176.199996948242,363.980010986328,1368.40002441406
87.1800003051758,78.6003723144531,54.4000015258789,65.4300003051758,75.8000030517578,174.949996948242,374.350006103516,1398
87.2699966430664,79.1595764160156,54.6100006103516,66,75.7200012207031,172.350006103516,371.75,1409.59997558594
86.5500030517578,77.7663192749023,54.4900016784668,66.120002746582,76.7799987792969,171,376.760009765625,1384
87,77.8231887817383,55.5099983215332,66.2219993591309,77.7399978637695,175.850006103516,378.034501647949,1380
87.5400009155273,78.6951522827148,55.4500007629395,66.1699981689453,77.9599990844727,175.899993896484,373.829986572266,1392.40002441406
87.8899993896484,78.9321060180664,55.75,66.2099990844727,77.6600036621094,175.850006103516,379,1394.80004882812
88.1900024414062,78.951057434082,55.9599990844727,66.0800018310547,77.1399993896484,172.100006103516,377.720001220703,1417.80004882812
86.4800033569336,79.2827835083008,55.3800010681152,67.9700012207031,76.7799987792969,173.800003051758,397.970001220703,1406.80004882812
87.4499969482422,79.7092895507812,55.0299987792969,68.3399963378906,71.7399978637695,176.550003051758,399.220001220703,1415.40002441406
85.7699966430664,79.7472076416016,54.8400001525879,68.4700012207031,74.0400009155273,177.350006103516,402.309997558594,1424
85.9400024414062,81.3205413818359,53.0900001525879,68.4199981689453,71.5800018310547,176.699996948242,393.260009765625,1422.19995117188
85.3899993896484,80.8276901245117,52.8899993896484,68.5599975585938,71.1399993896484,173.600006103516,385.540008544922,1387.80004882812
90.5999984741211,81.3015823364258,52.7999992370605,68.8499984741211,72.7600021362305,173.25,384.369995117188,1492.40002441406
89,80.8466415405273,52.7299995422363,69.1699981689453,72.5599975585938,175.149993896484,389.519989013672,1483.59997558594
88.7300033569336,81.0172424316406,52.8800010681152,69.5500030517578,71.6600036621094,180,388.5,1457.80004882812
88.5199966430664,80.4959564208984,52.3199996948242,69.2799987792969,72.1800003051758,181.949996948242,394.859985351562,1445
88.9300003051758,80.3727493286133,52.4500007629395,69.5800018310547,73.120002746582,186.600006103516,384.700012207031,1452.40002441406
90.0199966430664,81.6333084106445,52.0499992370605,70.4400024414062,74.5999984741211,190,386.459991455078,1443.80004882812
88.9300003051758,80.2021484375,50.4799995422363,69.7399978637695,73.6600036621094,182.149993896484,389.679992675781,1449.40002441406
87.620002746582,79.8419876098633,48.560001373291,67.9400024414062,73.120002746582,181.199996948242,385.809997558594,1428
88.7600021362305,79.7472076416016,48.8050003051758,67.4700012207031,74.1999969482422,179.350006103516,377.329986572266,1420.80004882812
88.8099975585938,79.216438293457,49.3699989318848,67.7200012207031,73.3600006103516,177,381.130004882812,1427
91.0899963378906,80.2874450683594,49.0099983215332,67.9000015258789,75.120002746582,179.949996948242,382.720001220703,1453.19995117188
91.2900009155273,80.1263198852539,48.5499992370605,68.0800018310547,75.2600021362305,178.550003051758,383.239990234375,1454.80004882812
90.9800033569336,80.2969207763672,48.6199989318848,67.9800033569336,74.6600036621094,179.600006103516,377.329986572266,1452.80004882812
90.4100036621094,80.3537902832031,48.4850006103516,67.9300003051758,73.5,180.350006103516,370.579986572266,1442.27693058894
89.9400024414062,80.069450378418,48.6650009155273,67.5599975585938,73.4400024414062,181.199996948242,369.420013427734,1440.19995117188
90.9800033569336,80.334831237793,49.2350006103516,68.0999984741211,74.8000030517578,183.050003051758,375.790008544922,1444.59997558594
89.8399963378906,79.2259216308594,48.3250007629395,67.8000030517578,73.5599975585938,180.899993896484,378.829986572266,1437.59997558594
