"TRVG.Close","BKNG.Close","RYA.IR.Close","LYFT.Close","TCOM.Close","TRIP.Close","HLT.Close","UBER.Close"
13.3999996185303,2074.580078125,14.9099998474121,43.5800018310547,36.9700012207031,30.2600002288818,111.449996948242,30.9899997711182
13.5,2065.47998046875,14.7449998855591,43.189998626709,36.1800003051758,30.1700000762939,109.98999786377,31.3700008392334
14.0500001907349,2047.40002441406,14.5249996185303,43.0999984741211,35.689998626709,30.0599994659424,109.419998168945,31.5799999237061
14.1000003814697,2068.05004882812,14.8149995803833,44.25,37.3300018310547,30.4699993133545,108.290000915527,32.810001373291
14.3000001907349,2062.89990234375,14.8400001525879,45.0800018310547,36.8699989318848,30.5900001525879,109.209999084473,33.9300003051758
14.1999998092651,2084.2900390625,15.2150001525879,45.5900001525879,37.1199989318848,30.4899997711182,109.089996337891,33.9700012207031
14,2086.89990234375,16.0699996948242,46.060001373291,36.7000007629395,30.1200008392334,108.599998474121,34.0099983215332
14.1499996185303,2080.5,15.8900003433228,46.3499984741211,37.6500015258789,30.6100006103516,109.290000915527,34.1399993896484
14.75,2071.47998046875,15.8999996185303,47.6800003051758,38.5,31.0499992370605,109.089996337891,34.8400001525879
14.8500003814697,2065.15991210938,15.5600004196167,47.0800018310547,37.560001373291,30.9799995422363,109.629997253418,35.0099983215332
14.75,2054.75,15.7200002670288,46.8300018310547,38.4500007629395,31.5200004577637,111.599998474121,34.6800003051758
14.6999998092651,2054.68994140625,15.6599998474121,46.5200004577637,38.939998626709,30.9300003051758,113.919998168945,35.1300010681152
14.0962500572205,1994.27947998047,15.5500001907349,46.8270002365112,35.3085001945496,29.8539999008179,109.329499435425,35.4900000572205
14.5500001907349,1990.56994628906,15.5600004196167,47.9799995422363,35.8600006103516,30.4899997711182,110.620002746582,37.5999984741211
14.6750001907349,2000.78002929688,15.5349998474121,47.4700012207031,34.4500007629395,30.2600002288818,110.849998474121,37.0400009155273
14.8999996185303,1993.19995117188,15.1599998474121,48.4799995422363,34.2599983215332,30.5599994659424,110.959999084473,37.4000015258789
13.75,1962.9599609375,15.1999998092651,48.4300003051758,31.8999996185303,29.7399997711182,108.48999786377,36.7999992370605
12.8500003814697,1908.89001464844,14.7150001525879,47.3600006103516,31.4500007629395,28.9400005340576,104.940002441406,36.2999992370605
13.3000001907349,1917.44995117188,14.8400001525879,48.2099990844727,32.9500007629395,28.7900009155273,107.860000610352,37.0099983215332
14.1000003814697,1893.94995117188,15.0950002670288,46.8400001525879,32.8600006103516,28.2999992370605,110.01000213623,36.9900016784668
13.6000003814697,1872.08996582031,14.8400001525879,47.7900009155273,33.1599998474121,28.2099990844727,109.069999694824,36.6800003051758
13.1499996185303,1830.55004882812,14.8999996185303,47.4799995422363,32.1300010681152,27.3199996948242,107.800003051758,36.2900009155273
13.1999998092651,1839.03002929688,15.7700004577637,47.9599990844727,32.3400001525879,27.6499996185303,107.849998474121,37.5900001525879
13.5,1864.51000976562,16,50,34.0999984741211,28.2600002288818,110.940002441406,38.5299987792969
14.0500001907349,1939.2900390625,16.0450000762939,48.060001373291,33.9300003051758,29.2900009155273,113.26000213623,36.810001373291
13.75,1960.90002441406,15.9750003814697,47.4199981689453,34.0699996948242,29.2099990844727,112.699996948242,37.0900001525879
13.8999996185303,1909.58996582031,15.6999998092651,49.9199981689453,33.8699989318848,28.8799991607666,110.839996337891,40.6300010681152
14.25,1886.64001464844,15.3699998855591,53.7200012207031,32.6599998474121,28.6399993896484,111.370002746582,40.0099983215332
14.6000003814697,1909.30004882812,15.7749996185303,53.939998626709,33.7900009155273,29.8099994659424,112.940002441406,41.2700004577637
13.1000003814697,1960.35998535156,15.7550001144409,48.4599990844727,34.310001373291,30.4500007629395,113.699996948242,41.25
12.6000003814697,1959.93994140625,15.6350002288818,47.0299987792969,33.689998626709,29.6399993896484,112.959999084473,40.0900001525879
13.0500001907349,1990.9599609375,15.5950002670288,44.689998626709,33.4199981689453,29.6499996185303,113.230003356934,39.6599998474121
12.0875000953674,1867.33649902344,15.414999961853,45.4859996795654,32.7029999732971,27.6430000305176,107.81249961853,38.1809999465942
12,1976.28002929688,15.3400001525879,45.0999984741211,33.6399993896484,28.8700008392334,111.930000305176,40.1800003051758
11.6999998092651,1968.48999023438,15.4250001907349,46.2400016784668,34.7900009155273,28.8400001525879,112.669998168945,41.0499992370605
12.1000003814697,1970.91003417969,15.3800001144409,45.4700012207031,33.8600006103516,28.9699993133545,112,40.9199981689453
11.6000003814697,1928.71997070312,15.3000001907349,44.7000007629395,33.060001373291,28.2900009155273,109.569999694824,40.7200012207031
10.6499996185303,1792.5400390625,13.2399997711182,42.5200004577637,31.2600002288818,26.8999996185303,104.019996643066,38.310001373291
10.5,1726.57995605469,12.8599996566772,41.8199996948242,30.1499996185303,25.6200008392334,98.879997253418,35.8899993896484
9.60000038146973,1678.19995117188,12.6350002288818,39.8600006103516,30.25,23.6100006103516,97.9000015258789,34.4500007629395
9.39999961853027,1659.84997558594,12.3149995803833,37.7799987792969,30.0100002288818,22.7199993133545,95.8300018310547,32.4500007629395
9.10000038146973,1695.66003417969,12.2550001144409,38.1199989318848,30.3600006103516,23.4500007629395,97.1999969482422,33.8699989318848
9.10000038146973,1728.97998046875,11.6499996185303,36.9099998474121,30.5,24.1100006103516,96.4599990844727,32.8499984741211
9.05000019073486,1683.02001953125,11.875,36.9700012207031,29.9400005340576,23.4500007629395,93.3300018310547,33.0400009155273
9,1732.13000488281,11.8950004577637,40.2700004577637,30.5499992370605,23.8600006103516,98.3899993896484,34.5299987792969
8.75,1647.43994140625,11.25,37.0800018310547,29.9500007629395,21.7399997711182,91.5,32.2099990844727
8.69999980926514,1612.08996582031,11.3450002670288,36.0200004577637,29.6200008392334,22,90.4499969482422,31.6800003051758
7.19999980926514,1527.80004882812,11.125,32.810001373291,26.8999996185303,20.0900001525879,86.1800003051758,28.1700000762939
7.59999990463257,1559,11.5699996948242,32.8899993896484,29.0300006866455,19.6800003051758,90.3199996948242,28.9699993133545
7.80000019073486,1442.5,11.1549997329712,29.0100002288818,27.5499992370605,18.2299995422363,81.0899963378906,26.2399997711182
7.25,1280.40002441406,10.3450002670288,23.8799991607666,25.9099998474121,14.9200000762939,76.7200012207031,22.6100006103516
7.94999980926514,1421.32995605469,10.5500001907349,24.1700000762939,25.0699996948242,17.0799999237061,78.629997253418,22.6000003814697
7.70499992370605,1289.67004394531,9.31799983978271,19.1200008392334,22.5400009155273,16.8099994659424,69.5400009155273,20.2900009155273
7.94999980926514,1368.26000976562,8.88000011444092,18.6599998474121,23.1000003814697,15.6000003814697,64.8300018310547,18.9099998474121
7.90000009536743,1233.75,8.41600036621094,16.0499992370605,21.6299991607666,14.4499998092651,56.6800003051758,14.8199996948242
7.5,1191.47998046875,8.32199954986572,20.7000007629395,23.0499992370605,15.6899995803833,58.0299987792969,20.4899997711182
7.75,1177.43005371094,8.8100004196167,21.2700004577637,22.7700004577637,15.8400001525879,61.5999984741211,21.3299999237061
7.40000009536743,1152.23999023438,8.64999961853027,22.6100006103516,22.0799999237061,17.0499992370605,63.3300018310547,22.3999996185303
8,1259.46997070312,9.52799987792969,27.0599994659424,23.5200004577637,18.5499992370605,69.3899993896484,26.3899993896484
8.25,1365.84997558594,9.80000019073486,27.9500007629395,24.0799999237061,19.7600002288818,72.25,26.1900005340576
8.10000038146973,1406,9.69999980926514,29.9400005340576,25.0200004577637,19.7900009155273,73.1999969482422,28.1200008392334
7.55000019073486,1255.15002441406,9.24199962615967,27.6000003814697,23.4599990844727,17.9599990844727,69.1500015258789,27.2800006866455
7.09999990463257,1308.22998046875,9.11200046539307,26.9200000762939,22.5100002288818,17.8700008392334,68.6800003051758,27.8299999237061
7.30000019073486,1345.31994628906,9.20800018310547,26.8500003814697,23.4500007629395,17.3899993896484,68.2399978637695,27.9200000762939
7,1271.63000488281,8.82800006866455,23.5,22.1499996185303,16.6700000762939,63.0400009155273,25.4200000762939
7,1260,8.56999969482422,22.4500007629395,22.3600006103516,16.2700004577637,57.8600006103516,23.6800003051758
6.94999980926514,1230.68005371094,8.58800029754639,22,22.0100002288818,15.6999998092651,55.939998626709,22.8199996948242
7.15000009536743,1356.68005371094,9.74600028991699,25.7299995422363,23.4500007629395,16.7900009155273,63.7999992370605,25.9899997711182
7.15000009536743,1376.36999511719,10.2650003433228,27.5,24.4300003051758,16.7700004577637,65.8300018310547,25.7399997711182
8,1372.06005859375,10.1999998092651,29.6399993896484,24.5100002288818,17.4200000762939,70.0899963378906,26.9400005340576
8.25,1420.64001464844,10.0600004196167,30.3299999237061,24.8199996948242,18.3400001525879,68.4499969482422,27.1100006103516
8.19999980926514,1421.01000976562,9.52385005950928,30.6599998474121,24.0499992370605,18.1100006103516,66.6399993896484,27.9899997711182
8.94999980926514,1449.42004394531,9.75399971008301,30.5,23.8600006103516,18.1100006103516,70.0100021362305,27.75
9,1424.60998535156,9.41199970245361,28.3899993896484,23.4699993133545,19.2399997711182,69.870002746582,27.4099998474121
8.55000019073486,1407.40002441406,9.37399959564209,27.1399993896484,23.2399997711182,18.4300003051758,70.1500015258789,27.0300006866455
8.44999980926514,1470.86999511719,10.0600004196167,29.0699996948242,23.8500003814697,18.7800006866455,75.620002746582,28
8.19999980926514,1411.63000488281,9.98600006103516,30.1000003814697,23.6599998474121,18.0699996948242,72.2799987792969,28.1900005340576
8,1342.21997070312,9.64400005340576,29.25,23.25,17.3600006103516,71.3499984741211,27.1900005340576
8.35000038146973,1355,9.5,30.7000007629395,23,17.3500003814697,70.7900009155273,28.2399997711182
8.39999961853027,1360,9.42000007629395,30.0900001525879,23.7000007629395,18.5200004577637,71.9400024414062,28.3299999237061
8.44999980926514,1362.77001953125,9.61600017547607,31.9599990844727,23.7800006866455,18.4400005340576,71.370002746582,29.4899997711182
8.64999961853027,1402.98999023438,9.89200019836426,34.3199996948242,24.4400005340576,18.7000007629395,75.1900024414062,30.0799999237061
8.75,1439.31994628906,9.57199954986572,32.7400016784668,24.4699993133545,19.1000003814697,75.75,30.1200008392334
9,1520.53002929688,10.5450000762939,34.060001373291,25.9099998474121,20.4699993133545,79.2799987792969,31.3700008392334
9.14999961853027,1480.56994628906,10.3999996185303,32.8300018310547,25.7600002288818,19.9699993133545,75.7099990844727,30.2700004577637
8.44999980926514,1448.7900390625,9.46504998207092,29.6049995422363,24.1599998474121,18.3700008392334,72.0299987792969,28.3899993896484
8.64999961853027,1413.30004882812,9.25,27.0300006866455,24.0400009155273,18.7199993133545,71.4100036621094,27.4200000762939
8.25,1393.19995117188,9.40200042724609,26.6800003051758,24.2399997711182,18.3600006103516,71.7399978637695,28.0699996948242
7.94999980926514,1378.91003417969,9.33199977874756,26.1200008392334,24.2600002288818,18.0900001525879,70.7900009155273,27.8199996948242
8.05000019073486,1443.91003417969,9.32199954986572,31.7800006866455,24.8099994659424,18.7199993133545,71.9000015258789,30.9300003051758
8.60000038146973,1430.82995605469,9.4980001449585,32.7299995422363,25.1200008392334,17.9099998474121,72.1900024414062,32.7900009155273
8.39999961853027,1411,8.88399982452393,31.3600006103516,24.6100006103516,16.7000007629395,68.3000030517578,31.6399993896484
7.94999980926514,1385.92004394531,9.08399963378906,29.5300006866455,24.1100006103516,16.8999996185303,67,32.4000015258789
7.75,1366.06994628906,8.82400035858154,28.3700008392334,23.3299999237061,15.5900001525879,64.8499984741211,33.0200004577637
7.44999980926514,1382.51000976562,8.61999988555908,27.7199993133545,23.6599998474121,15.6099996566772,68.1699981689453,32.7900009155273
7.25,1384.31005859375,8.44999980926514,28.1499996185303,24,15.6599998474121,68.5400009155273,32.4700012207031
8.30000019073486,1557.43005371094,9.7819995880127,30.4300003051758,25.5300006866455,19.0200004577637,73.0699996948242,33.6199989318848
8.30000019073486,1547.56005859375,10.0600004196167,30.6900005340576,25.7999992370605,18.4699993133545,75.2900009155273,33.4000015258789
9.35000038146973,1599.15002441406,10.1700000762939,30.8199996948242,25.7199993133545,19.5300006866455,77.7200012207031,34.4799995422363
9.25,1595.68005371094,10.6000003814697,30.3899993896484,24.9799995422363,19.4799995422363,77.6600036621094,34.2599983215332
9.25,1631.30004882812,10.7150001525879,31.2600002288818,23.7999992370605,18.9200000762939,78.3899993896484,34.8300018310547
9.76500000953674,1602.14351806641,10.960000038147,32.1152501106262,25.8260000228882,20.0170001506805,77.9310001373291,34.5960004806519
9.89999961853027,1746.91003417969,11.8599996566772,32.4700012207031,26.0400009155273,21.8700008392334,81.6900024414062,34.560001373291
10.3500003814697,1698.72998046875,11.6700000762939,33.75,25.8299999237061,23.3500003814697,83.1500015258789,34.8800010681152
10.6999998092651,1648.98999023438,11.5600004196167,31.7299995422363,25.3400001525879,21.1399993896484,80.620002746582,34.1500015258789
10.5,1639.42004394531,11.164999961853,31.2600002288818,26.5699996948242,19.2800006866455,79.3099975585938,36.3199996948242
10.5500001907349,1670.72998046875,11.7749996185303,32.5900001525879,25.8999996185303,21.8500003814697,81.9100036621094,35.8199996948242
11,1655,12.0200004577637,31.6800003051758,26.6499996185303,21.1900005340576,83.5999984741211,35.810001373291
11.3999996185303,1725.96997070312,12.6350002288818,34.439998626709,27.9500007629395,22.8299999237061,86.1100006103516,36.75
11.6000003814697,1742.64001464844,12.8400001525879,36.0750007629395,28.1000003814697,22.0100002288818,86.3399963378906,36.4300003051758
12.5500001907349,1812.64001464844,12.9300003051758,38.6100006103516,29.0799999237061,25.4899997711182,87.1999969482422,37.2099990844727
13.5,1840.91003417969,12.8050003051758,40.9799995422363,29.5200004577637,25.4500007629395,89.6999969482422,37.0800018310547
12.8000001907349,1777.96997070312,12.1499996185303,39.2099990844727,29.0200004577637,23.8600006103516,86.129997253418,36.5900001525879
11.8500003814697,1733.31005859375,11.8649997711182,38.560001373291,28.0200004577637,22.2199993133545,82.8300018310547,34.8300018310547
9.60000038146973,1588.36999511719,11.0600004196167,35.3199996948242,26.5400009155273,19.8999996185303,77.5899963378906,31.1000003814697
10.5500001907349,1623.92004394531,11.0600004196167,36.8899993896484,27.1399993896484,20.4099998474121,77.4499969482422,32.2400016784668
10.6499996185303,1650.67004394531,10.8249998092651,36.2099990844727,26.8299999237061,20.8199996948242,77.4800033569336,32.6699981689453
10.9499998092651,1673.73999023438,11.0950002670288,36.7099990844727,25.9699993133545,20.5100002288818,78.25,33.4900016784668
10.6000003814697,1638.23999023438,11.0600004196167,35.3199996948242,25.9500007629395,18.9500007629395,76.4199981689453,33.2900009155273
10.8999996185303,1628.34997558594,11.4399995803833,35.8300018310547,26.0900001525879,18.9599990844727,78.1600036621094,33.4000015258789
10.5,1626.91003417969,11.5,34.8199996948242,26,18.1700000762939,76.1699981689453,32.2999992370605
10.3000001907349,1633.52001953125,11.3500003814697,34.25,26.2900009155273,18.1800003051758,76.0800018310547,32.6800003051758
10.3999996185303,1677.09997558594,11.414999961853,35.5999984741211,26.6700000762939,20.1100006103516,75.6800003051758,33.0499992370605
10.0500001907349,1610.32995605469,10.7299995422363,32.7949981689453,25.8099994659424,18.1499996185303,73.1900024414062,30.4599990844727
9.85000038146973,1615.39001464844,10.5500001907349,33.189998626709,26.1599998474121,18.3400001525879,72.5100021362305,30.5799999237061
9.64999961853027,1541.25,10.3199996948242,32.2700004577637,26.0100002288818,18.0300006866455,71.1600036621094,29.6100006103516
9.89999961853027,1593.21997070312,10.8100004196167,33.060001373291,26.0799999237061,19.0599994659424,73.9199981689453,29.6299991607666
9.85000038146973,1592.33996582031,10.6549997329712,33.0099983215332,25.9200000762939,19.0100002288818,73.4499969482422,31.0799999237061
9.69999980926514,1658.7900390625,10.664999961853,32,25.6399993896484,19.2199993133545,74.4400024414062,30.4300003051758
9.69999980926514,1669.97998046875,10.9700002670288,31.8199996948242,26.5599994659424,19.1000003814697,74.5199966430664,30.6800003051758
9.56749992370606,1664.01649780273,10.9099998474121,31.8287498474121,26.6050000190735,19.0520000457764,75.2394996643066,31.8209999084473
9.35000038146973,1703.76000976562,11.1099996566772,33.2200012207031,28.0799999237061,19.5100002288818,76.2399978637695,32.5200004577637
9.44999980926514,1657.44995117188,11.1599998474121,30.9400005340576,27.0400009155273,18.5,74.1699981689453,32.8199996948242
9.44999980926514,1661.30004882812,10.6199998855591,32.1800003051758,27.1900005340576,19.0200004577637,75.0899963378906,33.9300003051758
9.25,1670.28002929688,10.4350004196167,29.8999996185303,26.8999996185303,19.3799991607666,74.129997253418,33.1500015258789
9.30000019073486,1707.40002441406,10.5,30.7000007629395,26.7999992370605,19.6100006103516,75.2399978637695,33.1399993896484
8.89999961853027,1686.76000976562,10.75,28.8099994659424,26.8400001525879,18.8700008392334,73.5800018310547,31.7199993133545
8.69999980926514,1696.22998046875,10.7700004577637,27.9200000762939,26.1000003814697,18.8500003814697,73.5100021362305,30.9300003051758
9.14999961853027,1799.33996582031,11.8299999237061,30.7800006866455,28.0200004577637,20.5699996948242,80.9199981689453,32.810001373291
9,1746.7900390625,11.4799995422363,29.5799999237061,26.9099998474121,19.6499996185303,80.8899993896484,32.3499984741211
8.89999961853027,1732.18994140625,11.1850004196167,29.7299995422363,27.0799999237061,19.7099990844727,79.9000015258789,32.5499992370605
8.85000038146973,1713.65002441406,11.0699996948242,30.5699996948242,26.9200000762939,19.6299991607666,78.1699981689453,33.6599998474121
8.64999961853027,1711.7099609375,11.1549997329712,30.4899997711182,27.5200004577637,20.0499992370605,80.120002746582,32.5499992370605
8.5,1720.5400390625,11.0200004577637,30.8400001525879,27.2800006866455,20.25,79.620002746582,32.6599998474121
8.39999961853027,1695.4599609375,11.1149997711182,30.8600006103516,26.8299999237061,20.3299999237061,78.8600006103516,32.1699981689453
8.35000038146973,1701.30004882812,10.9049997329712,30.4200000762939,27.1000003814697,20.0300006866455,77.4300003051758,31.1800003051758
8.19999980926514,1702.82995605469,10.5,29.8899993896484,27.8500003814697,20.8400001525879,77.3399963378906,30.9899997711182
8.25,1681.75,11.1949996948242,29.4899997711182,27.7199993133545,21.1499996185303,76.6699981689453,30.8099994659424
9,1707.5400390625,10.9350004196167,29.8899993896484,27.9500007629395,21.4400005340576,77.3899993896484,31.0200004577637
9.25,1687.73999023438,10.8199996948242,29.4799995422363,27.4599990844727,21.0300006866455,76.1399993896484,30.2399997711182
9.10000038146973,1662.13000488281,10.5349998474121,29.2299995422363,27.2000007629395,20.2299995422363,75.0500030517578,30.2600002288818
8.85000038146973,1650.23999023438,10.8950004577637,29.0900001525879,27.8899993896484,20.3600006103516,74.7399978637695,31.1900005340576
9,1675.13000488281,11.1099996566772,30.5,27.7800006866455,20.7199993133545,78.3199996948242,32.6800003051758
9.30000019073486,1724.77001953125,11.5,30.8899993896484,28.0300006866455,21.0900001525879,80,33.2000007629395
9.69999980926514,1751.7900390625,11.5600004196167,32.3400001525879,27.9899997711182,21.5699996948242,82.6999969482422,34.7099990844727
9.14999961853027,1754.47998046875,11.5100002288818,30.1900005340576,27.8199996948242,21.0599994659424,83.6999969482422,32.9000015258789
9.35000038146973,1768.57995605469,11.8549995422363,31.0499992370605,28.3999996185303,21.1700000762939,86.1999969482422,32.2700004577637
9.94999980926514,1805.09997558594,12.5900001525879,30.6499996185303,28.6599998474121,22.1299991607666,87.0199966430664,31.2099990844727
10.0500001907349,1808.06994628906,12.5349998474121,30.5200004577637,29.3600006103516,23.0100002288818,85.8899993896484,30.8400001525879
9.89999961853027,1792.96997070312,12.1149997711182,28.8799991607666,28.7000007629395,22.2600002288818,85.5,30.4599990844727
9.80000019073486,1778.86999511719,11.7299995422363,28.5100002288818,28.5400009155273,22.2900009155273,86,29.9899997711182
9.5,1752.92004394531,10.835000038147,27.1700000762939,28.2900009155273,22.2099990844727,84.9800033569336,29.4799995422363
9.60000038146973,1778.91003417969,11.210000038147,27.9400005340576,28.0699996948242,21.9599990844727,84.0699996948242,30.0799999237061
8.75,1767.46997070312,11.5450000762939,28.1399993896484,27.8099994659424,21.9200000762939,84.4899978637695,29.4200000762939
9.19999980926514,1768.68994140625,11.1599998474121,29.7600002288818,28,21.9899997711182,85.0999984741211,31.4099998474121
9.14999961853027,1779.36999511719,11.4350004196167,28.9300003051758,28.1200008392334,22,87.3499984741211,30.8299999237061
9.19999980926514,1834.43994140625,11.8450002670288,28.9799995422363,28.5799999237061,23.3799991607666,88.4000015258789,31.0400009155273
9.39999961853027,1853.80004882812,12.2399997711182,29.0100002288818,28.75,23.6700000762939,88.4400024414062,31.1900005340576
9.30000019073486,1866.96997070312,12.375,29.5200004577637,28.6000003814697,22.9300003051758,86.8000030517578,32.2999992370605
9.39999961853027,1893.5,12.7650003433228,29.7000007629395,29.0300006866455,24.3700008392334,88.8000030517578,32.7999992370605
9.39999961853027,1945.25,12.6750001907349,30.7700004577637,30.6299991607666,24.5599994659424,91.7300033569336,33.7999992370605
9.19999980926514,1910.44995117188,12.085000038147,29.6700000762939,30.2399997711182,23.3700008392334,90.3600006103516,33.6300010681152
9.05000019073486,1928.85998535156,11.7749996185303,29.4300003051758,30.6499996185303,23.1599998474121,91.7099990844727,34.2999992370605
8.89999961853027,1948.72998046875,11.7349996566772,28.6100006103516,30.6000003814697,23.7099990844727,91.3399963378906,34.3699989318848
9.25,1945.44995117188,11.6499996185303,28.5599994659424,30.1100006103516,22.7999992370605,91.3000030517578,33.4099998474121
9.19999980926514,1917.73999023438,12.0600004196167,28.9699993133545,30.6599998474121,22.6000003814697,90.9400024414062,33.2400016784668
8.91999988555908,1847.91598510742,11.8000001907349,29.8545001029968,29.5235000610352,22.2755000114441,90.1705009460449,34.8060000419617
8.85000038146973,1891.59997558594,11.6000003814697,30.1000003814697,30.1900005340576,22.0300006866455,91.9000015258789,34.3199996948242
8.89999961853027,1871.06994628906,11.835000038147,29.8700008392334,29.6399993896484,21.2299995422363,90.3899993896484,35.0099983215332
8.75,1816.58996582031,12.125,29.5100002288818,28.8899993896484,21.4300003051758,89.3600006103516,35.9799995422363
8.5,1783.73999023438,11.9099998474121,30.7600002288818,28.7600002288818,21.2700004577637,87.370002746582,36.9799995422363
8.64999961853027,1784.58996582031,12.1099996566772,31.9699993133545,29.4099998474121,21.3199996948242,92.3099975585938,37.9500007629395
8.5,1787,12.0749998092651,30.2299995422363,29.0300006866455,21.0400009155273,91.9400024414062,37.4700012207031
8.75,1806.66003417969,12.4399995803833,30.7000007629395,29.3600006103516,21.3199996948242,94.0299987792969,37.6599998474121
8.55000019073486,1787.2099609375,12.6350002288818,31.2399997711182,29.6800003051758,21.1000003814697,91.1699981689453,37.060001373291
8.5,1732.28002929688,12.0749998092651,30.5900001525879,29.4300003051758,20.75,89.6399993896484,37.1199989318848
8.14999961853027,1652.39001464844,11.4549999237061,28.8999996185303,28.2299995422363,19.4699993133545,85.4800033569336,36.4900016784668
8.10000038146973,1674,11.2700004577637,28.3099994659424,27.9599990844727,19.8799991607666,85.2399978637695,34.4000015258789
7.69999980926514,1638.46997070312,11.375,26.9699993133545,27.6599998474121,19.0300006866455,83.8600006103516,33.5499992370605
7.69999980926514,1650.56994628906,11.3599996566772,26.7700004577637,27.75,18.9300003051758,83.0699996948242,33.3499984741211
7.69999980926514,1657.77001953125,11.3450002670288,27.5300006866455,30.1499996185303,19.3199996948242,85.9300003051758,34.4599990844727
7.94999980926514,1700.40002441406,11.4849996566772,28.0499992370605,32,19.8199996948242,89.0599975585938,35.560001373291
7.84999990463257,1672.97998046875,11.2700004577637,27.1399993896484,31.2700004577637,19.5799999237061,86.5999984741211,35.4300003051758
7.75,1710.68005371094,11.4099998474121,27.5499992370605,31.1399993896484,19.5900001525879,85.3199996948242,36.4799995422363
7.40000009536743,1742.97998046875,11.5500001907349,27.8099994659424,31.2900009155273,19.8700008392334,87.2200012207031,37.1399993896484
7.09999990463257,1710.7099609375,11.3500003814697,27.6299991607666,31.0300006866455,19.3500003814697,87.9599990844727,37.7200012207031
7.05000019073486,1706.7900390625,11.6499996185303,26.6900005340576,31.2399997711182,19.2999992370605,89.3000030517578,37.1399993896484
7,1709.7099609375,12.25,26.4099998474121,32.0299987792969,19.7000007629395,89.5999984741211,36.2599983215332
7.05000019073486,1758.84997558594,12.585000038147,26.2700004577637,32.4700012207031,20.1700000762939,91.7200012207031,36.7799987792969
7.34999990463257,1788.81005859375,12.8450002670288,27.2099990844727,32.7400016784668,20.2199993133545,92.5400009155273,37.3400001525879
7.25,1817.89001464844,12.5150003433228,27.7999992370605,32.1699981689453,20.3700008392334,91.370002746582,37.2700004577637
7.30000019073486,1845,12.5649995803833,27.2399997711182,32.4599990844727,21.0200004577637,91.3499984741211,36.2599983215332
7.34999990463257,1780.96997070312,12.2799997329712,26.3299999237061,30.25,20.0799999237061,88.6399993896484,35.560001373291
7.5,1732.59997558594,12.3199996948242,26.75,29.8400001525879,19.8999996185303,88.3000030517578,35.1100006103516
7.15000009536743,1702.10998535156,11.789999961853,25.6000003814697,29.75,19.7800006866455,88.6800003051758,34.2599983215332
7.15000009536743,1667.86999511719,11.664999961853,25.5300006866455,29.9099998474121,19.5100002288818,89.5,33.7200012207031
7.25,1653.02001953125,12.1450004577637,24.6299991607666,30.1900005340576,19.1499996185303,87.5500030517578,34.2200012207031
7.19999980926514,1671.7099609375,12.3999996185303,25.1299991607666,30.0799999237061,19.6499996185303,89.5699996948242,36.310001373291
7.30000019073486,1702.03002929688,12.039999961853,24.6599998474121,30.0400009155273,19.75,88.9700012207031,35.2000007629395
7.25,1792.02001953125,12.914999961853,25.5799999237061,30.7399997711182,20.75,94.3899993896484,36.7000007629395
7.5,1823.55004882812,13.0699996948242,26.0200004577637,31.2199993133545,20.9099998474121,94.6100006103516,36.75
6.84999990463257,1749.2900390625,12.6899995803833,24.8400001525879,30.3600006103516,20.1100006103516,90.379997253418,35.4900016784668
7.05000019073486,1697.7099609375,12.1599998474121,22.9400005340576,29.4899997711182,19.5900001525879,87.6699981689453,34.1599998474121
6.65000009536743,1605.05004882812,11.5150003433228,22.2299995422363,29.3299999237061,18.7199993133545,84.0199966430664,33.6500015258789
6.80000019073486,1630.26000976562,11.6850004196167,22.9300003051758,29.4699993133545,19.3999996185303,86.5100021362305,34.060001373291
6.75,1622.5,11.8249998092651,22.8299999237061,28.7600002288818,19.1100006103516,87.8099975585938,33.4099998474121
6.34999990463257,1604.13000488281,12.375,24.5,29.3199996948242,19.0100002288818,88,34.810001373291
6.40000009536743,1669.57995605469,12.7849998474121,26.2299995422363,29.1499996185303,19.5799999237061,90.6500015258789,35.7700004577637
6.25,1713.31994628906,13.2600002288818,29.1900005340576,30.5400009155273,19.7199993133545,93.0899963378906,40.9900016784668
6.30000019073486,1768.31005859375,13.1400003433228,29.0300006866455,32.2700004577637,20.5499992370605,94.0800018310547,41.9599990844727
6.5,1783.75,13.3100004196167,29.8400001525879,32.1199989318848,19.9799995422363,92.8399963378906,44.8699989318848
7.80000019073486,2118.23999023438,15.1899995803833,37.689998626709,36.5699996948242,24.3099994659424,104.190002441406,48.1800003051758
7.5,2007.43994140625,15.3500003814697,36.0499992370605,36.1300010681152,26.8400001525879,104.23999786377,47
7.09999990463257,2000.02001953125,15.460000038147,36.4099998474121,35.5,25.1599998474121,103.75,46.2299995422363
6.84999990463257,1962.92004394531,15.2200002670288,36.4599990844727,33.9199981689453,23.5200004577637,102.050003051758,46.4000015258789
7,2052.8701171875,15.0699996948242,37.5400009155273,34.6500015258789,25.4799995422363,105.800003051758,47.6100006103516
7.09999990463257,2109.61010742188,15.2449998855591,39.9199981689453,34.5400009155273,25.7800006866455,106.580001831055,49.2099990844727
7.30000019073486,2081.25,14.8699998855591,39.4199981689453,35.0099983215332,25.6100006103516,103.339996337891,48.8899993896484
7.30000019073486,2044.59997558594,15.4549999237061,39.7700004577637,33.689998626709,26.5699996948242,103.349998474121,49.1100006103516
7.5,2010.96997070312,15.2650003433228,40.1100006103516,33.6800003051758,26.5499992370605,102.800003051758,49.2599983215332
7.44999980926514,1992.77001953125,15.5500001907349,38.0999984741211,33.7200012207031,25.9099998474121,101.76000213623,48.4300003051758
8.55000019073486,2019.83996582031,15.5200004577637,39.3499984741211,33.6599998474121,26.6499996185303,105.050003051758,50.0400009155273
10.75,2103.44995117188,15.3950004577637,39.4900016784668,33.8400001525879,27.4699993133545,108.940002441406,51.2599983215332
11.25,2063.80004882812,15.6000003814697,39.5200004577637,33.3300018310547,27.2800006866455,106.300003051758,50.7999992370605
9.65000004768372,2065.16799926758,15.4099998474121,41.3907497406006,34.1395002365112,27.4230000495911,105.927500915527,50.8219999313354
12.1000003814697,2052.669921875,15.4099998474121,39.0400009155273,34.2099990844727,27.5300006866455,104.410003662109,50.7200012207031
10.9499998092651,2028.44995117188,15.2799997329712,38.1699981689453,33.5900001525879,26.1000003814697,103.629997253418,49.6599998474121
10.3500003814697,2052.669921875,15.7749996185303,39.6100006103516,34.4099998474121,27.5900001525879,104.839996337891,49.6300010681152
11.1999998092651,2078.419921875,15.8050003051758,43.4000015258789,33.1500015258789,28.6200008392334,106.75,53.0900001525879
10.8500003814697,2096.6298828125,16.2250003814697,43.0999984741211,35.2200012207031,28.6000003814697,109.160003662109,52.5200004577637
11.1499996185303,2125.03002929688,17.0599994659424,46.0999984741211,35.060001373291,30.9400005340576,110.849998474121,54.8600006103516
11,2128.78002929688,17,46.5550003051758,34.4900016784668,30,109.830001831055,53.7999992370605
10.9499998092651,2086.64990234375,16.6700000762939,46.5200004577637,34.4500007629395,29.4899997711182,109.050003051758,53.0099983215332
10.8000001907349,2107.11010742188,16.3400001525879,47.5299987792969,33.9599990844727,29.3899993896484,106.699996948242,53.7900009155273
12.6000003814697,2104.8701171875,15.9899997711182,48.1100006103516,34.2099990844727,29.3799991607666,107.360000610352,54.3499984741211
11.75,2089.2099609375,15.4750003814697,46.8699989318848,32.9599990844727,28.4099998474121,104.73999786377,52.6300010681152
12,2066.01000976562,15.7550001144409,46.7700004577637,33.8600006103516,27.5300006866455,103.040000915527,51.4599990844727
12.4499998092651,2098.05004882812,15.6000003814697,49.2999992370605,34.1599998474121,27.8400001525879,104.970001220703,51
11.6999998092651,2098.7099609375,15.9849996566772,49.9099998474121,35.1399993896484,27.3199996948242,104.410003662109,50.4900016784668
11,2113.42993164062,16.2250003814697,49.4700012207031,34.9099998474121,26.75,104.699996948242,50.6300010681152
11.0500001907349,2099.64990234375,16.2999992370605,49.9799995422363,34.6100006103516,26.9899997711182,104.610000610352,50.6199989318848
10.75,2068.19995117188,15.5550003051758,49.9099998474121,33.5999984741211,26.0499992370605,103.98999786377,51.7999992370605
10.6499996185303,2052.82006835938,15.6000003814697,49.5099983215332,32.9500007629395,25.8799991607666,102.949996948242,53.7799987792969
11,2100.85009765625,16.25,50.0699996948242,32.6300010681152,26.1200008392334,106.51000213623,53.7099990844727
11,2088.35009765625,16.3850002288818,48.8600006103516,31.9899997711182,26,106.889999389648,52.8800010681152
10.8500003814697,2137.919921875,15.8757500171661,49.7700004577637,31.8999996185303,27.2099990844727,107.379997253418,51.9700012207031
10.8500003814697,2185.39990234375,16.9549999237061,49.25,32.0299987792969,27.75,107.949996948242,52.2700004577637
11.25,2205.26000976562,16.7649993896484,50.3400001525879,33.25,28.0699996948242,110.180000305176,53.1500015258789
12.1000003814697,2227.27001953125,16.2549991607666,49.1300010681152,33.7299995422363,28.7800006866455,111.26000213623,51
11.3500003814697,2164.080078125,15.3850002288818,47.2799987792969,33.5,28.3099994659424,107.459999084473,51.1399993896484
11.4499998092651,2188.07006835938,14.960000038147,48.8499984741211,34.25,29.8199996948242,107.949996948242,54.0099983215332
11,2249.81005859375,15.8000001907349,47.4599990844727,33.5900001525879,31.3899993896484,110.769996643066,52.4799995422363
11.1999998092651,2239.85009765625,15.5100002288818,48.8400001525879,33.2000007629395,31.9699993133545,113.290000915527,56.1300010681152
11.75,2281.5400390625,15.6149997711182,47.5,33.75,35.6500015258789,114.160003662109,53.2799987792969
11.6000003814697,2221.27001953125,15.5,48.3699989318848,33.1100006103516,35.7599983215332,113.180000305176,54.5900001525879
11.5,2196.34008789062,15.6400003433228,50.6800003051758,32.6599998474121,34.5999984741211,112.330001831055,58.5400009155273
11.3000001907349,2182.419921875,15.2700004577637,49.7799987792969,32.9799995422363,34.2000007629395,111.870002746582,59.4000015258789
11.1499996185303,2182.59008789062,15.7600002288818,48.7449989318848,33,34.7400016784668,112.110000610352,56.9099998474121
10.8000001907349,2119.22998046875,15.8000001907349,47.8800010681152,33.1300010681152,33.4300003051758,108.410003662109,55.5200004577637
11.5249999523163,2119.05202026367,15.3000001907349,47.6522495269775,33.0424999237061,33.031999874115,107.835499954224,54.2185001373291
10.75,2163.0400390625,15.5749998092651,48.9599990844727,33.6699981689453,33.5299987792969,107.930000305176,56.2999992370605
10.5500001907349,2160.05004882812,15.5550003051758,48.939998626709,34.5800018310547,33.6699981689453,107.699996948242,56.3800010681152
10.8999996185303,2109.93994140625,15.2049999237061,48.0999984741211,33.689998626709,33.6300010681152,108.819999694824,55.7900009155273
10.9499998092651,2066.23999023438,14.8450002670288,47.810001373291,33.5800018310547,33.189998626709,104.959999084473,54.310001373291
10.8999996185303,2018.43005371094,14.2399997711182,47.1399993896484,32.7799987792969,33.060001373291,105.120002746582,54.2900009155273
10.5,1983.16003417969,14.6450004577637,46.9000015258789,31.9699993133545,32.7000007629395,104.669998168945,51.9199981689453
15.9499998092651,1886.08996582031,14,43.6199989318848,31.8299999237061,33.939998626709,98.6699981689453,48.1100006103516
12.3999996185303,2034.09997558594,14.5,46.2200012207031,32.5999984741211,33.2700004577637,104,51.5800018310547
12.6000003814697,1944.32995605469,14.3000001907349,44.4599990844727,31.8299999237061,30.9699993133545,101.389999389648,50.9300003051758
11.8999996185303,1990.4599609375,14.4650001525879,45.5099983215332,31.1499996185303,32.810001373291,101.919998168945,52.7599983215332
11.6499996185303,2065.53002929688,15.0550003051758,47.5,32.0099983215332,33.689998626709,105.790000915527,56.4599990844727
12.5500001907349,2027.30004882812,15.6300001144409,49.4099998474121,31.8600006103516,34.4599990844727,106.599998474121,57.1199989318848
12,2082.93994140625,15.5150003433228,51.7700004577637,32.7900009155273,35.3800010681152,110.519996643066,57.8499984741211
13.1000003814697,2096.419921875,15.6049995422363,53.1199989318848,34.9199981689453,35.9000015258789,111.669998168945,58.5800018310547
13.8000001907349,2099.56005859375,15.6400003433228,53.4099998474121,35.4000015258789,36.2799987792969,112.319999694824,59.2900009155273
13,2085.28002929688,15.0699996948242,53.6399993896484,35.5,36.439998626709,110.349998474121,59.6100006103516
14.0500001907349,2141.76000976562,14.9799995422363,56.2099990844727,36.5,36.5900001525879,109.339996337891,63.1800003051758
13.3500003814697,2159.26000976562,15.0249996185303,57.0699996948242,37.5800018310547,36.9799995422363,109.5,60.7099990844727
16.5,2150.580078125,15.3249998092651,57.6500015258789,37.0099983215332,37.3800010681152,112.139999389648,60.6300010681152
16.6600000858307,2197.24801025391,15.664999961853,55.0237501144409,36.943000125885,39.6219997406006,114.29049987793,57.3865001678467
18.6000003814697,2184.15991210938,16.1800003051758,58.4550018310547,38.6100006103516,37.2900009155273,113.610000610352,60.5200004577637
18.1000003814697,2233.77001953125,15.8649997711182,58.1100006103516,38.1599998474121,38.0499992370605,111.430000305176,60.810001373291
17.75,2259.7900390625,15.4799995422363,57.0699996948242,37.9900016784668,38.439998626709,114.120002746582,59
17.2999992370605,2293.05004882812,16,58.9300003051758,38.9900016784668,39.9199981689453,116.910003662109,58.3899993896484
20.75,2350.02001953125,16.6399993896484,56.8199996948242,40,44.7099990844727,119.959999084473,55.310001373291
20.6000003814697,2359.3701171875,16.6550006866455,57.7200012207031,40.9099998474121,46.0499992370605,121.949996948242,56
23.75,2443.5,16.9899997711182,59.1300010681152,40.689998626709,49.560001373291,127.26000213623,53.9099998474121
20.7999992370605,2273.19995117188,16.5300006866455,55.9099998474121,39.5800018310547,43.5400009155273,122.980003356934,51.4500007629395
21.7000007629395,2328.51000976562,16.5949993133545,55.7000007629395,39.4500007629395,49.6199989318848,123.680000305176,51.75
21.9500007629395,2320.5,16.8999996185303,57.3400001525879,39.7599983215332,49.3499984741211,123.76000213623,54.4000015258789
22.7999992370605,2282.2099609375,16.3649997711182,57.060001373291,39.7799987792969,52.6399993896484,124.25,54.6500015258789
21.1000003814697,2275,16.9500007629395,61.7599983215332,39.7999992370605,53.4199981689453,123.129997253418,56.1100006103516
18.6000003814697,2219.35009765625,16.6849994659424,61.8699989318848,39.060001373291,51.689998626709,120.720001220703,53.0699996948242
18.8500003814697,2307.10009765625,15.6450004577637,64.120002746582,39.7400016784668,51.5,122.870002746582,55.5400009155273
18.2000007629395,2368.73999023438,16.6399993896484,64.3099975585938,39.1699981689453,47.6199989318848,125.410003662109,53.2000007629395
19.5,2366.7900390625,16.7299995422363,62.3400001525879,40.189998626709,50.3499984741211,124.120002746582,55.25
19.1499996185303,2369.32006835938,16.5300006866455,61.310001373291,39.5499992370605,51.7999992370605,124.51000213623,57.6800003051758
20.7999992370605,2362.06005859375,16.5,62.7200012207031,41.4099998474121,55.310001373291,124.660003662109,58.9500007629395
22,2401.0400390625,16.25,66.370002746582,43.3800010681152,59.7900009155273,126.099998474121,60.3499984741211
25.8999996185303,2439.5,16.6100006103516,67.4199981689453,43.8600006103516,60.8499984741211,127.26000213623,60.189998626709
22.9500007629395,2396.56005859375,16.9500007629395,64.6900024414062,44.5699996948242,58.6199989318848,123.959999084473,58.8499984741211
25.6499996185303,2461.78002929688,16.9850006103516,65.9300003051758,44.1199989318848,61.0299987792969,127.139999389648,56.3600006103516
24.4500007629395,2346.94995117188,17.0400009155273,66.0800018310547,42.1199989318848,58.7700004577637,125.639999389648,55.689998626709
24.2999992370605,2287.73999023438,16.2900009155273,66.5599975585938,41.9000015258789,59.9900016784668,124.389999389648,57.0800018310547
23.1499996185303,2231.88989257812,15.8299999237061,64.1600036621094,41.2099990844727,53.6800003051758,122.919998168945,55.689998626709
21.75,2215,15.5100002288818,61.560001373291,39.7400016784668,49.3899993896484,118.900001525879,53.4900016784668
20.5499992370605,2202.72998046875,16.2600002288818,60.9700012207031,37.8899993896484,48.7000007629395,118.5,52.5699996948242
21.9500007629395,2268.90991210938,16.0900001525879,63.5699996948242,37.9000015258789,54.1100006103516,120.400001525879,53.8899993896484
21.8500003814697,2323.53002929688,16.1499996185303,64.5100021362305,37.2799987792969,55.6800003051758,121.120002746582,54.7099990844727
20.9500007629395,2351.36010742188,16.0499992370605,63.6199989318848,38.1800003051758,53.75,119.050003051758,53.3499984741211
21.4500007629395,2334.88989257812,16.7250003814697,63.0499992370605,39.560001373291,54.1300010681152,122.059997558594,53.4599990844727
21.5,2329.84008789062,16.5450000762939,63.1800003051758,39.6300010681152,53.7900009155273,120.919998168945,54.5099983215332
22.5,2382.4599609375,16.8799991607666,64.6399993896484,40.1399993896484,55.25,121.650001525879,57.5999984741211
22.4500007629395,2409.17993164062,16.2360000133514,64.4700012207031,39.689998626709,56.7900009155273,125.400001525879,57.4000015258789
21.1499996185303,2422,16.9500007629395,64.2399978637695,40.1800003051758,54.2400016784668,126.660003662109,58.0499992370605
21.1000003814697,2410.63989257812,16.8899993896484,60.9599990844727,38.810001373291,52.8899993896484,124.519996643066,56.8899993896484
20.75,2427.98999023438,16.5149993896484,62.0099983215332,38.5499992370605,51.6800003051758,124.75,57.8300018310547
20.2000007629395,2450.06005859375,16.3400001525879,60.9700012207031,37.2099990844727,52.4900016784668,124.349998474121,57.6800003051758
18.7999992370605,2409.05004882812,15.8450002670288,59.8499984741211,35.2000007629395,51.1300010681152,125.279998779297,59.439998626709
19,2404.2900390625,15.8299999237061,62.3300018310547,35.1399993896484,51.689998626709,126.110000610352,60.6399993896484
18.8999996185303,2454.21997070312,16.0699996948242,62.7999992370605,35.6699981689453,52.5299987792969,126.519996643066,59.2299995422363
18,2433.2099609375,15.875,64.4400024414062,36.0999984741211,52.3600006103516,127.279998779297,60.7400016784668
18.4500007629395,2476.89990234375,16,63.4000015258789,36.5099983215332,52.5800018310547,128.050003051758,60.3499984741211
17.8999996185303,2456.19995117188,16.0750007629395,61.8699989318848,37.0099983215332,53.0099983215332,125.930000305176,57.8499984741211
16.6000003814697,2345,15.3999996185303,60.7999992370605,36.6100006103516,47.5,122.220001220703,55.4799995422363
17.2999992370605,2357.72998046875,15.289999961853,60.7400016784668,38.0499992370605,50.3899993896484,123.910003662109,55.7700004577637
17.3999996185303,2347.05004882812,15.8500003814697,61,38.3300018310547,49.6699981689453,125.5,56.2799987792969
18.3999996185303,2395.42993164062,15.9049997329712,63.7000007629395,38.5400009155273,50.9900016784668,127.400001525879,57.9300003051758
18.6499996185303,2458.25,16.3449993133545,63.060001373291,39.1699981689453,48.75,127.569999694824,57.6100006103516
18.8999996185303,2464.14990234375,16.5699996948242,62.1399993896484,39.2700004577637,48.4500007629395,130.009994506836,57.1599998474121
18.5,2505.10009765625,16.6499996185303,63.4000015258789,40.7299995422363,48.8499984741211,129.110000610352,58.439998626709
18.25,2501.42993164062,16.5750007629395,57.0999984741211,40.0200004577637,47.8400001525879,130.389999389648,54.9300003051758
17.8999996185303,2466.080078125,16.8999996185303,55.6599998474121,39.0800018310547,47.1300010681152,128.699996948242,54.7700004577637
17.7000007629395,2440.43994140625,16.4924999237061,57.0800018310547,38.560001373291,47.3300018310547,128.669998168945,54.8499984741211
17.2000007629395,2382.93994140625,16.5,56.189998626709,38.3899993896484,47.1800003051758,128.25,52.9900016784668
17.5499992370605,2337.919921875,16.7049999237061,52.6300010681152,38.4599990844727,45.439998626709,122.620002746582,51.1800003051758
17.7000007629395,2279.35009765625,17.0400009155273,49.7999992370605,39.2900009155273,44.7099990844727,120.769996643066,46.6500015258789
19,2327.080078125,17.5,50.0699996948242,39.2200012207031,44.1699981689453,123.440002441406,47.0299987792969
17.2000007629395,2263.10009765625,17.3099994659424,49.1599998474121,36.810001373291,44.7000007629395,121.580001831055,45.7900009155273
17.6000003814697,2247.67993164062,16.7549991607666,48.8199996948242,37.1599998474121,45.4500007629395,121.830001831055,46.2099990844727
16.8500003814697,2172.25,16.6350002288818,46.8899993896484,36.1300010681152,41.1599998474121,118.290000915527,43.810001373291
17.0499992370605,2207.27001953125,16.5,46.0200004577637,36.0099983215332,40.9000015258789,120.160003662109,44.4799995422363
18.3999996185303,2282.47998046875,16.9099998474121,49.6500015258789,37.5099983215332,42.1699981689453,123.610000610352,47.4199981689453
18.25,2223.14990234375,16.4349994659424,49.7099990844727,38.9199981689453,41,121.709999084473,47.5099983215332
18.7999992370605,2211.6201171875,16.4300003051758,51.5099983215332,39.439998626709,41.2700004577637,120.790000915527,49.1699981689453
17.5,2270.01000976562,16.1299991607666,52.2099990844727,41.0200004577637,40.2900009155273,120.569999694824,49.4700012207031
17.7000007629395,2306.05004882812,16.0499992370605,51.9599990844727,41.2999992370605,40.2599983215332,120.580001831055,49.3300018310547
17.8999996185303,2293.3798828125,16.4950008392334,52.3199996948242,39.7700004577637,39.7799987792969,120.980003356934,48.8199996948242
18.1499996185303,2348.47998046875,16.4599990844727,53.310001373291,39.3400001525879,40.9000015258789,123.589996337891,50.0299987792969
17.75,2339.01000976562,16.6749992370605,52.7599983215332,39.7700004577637,40.8400001525879,123.800003051758,50.4599990844727
19.2000007629395,2347,16.5300006866455,54.9199981689453,40.6699981689453,41.5200004577637,126.220001220703,51.1199989318848
19.25,2334.78002929688,16.7900009155273,55.4900016784668,40.6599998474121,42.9599990844727,126.269996643066,50.7099990844727
19.7999992370605,2361.55004882812,16.8500003814697,57.0900001525879,41.8499984741211,43.4500007629395,125.269996643066,50.8300018310547
18.747500038147,2307.1455078125,16.8700008392334,55.1539999008179,39.2974996566772,41.689999961853,124.621999359131,49.9104997634888
20.6499996185303,2328.28002929688,17.0949993133545,58.7599983215332,40.1699981689453,43.3400001525879,126.610000610352,50.9799995422363
19,2317.919921875,17.1499996185303,58.4599990844727,39.6800003051758,42.439998626709,125.169998168945,50.7900009155273
18.7000007629395,2295.81005859375,16.3649997711182,56.3199996948242,39.189998626709,42.2599983215332,123.129997253418,48.7000007629395
18.2999992370605,2315.68994140625,16.2299995422363,57.4000015258789,39.2400016784668,41.2599983215332,124.75,50.1800003051758
18.7000007629395,2298.52001953125,16.4549999237061,58.560001373291,37.6800003051758,42.25,124.900001525879,50.7599983215332
19.3500003814697,2303.73999023438,16.5750007629395,56.7400016784668,37.4700012207031,41.6500015258789,127.839996337891,49.8800010681152
19.4500007629395,2314.06005859375,16.8850002288818,55.3800010681152,37.689998626709,42.8199996948242,126.449996948242,49.1399993896484
18.8500003814697,2324.44995117188,16.3999996185303,55.6599998474121,37.3800010681152,41.8300018310547,126.589996337891,49.5499992370605
19.1000003814697,2304.3701171875,16.5949993133545,56.1100006103516,37.5200004577637,43.0200004577637,128.610000610352,50.0099983215332
18.5499992370605,2305.0400390625,16.1650009155273,58.4099998474121,37.189998626709,40.6599998474121,128.610000610352,50.7700004577637
17.9500007629395,2301.9599609375,16.1700000762939,57.8199996948242,37.0800018310547,40.5699996948242,129.25,49.2999992370605
18.0499992370605,2298.22998046875,16.2749996185303,56.9700012207031,37.4500007629395,41.3800010681152,126.930000305176,48.8899993896484
17.3999996185303,2294,16.7999992370605,58.7999992370605,37.2599983215332,41,126.23999786377,49.7000007629395
17.3999996185303,2242.61010742188,16.5750007629395,58.4799995422363,36.8800010681152,40.7999992370605,123.720001220703,49.7000007629395
17.3999996185303,2263.07006835938,16.6900005340576,59.5,36.8600006103516,40.8800010681152,126.73999786377,48.1199989318848
17.25,2250.89990234375,16.5,59.060001373291,36.689998626709,40.5499992370605,126.099998474121,49.0499992370605
17.6499996185303,2246.28002929688,16.4249992370605,61.4099998474121,36.4900016784668,41.4500007629395,125.680000305176,50.5099983215332
17.8500003814697,2246.22998046875,16.6049995422363,61.7799987792969,36.7599983215332,42.1100006103516,124.51000213623,50.8199996948242
18.25,2281.65991210938,16.4449996948242,61.5,35.7299995422363,42.3699989318848,124.480003356934,51.7299995422363
17.2000007629395,2204.55004882812,15.7449998855591,58.7299995422363,35.5900001525879,40.4900016784668,120.720001220703,51.1100006103516
16.5499992370605,2172.18994140625,15.5649995803833,59.9900016784668,35.5099983215332,40,118.949996948242,50.7599983215332
16.5499992370605,2188.09008789062,15.960000038147,60.4799995422363,35.4599990844727,40.2999992370605,120.620002746582,50.1199989318848
16.8500003814697,2210.02001953125,16.2000007629395,61.8699989318848,35.3400001525879,40.5699996948242,123.620002746582,50.5900001525879
16.3999996185303,2238.88989257812,16.5249996185303,62.7900009155273,35.4900016784668,40.2799987792969,126.809997558594,51.7099990844727
16.1199999332428,2200.02999267578,16.9200000762939,58.8465002059936,33.9284996986389,39.0090000152588,123.526500320435,49.1214996337891
15.8999996185303,2222.32006835938,16.4850006103516,61.6399993896484,34.4199981689453,39.4099998474121,125.830001831055,50.7999992370605
15.3000001907349,2166.77001953125,16.3999996185303,58.75,33.439998626709,38.5400009155273,124.449996948242,48.6800003051758
15.1499996185303,2163.919921875,16.1299991607666,58.5499992370605,31.9899997711182,38,123.129997253418,47.5499992370605
15.25,2194.98999023438,16.2049999237061,60.060001373291,32.1800003051758,38.8899993896484,126.050003051758,49.0699996948242
15.3500003814697,2204,15.9849996566772,58.0699996948242,31.8199996948242,37.8699989318848,125.849998474121,48.4099998474121
15.25,2188.43994140625,15.7299995422363,57.0699996948242,32.1399993896484,36.7000007629395,123.459999084473,48.0800018310547
15,2176.6201171875,15.6000003814697,55.8300018310547,31.9799995422363,35.9900016784668,123.870002746582,47.1500015258789
14.75,2169.38989257812,15.7049999237061,54.7299995422363,31.6000003814697,36.2299995422363,122.900001525879,46.4199981689453
14.6499996185303,2144.71997070312,15.6800003051758,53.4000015258789,30.2199993133545,35.2799987792969,119.75,46.189998626709
13.8500003814697,2067.55004882812,14.6549997329712,51.7200012207031,28.8600006103516,34.2700004577637,117.01000213623,45.560001373291
14.3500003814697,2130.42993164062,14.9499998092651,52.9500007629395,28.8899993896484,35.560001373291,120.900001525879,46.3199996948242
15,2194.03002929688,15.5749998092651,55.7700004577637,29.1599998474121,36.6399993896484,124.930000305176,47.5200004577637
14.8000001907349,2194.40991210938,15.8549995422363,55.1399993896484,28.5599994659424,36.060001373291,123.209999084473,47.5699996948242
14.5500001907349,2202.57006835938,15.789999961853,54.9000015258789,27.2299995422363,36.2599983215332,125.26000213623,47.4599990844727
14.8000001907349,2230.69995117188,16.3899993896484,54.3899993896484,25.3500003814697,38.6500015258789,126.669998168945,46.810001373291
14.6000003814697,2246.18994140625,16.7199993133545,53.3199996948242,25.9899997711182,38,128.5,45.8199996948242
15,2226.330078125,17.0499992370605,55.7700004577637,27.9899997711182,38.2299995422363,129.529998779297,46.1399993896484
14.8000001907349,2214.34008789062,16.7099990844727,56.7400016784668,27.7399997711182,38.2900009155273,134.5,44.689998626709
14.6999998092651,2178.26000976562,16.5750007629395,55.3199996948242,25.9300003051758,37.9500007629395,131.449996948242,43.4599990844727
14.6999998092651,2170.93994140625,16.7649993896484,56,25.9899997711182,38.2799987792969,127.870002746582,43.4900016784668
14.3000001907349,2139.2900390625,16.6550006866455,55.3800010681152,24.5900001525879,37.060001373291,126.080001831055,42.7900009155273
14.5,2085.63989257812,16.625,49.5299987792969,24.1800003051758,36.0499992370605,124.389999389648,41.810001373291
14.9499998092651,2207.7099609375,17.0149993896484,52.4199981689453,24.7299995422363,37.9500007629395,126.400001525879,43.0699996948242
14.8999996185303,2182.97998046875,16.8099994659424,52.439998626709,24.6700000762939,37.2400016784668,126.660003662109,44.2799987792969
14.6999998092651,2157.78002929688,16.4699993133545,52.1300010681152,24.8500003814697,36.0200004577637,124.610000610352,43.25
14.75,2200.46997070312,16.5,53.8499984741211,24.6200008392334,35.8499984741211,126.349998474121,43.5
15,2200.21997070312,16.5100002288818,53.9099998474121,24.5300006866455,36.6100006103516,125.029998779297,43.0800018310547
14.25,2193.169921875,16.2600002288818,53.8199996948242,23.9899997711182,35.5,123.430000305176,42.7299995422363
13.4499998092651,2203.419921875,16.2399997711182,53.3899993896484,24.9099998474121,34.9500007629395,122.209999084473,42.2200012207031
13.3000001907349,2130.88989257812,16.1200008392334,50.8300018310547,24.8500003814697,33.5499992370605,121.48999786377,41.5
12.6000003814697,2113.27001953125,15.8000001907349,49.1100006103516,24.0599994659424,33.0999984741211,119.98999786377,41
12.4499998092651,2086.31005859375,16.25,49.5800018310547,25.1800003051758,33.5499992370605,119,40.8800010681152
12.6999998092651,2075.86010742188,15.7299995422363,46.7900009155273,26.5300006866455,32.6100006103516,119.230003356934,39.8600006103516
12.8000001907349,2074.73999023438,15.875,45.8899993896484,26.2900009155273,32.6599998474121,121.769996643066,39.9500007629395
13.1499996185303,2137.32006835938,16.0949993133545,47.2400016784668,27.3999996185303,33.7299995422363,123.029998779297,41
13.9499998092651,2233.11010742188,16.4650001525879,47.6699981689453,28.7600002288818,34.9900016784668,126.860000610352,40.1699981689453
14.1000003814697,2263.7900390625,16.5,49.4300003051758,29.0200004577637,36.0099983215332,127.319999694824,41.5499992370605
13.6000003814697,2276.80004882812,16.3050003051758,48.5999984741211,28.7099990844727,35.6100006103516,125.620002746582,40.6199989318848
14.1000003814697,2305.46997070312,16.3700008392334,48.3899993896484,28.4300003051758,36.1599998474121,127.559997558594,40.689998626709
13.75,2277.7099609375,16.3150005340576,47.1300010681152,28.5900001525879,34.4599990844727,125.720001220703,39.5900001525879
14.1499996185303,2299.669921875,15.8549995422363,47.6100006103516,30.4899997711182,35,124.860000610352,39.1399993896484
13.8999996185303,2286.85009765625,16.0849990844727,48.3699989318848,31.6900005340576,34.5699996948242,125.319999694824,40.6199989318848
12.75,2300.4599609375,16.1499996185303,49.2999992370605,31.2399997711182,34.5400009155273,124.389999389648,41.4000015258789
12.75,2304.44995117188,16.0249996185303,48.2099990844727,31.4200000762939,33.939998626709,123.080001831055,40.3199996948242
13.1150000095367,2300.07401123047,16.3199996948242,49.5969995498657,29.7344999313354,34.9800001144409,126.926501464844,40.1489995956421
13.1000003814697,2338.57006835938,16,50.5900001525879,32.3199996948242,34.7200012207031,123.370002746582,40.9500007629395
12.8500003814697,2315.94995117188,15.8500003814697,49.810001373291,32.1800003051758,34.3300018310547,122.76000213623,40.0699996948242
12.8500003814697,2318.669921875,15.8149995803833,50.5099983215332,31.8099994659424,34.7599983215332,125.75,40.3499984741211
12.75,2304.80004882812,15.4899997711182,50.0099983215332,30.9099998474121,34.5800018310547,127.400001525879,39.8899993896484
12.6499996185303,2322.1201171875,15.8999996185303,51.8400001525879,29.3400001525879,36.3199996948242,130.210006713867,40.0699996948242
12.6999998092651,2328.65991210938,15.4799995422363,50.5299987792969,28.3999996185303,35.4599990844727,131.820007324219,39.0099983215332
12.4499998092651,2375.96997070312,15.3999996185303,51.0099983215332,28.5900001525879,35.8300018310547,131.399993896484,38.4799995422363
12.6000003814697,2345,16.6200008392334,52.3899993896484,28.6100006103516,35.7299995422363,132.020004272461,39.5200004577637
12.1499996185303,2325.3701171875,16.8850002288818,52.1800003051758,28.8199996948242,35.7900009155273,131.210006713867,39.75
12,2340.73999023438,16.6749992370605,51.1199989318848,27.9599990844727,33.0699996948242,128.830001831055,39.7900009155273
11.9499998092651,2325.6201171875,16.4899997711182,54.4500007629395,28.2900009155273,32.4099998474121,127.819999694824,44.3600006103516
11.8999996185303,2406.11010742188,16.7700004577637,54.689998626709,28.9200000762939,33.4799995422363,129.190002441406,44.8699989318848
13.1999998092651,2475.51000976562,16.5900001525879,55.6399993896484,29.3199996948242,35.3600006103516,134.490005493164,45.4799995422363
13.9499998092651,2491.35009765625,16.9549999237061,55.8600006103516,29.0699996948242,36.6199989318848,135.479995727539,46.6300010681152
13.3500003814697,2476.52001953125,17.2999992370605,55.9799995422363,30.0599994659424,36.2000007629395,138.800003051758,47.25
12.6999998092651,2432.75,16.9699993133545,54.1800003051758,30.0100002288818,34.939998626709,136.550003051758,45.9799995422363
12.3000001907349,2377.82006835938,16.8500003814697,53.3199996948242,29.6700000762939,34.060001373291,135.160003662109,44.5200004577637
12.3500003814697,2373.8701171875,16.3299999237061,53.5900001525879,30.75,33.8499984741211,132.110000610352,44.7999992370605
12.9499998092651,2455.8701171875,17.1450004577637,55.4799995422363,31,36.9900016784668,138.149993896484,47.0499992370605
12.6499996185303,2459.52001953125,17.6599998474121,53.6800003051758,30.3299999237061,36.0200004577637,138.509994506836,45.7200012207031
12.6000003814697,2432.34008789062,17.5499992370605,52.9199981689453,31.4300003051758,35.7999992370605,139.75,45.6100006103516
12.3500003814697,2448.19995117188,16.8999996185303,54.1599998474121,31.1200008392334,36.4199981689453,139.360000610352,47.0099983215332
13.0500001907349,2469,16.7700004577637,54.7000007629395,31.6100006103516,35.9599990844727,141.169998168945,47.9099998474121
13.3500003814697,2474.3701171875,16.8299999237061,54.8899993896484,31.8199996948242,36.0299987792969,141.509994506836,47.7700004577637
12.8500003814697,2467.40991210938,16.9899997711182,52.7999992370605,31.6499996185303,35.9199981689453,142.850006103516,46.2900009155273
13.25,2464.69995117188,16.6450004577637,52.5499992370605,31.6700000762939,36.4199981689453,144.699996948242,46.7200012207031
12.8500003814697,2462.53002929688,16.4650001525879,53.2400016784668,32.2000007629395,36.0200004577637,140.830001831055,46.4099998474121
12.9499998092651,2496.21997070312,16.9449996948242,50.5099983215332,32.1399993896484,37.3300018310547,141.580001831055,47.2799987792969
13.25,2538.34008789062,17.2999992370605,51.5800018310547,32.7200012207031,37.8600006103516,144.520004272461,48.3600006103516
13.1999998092651,2502.1298828125,16.7000007629395,50.4700012207031,31.8199996948242,37.2200012207031,144.059997558594,47.0699996948242
13,2463.10009765625,16.3250007629395,50.0400009155273,31.2800006866455,36.2599983215332,140.949996948242,47.0499992370605
12.9499998092651,2384.17993164062,16.1200008392334,49.4099998474121,31.1900005340576,34.9900016784668,140.240005493164,46
12.75,2411.1298828125,16,49.5699996948242,31.2000007629395,34.5699996948242,141.5,46.4700012207031
12.6499996185303,2394.59008789062,16.0799999237061,48.3199996948242,30.4400005340576,34.0400009155273,141.660003662109,45.5099983215332
12.75,2412.97998046875,16,48.1199989318848,29.1000003814697,34.4500007629395,142.169998168945,45.7200012207031
12.6000003814697,2443.03002929688,16.25,47.5400009155273,28.8600006103516,33.9700012207031,144.449996948242,46.0200004577637
12.6499996185303,2428.09008789062,16,46.7200012207031,28.9500007629395,33.0900001525879,147.220001220703,44.7299995422363
12.8999996185303,2429.77001953125,16.3649997711182,46.9199981689453,28.8700008392334,33.3199996948242,146.039993286133,44.6199989318848
13.1999998092651,2420.78002929688,16.9549999237061,45.8699989318848,28.5599994659424,32.9700012207031,143.949996948242,43.8199996948242
13.1999998092651,2489.68994140625,17.1499996185303,46.4000015258789,29.4200000762939,32.7999992370605,144.779998779297,44.3600006103516
12.6000003814697,2453.830078125,17.2399997711182,45.3199996948242,28.9300003051758,32.189998626709,141.339996337891,42.8899993896484
12.5,2435.330078125,17.5249996185303,49.0299987792969,28.6200008392334,32.8300018310547,145.240005493164,45.7200012207031
12.5500001907349,2437.01000976562,17.6299991607666,49.1399993896484,28.6100006103516,32.4799995422363,147.440002441406,45.2700004577637
14.5,2618.96997070312,18.1200008392334,53.5499992370605,30.2099990844727,35.0400009155273,151.839996337891,47.189998626709
15.0500001907349,2639.86010742188,17.9300003051758,55.2400016784668,31.1200008392334,34.8699989318848,151.169998168945,45.8899993896484
14.1499996185303,2648.19995117188,17.4549999237061,56.2599983215332,30.4099998474121,31.3299999237061,148.460006713867,45.5099983215332
13.8000001907349,2569.78002929688,17.4050006866455,54.5999984741211,30.3799991607666,30.9099998474121,146.529998779297,43.3800010681152
13.8000001907349,2479.0400390625,17.3700008392334,53.1800003051758,30.9400005340576,30.6800003051758,143.580001831055,43.2799987792969
13.8000001907349,2451.64990234375,16.8999996185303,52.9599990844727,30.9300003051758,30.7900009155273,143.470001220703,45.1199989318848
13.3999996185303,2405.01000976562,16.7700004577637,51.6599998474121,30.8700008392334,31.4899997711182,142.910003662109,43.6100006103516
12.9499998092651,2380.330078125,16.6499996185303,51.2799987792969,29.9699993133545,30.5499992370605,141.740005493164,45.7599983215332
12.75,2366.3798828125,16.3050003051758,49.7099990844727,29.3700008392334,30.0200004577637,144.529998779297,44.1100006103516
12.3500003814697,2375.97998046875,16.2900009155273,49.2900009155273,29.4500007629395,29.7800006866455,143.589996337891,45
12.1499996185303,2339.98999023438,15.960000038147,47.5099983215332,29.0300006866455,28.9500007629395,144.369995117188,44.2299995422363
12.6499996185303,2297.1298828125,15.4849996566772,45.4799995422363,29.2299995422363,28.1700000762939,143.869995117188,42.5999984741211
12.1999998092651,2341.1298828125,15.5649995803833,45.6699981689453,29.2800006866455,28.3999996185303,145.729995727539,42.6800003051758
12.0500001907349,2323.1201171875,15.7049999237061,44.5200004577637,29.0900001525879,28.2099990844727,145.289993286133,42.0800018310547
11.852499961853,2279.98399658203,15.960000038147,45.0629999160767,28.5150003433228,27.9735000610352,141.644000244141,40.9800001144409
10.9499998092651,2155.56005859375,14.0349998474121,42.4000015258789,27.8500003814697,26.75,136.210006713867,40.5200004577637
11.0500001907349,2182.01000976562,14.2950000762939,41.8199996948242,27.1200008392334,26.5799999237061,138.070007324219,39.7000007629395
10.6999998092651,2101.85009765625,14.2349996566772,40.6100006103516,27.5,25.8600006103516,135.070007324219,38
10.3000001907349,2067.01000976562,14.9099998474121,38.2200012207031,27.9500007629395,25.0499992370605,129.960006713867,36.0200004577637
10.75,2171.92993164062,15.0649995803833,41.1500015258789,28.7700004577637,25.6599998474121,139.589996337891,38.1199989318848
10.3000001907349,2114.43994140625,15.0600004196167,39.4700012207031,25.2600002288818,24.75,138.740005493164,35.8499984741211
10.8500003814697,2227.28002929688,15.7550001144409,41.9500007629395,26.6499996185303,26.9500007629395,144.309997558594,38.4900016784668
10.9499998092651,2245.03002929688,15.7349996566772,41.4099998474121,27.8700008392334,26.8799991607666,143.149993896484,38.0800018310547
11.4499998092651,2307.19995117188,15.210000038147,42.2099990844727,27.0799999237061,27.1900005340576,144.389999389648,38.810001373291
11.6499996185303,2267.61010742188,15.0299997329712,40.7599983215332,26.0900001525879,26.7600002288818,144.309997558594,37.5400009155273
10.9499998092651,2236.36010742188,14.8850002288818,39.5099983215332,26.0100002288818,26.4300003051758,146.130004882812,36.6699981689453
10.5500001907349,2149.51000976562,14.289999961853,38.4099998474121,25.0799999237061,25.3700008392334,142.410003662109,35.7299995422363
10.0500001907349,2124.92993164062,14.3950004577637,38.9799995422363,24.9899997711182,25.1399993896484,141.979995727539,37.2599983215332
10.3000001907349,2130.3798828125,14.0100002288818,38.4199981689453,24.2800006866455,24.8700008392334,140.289993286133,37.8300018310547
9.75,2164.90991210938,14.164999961853,37.4599990844727,22.4500007629395,24.0900001525879,139,37.7000007629395
10.4499998092651,2210.4599609375,14.164999961853,38.0699996948242,22.8600006103516,25.6800003051758,140.940002441406,39.6800003051758
9.80000019073486,2208.75,14.1000003814697,38.6199989318848,21.7399997711182,24.7099990844727,140.369995117188,39.7000007629395
10.3500003814697,2365.75,15.5950002670288,40.9099998474121,23.5599994659424,26.6499996185303,148.550003051758,41.9700012207031
10.3000001907349,2385.17993164062,15.5649995803833,42.4599990844727,22.8799991607666,26.7299995422363,152.740005493164,43.0200004577637
10.75,2402.25,15.6300001144409,44.1800003051758,23.7900009155273,27.2600002288818,154.710006713867,43.9099998474121
10.5775000095367,2327.19647216797,15.6949996948242,41.6929996490478,24.1365002632141,26.7795001029968,149.50950012207,41.0584999084473
10.6499996185303,2394.51000976562,15.4241666264004,44.0299987792969,23.5699996948242,27.2399997711182,155.289993286133,42.9599990844727
10.25,2386.90991210938,15.5599561462625,43.5200004577637,23.2900009155273,27.3700008392334,155.020004272461,42.5400009155273
10.1000003814697,2384.67993164062,15.4350004196167,43.2400016784668,22.8700008392334,27.2099990844727,155.369995117188,42.4599990844727
10.3500003814697,2395.919921875,15.5,43.4900016784668,24.7600002288818,27.6000003814697,154.979995727539,42.6599998474121
10.8999996185303,2399.22998046875,15.25,42.7299995422363,24.6200008392334,27.2600002288818,155.990005493164,41.9300003051758
11.1999998092651,2461.419921875,16.0629561195597,44.5900001525879,25.1399993896484,28.4500007629395,154.479995727539,43.9500007629395
11.3999996185303,2464.92993164062,16.6000003814697,44.9500007629395,25.6900005340576,29.0200004577637,155.960006713867,44.4199981689453
10.9499998092651,2413.30004882812,16.7649993896484,43.5900001525879,24.9400005340576,28.2700004577637,151.800003051758,43.2400016784668
11.1000003814697,2429.96997070312,16.7099990844727,43.5999984741211,25.1900005340576,28.0100002288818,152.179992675781,42.0299987792969
11.3999996185303,2434.580078125,16.9099998474121,43.0999984741211,25.0200004577637,28.2299995422363,152,41.5099983215332
11.0500001907349,2426.39990234375,16.8549995422363,44.1300010681152,23.2299995422363,28.5400009155273,148.610000610352,42.5999984741211
11.3999996185303,2469.419921875,16.8700008392334,44.5,24,29.1499996185303,152.5,43.6199989318848
11.5500001907349,2436.10009765625,16.6049995422363,42.3800010681152,24.8600006103516,28.7199993133545,150,43.0400009155273
11.5500001907349,2458.97998046875,16.8150005340576,42.5999984741211,24.1299991607666,28.7600002288818,149.899993896484,42.8699989318848
11.25,2450.94995117188,16.625,41.2599983215332,23.7199993133545,28.9599990844727,147.979995727539,41.5099983215332
11.0150000095367,2413.24197998047,16.75,40.1334999084473,24.8300000190735,27.7599999427795,147.004000091553,39.5709995269775
10.9499998092651,2384.2099609375,16.3999996185303,38.4300003051758,23.3500003814697,28.1399993896484,144.520004272461,38.4099998474121
11.0500001907349,2377.09008789062,16.2199993133545,36.9099998474121,23.4699993133545,27.9899997711182,142.210006713867,37.8600006103516
11,2433.63989257812,16.8999996185303,37.5999984741211,25.2099990844727,27.9799995422363,142.240005493164,37.8199996948242
10.8000001907349,2345.86010742188,16.6450004577637,36.7999992370605,25.7700004577637,27.4899997711182,142.259994506836,35.939998626709
10.6999998092651,2349.6201171875,16.1000003814697,37.1300010681152,25.7900009155273,26.6800003051758,140.479995727539,36.2799987792969
10.6000003814697,2329.02001953125,16.0949993133545,36.2200012207031,25.4699993133545,26.6599998474121,142.389999389648,34.8199996948242
10.6000003814697,2370.6298828125,16.5200004577637,35.6800003051758,25.3299999237061,26.0499992370605,144.820007324219,34.7999992370605
10.3000001907349,2359.64990234375,16.5400009155273,34.9300003051758,24.3500003814697,25.1000003814697,137.25,34.0900001525879
10.3999996185303,2412.93994140625,16.6000003814697,35.75,25.3299999237061,25.8500003814697,143.389999389648,35.2099990844727
11.0500001907349,2456.1298828125,16.4150009155273,38.5200004577637,26.6100006103516,27.1499996185303,145.110000610352,37.4000015258789
11.1999998092651,2465.63989257812,16.7700004577637,39.4199981689453,27.0599994659424,27.6599998474121,145.720001220703,38.6100006103516
10.75,2440.97998046875,16.6100006103516,38.439998626709,26.2900009155273,27.6800003051758,144.589996337891,37.1699981689453
10.5,2437.52001953125,16.3199996948242,36.3600006103516,26.1700000762939,26.5400009155273,144.149993896484,34.5400009155273
11.0500001907349,2442.92993164062,16.5949993133545,37.6800003051758,27.1399993896484,27.0499992370605,145.5,37.0499992370605
11.1999998092651,2483.05004882812,17.0450000762939,39.0999984741211,27.3600006103516,27.8700008392334,148.639999389648,37.5400009155273
11.5,2541.3798828125,17.2399997711182,41.2000007629395,28.4599990844727,28,153.380004882812,38.3400001525879
11.6999998092651,2626.97998046875,17.7350006103516,44,29.5900001525879,29.3999996185303,153.139999389648,40.189998626709
12.6000003814697,2628.3798828125,18.2649993896484,42.0999984741211,29.8400001525879,29.3400001525879,154.199996948242,37.75
13.0500001907349,2530.01000976562,18.1900005340576,39.9900016784668,29.1399993896484,28.6100006103516,149.529998779297,35.2900009155273
12.75,2545.65991210938,17.7399997711182,39.9900016784668,29.5799999237061,28.3700008392334,151.429992675781,34.5900001525879
13.3500003814697,2635.15991210938,17.8899993896484,43.5,30.4200000762939,30.0699996948242,158,37.0900001525879
13.25,2703.26000976562,17.4699993133545,43.8199996948242,30.0100002288818,29.2299995422363,156.339996337891,36.5800018310547
12.8500003814697,2623.94995117188,16.8549995422363,42.9000015258789,29.7999992370605,28.5,153.039993286133,35.7099990844727
12.3999996185303,2616.40991210938,16.5,41.2599983215332,28.5699996948242,27.9699993133545,150.410003662109,34.6800003051758
11.7400000572205,2390.5389831543,16.1499996185303,39.6920000076294,27.7465000152588,26.672500038147,148.055498504639,34.8879999160767
12,2518.21997070312,16.3349990844727,38.8800010681152,27.6499996185303,27.1200008392334,147.160003662109,33.6800003051758
11.1000003814697,2469.830078125,16.0100002288818,37.4300003051758,27.0200004577637,26.5799999237061,143.369995117188,32.3899993896484
11.5500001907349,2295,15.5950002670288,38.7700004577637,26.8700008392334,26.6900005340576,146.089996337891,34.8699989318848
11.25,2281.4599609375,16.0100002288818,38.6100006103516,26.9599990844727,26.3899993896484,150.669998168945,34.9799995422363
11.25,2172.25,15.5100002288818,38.939998626709,25.8199996948242,25.4400005340576,148.860000610352,36.0299987792969
10.8999996185303,2072,13.9449996948242,37.6800003051758,25.7900009155273,23.6800003051758,142.169998168945,33.8899993896484
11.0500001907349,2163.52001953125,14.3800001144409,38.9300003051758,27.8700008392334,24.75,145.910003662109,34.0400009155273
10.8000001907349,2102.06005859375,13.8800001144409,36.9799995422363,26.9899997711182,23.2099990844727,142.009994506836,31.7199993133545
10.3000001907349,1985.0400390625,13.2799997329712,35.2799987792969,25,21.5799999237061,137.669998168945,29.8299999237061
9.94999980926514,1817.16003417969,12.2449998855591,34.4799995422363,22.1900005340576,20.6499996185303,129.089996337891,28.5699996948242
10.3999996185303,1899.53002929688,12.164999961853,36.5400009155273,22.8999996185303,23.0799999237061,133.919998168945,30.7399997711182
10.6000003814697,2035.46997070312,13.2650003433228,37.7999992370605,24.1399993896484,23.8099994659424,138.520004272461,31.5
10.25,2030.35998535156,13.0200004577637,37.6300010681152,21.2199993133545,24.0200004577637,142.940002441406,30.4099998474121
10.0500001907349,2017.40002441406,13.2950000762939,37.25,19.3700008392334,23.5499992370605,141.770004272461,30.7600002288818
9.64999961853027,1999.94995117188,13.8400001525879,35.3899993896484,16.75,23.7299995422363,141.559997558594,29.2700004577637
10.0500001907349,2080.17993164062,13.8649997711182,35.7400016784668,18.1800003051758,24.0799999237061,144.240005493164,29.7999992370605
10.8500003814697,2202.43994140625,14.4750003814697,37.8600006103516,23.3400001525879,25.4599990844727,150.789993286133,32.6100006103516
11.0500001907349,2161.13989257812,13.8400001525879,37.7900009155273,22.3099994659424,24.9200000762939,151.139999389648,32.8499984741211
11.25,2186.31005859375,13.710000038147,38.6199989318848,23.2099990844727,25.3799991607666,151.789993286133,33.3600006103516
11,2161.38989257812,13.6750001907349,36.8499984741211,22.5200004577637,24.9300003051758,150.350006103516,31.9799995422363
11.6499996185303,2201.9599609375,13.6999998092651,38.25,24.1800003051758,25.9099998474121,151.419998168945,33.3499984741211
11.5500001907349,2159.75,13.3249998092651,38.4300003051758,24.0200004577637,25.5499992370605,148.410003662109,33.060001373291
11.8000001907349,2261.98999023438,13,38.9799995422363,24.5,26.2399997711182,151.889999389648,34.7000007629395
12.0500001907349,2247.92993164062,13.1850004196167,37.5099983215332,22.4400005340576,26.2800006866455,151.5,34.060001373291
11.8500003814697,2276.82006835938,13.5299997329712,37.5900001525879,23.4500007629395,26.2199993133545,150.679992675781,34.7700004577637
12.1499996185303,2371.919921875,14.2349996566772,40.1599998474121,24.2299995422363,27.6700000762939,155.309997558594,37.189998626709
11.8999996185303,2327.98999023438,13.4899997711182,38.6500015258789,24.3099994659424,27.0799999237061,153.149993896484,36.5800018310547
11.8000001907349,2348.44995117188,13.5900001525879,38.4000015258789,23.1200008392334,27.1200008392334,151.740005493164,35.6800003051758
11.8000001907349,2367.830078125,13.5349998474121,37.5200004577637,24.5499992370605,27.3999996185303,150.710006713867,35.9799995422363
11.8000001907349,2374.96997070312,13.6599998474121,38.9599990844727,24.3700008392334,28.0799999237061,152.339996337891,36.5099983215332
11.4499998092651,2298,13.3450002670288,37.1500015258789,23.4899997711182,27.1000003814697,151.550003051758,34.9599990844727
11.1000003814697,2222.13989257812,12.8850002288818,36.0800018310547,23.4099998474121,26.0400009155273,145.610000610352,33.4099998474121
10.9499998092651,2213.19995117188,13.5150003433228,34.6100006103516,22.3700008392334,25.7000007629395,145.550003051758,32.2700004577637
10.6000003814697,2167.419921875,13.7550001144409,33.5900001525879,22.0699996948242,25.2999992370605,145.479995727539,32.0499992370605
10.75,2169.2099609375,14.4499998092651,33.3199996948242,21.4899997711182,25.0200004577637,143.699996948242,32.0400009155273
10.6000003814697,2181.3798828125,14.5600004196167,33.4500007629395,22.1299991607666,24.6800003051758,144.880004882812,31.9899997711182
11,2260.11010742188,14.5349998474121,34.7999992370605,22.8199996948242,26.2000007629395,153.929992675781,32.6300010681152
11.1000003814697,2227.2900390625,14.9350004196167,35.5400009155273,23.1399993896484,26.8299999237061,155.580001831055,32.6800003051758
11,2199.31005859375,14.2094737103111,34.6100006103516,22.6800003051758,26.7299995422363,156.570007324219,31.7900009155273
11.0500001907349,2239.3798828125,14.6599998474121,36.310001373291,22.7600002288818,27.8500003814697,163.139999389648,33.7999992370605
10.75,2251.80004882812,14.5249996185303,35.7000007629395,22.0200004577637,26.7000007629395,162.910003662109,33.2099990844727
10.6000003814697,2239.32006835938,15.2650003433228,34.1100006103516,21.5499992370605,26.2800006866455,156.960006713867,31.6800003051758
10.6000003814697,2213.8701171875,14.6499996185303,33.1599998474121,21.8199996948242,25.7299995422363,153.350006103516,30.8299999237061
10.6499996185303,2246.0400390625,14.3999996185303,33.9099998474121,21.6200008392334,26.0900001525879,155.940002441406,32.439998626709
10.5,2159.9599609375,13.8450002670288,32.4500007629395,20.7099990844727,24.9400005340576,151.720001220703,31.3299999237061
10.4499998092651,2258.94995117188,14.289999961853,32.2299995422363,21.6700000762939,25.5400009155273,157.059997558594,30.6800003051758
10.8000001907349,2317.80004882812,14.5600004196167,33.560001373291,22.2900009155273,26.3600006103516,161.220001220703,32.8199996948242
10.5500001907349,2210.31005859375,14.6099996566772,32.5999984741211,23.6499996185303,25.6700000762939,155.289993286133,31.4799995422363
10.5500001907349,2192.919921875,14.1124736359245,31.5,23.6800003051758,25.2800006866455,155.410003662109,30.3899993896484
10.4499998092651,2105.92993164062,14.6700000762939,30.7600002288818,23.5400009155273,24.7900009155273,148.960006713867,29.4699993133545
10.1000003814697,2103.330078125,14.1499996185303,21.5599994659424,23.6000003814697,24.5499992370605,151.389999389648,28.1000003814697
9.55000019073486,2171.90991210938,13.8249998092651,22.0300006866455,22.4200000762939,25.7999992370605,149.889999389648,26.8299999237061
8.89999961853027,2194.22998046875,13.6549997329712,20.5100002288818,21.2999992370605,22.8700008392334,143.479995727539,26.0699996948242
8.35000038146973,2023.56994628906,13.414999961853,18.6100006103516,19.7099990844727,21.2099990844727,133.309997558594,23.0499992370605
8.05000019073486,2044.97998046875,13.3400001525879,19,19.6200008392334,22.6200008392334,137.789993286133,23.6700000762939
8.05000019073486,2072.14990234375,13.6549997329712,17.7199993133545,19.9899997711182,22.8400001525879,134.509994506836,22.5699996948242
8.25,2053.05004882812,13.3000001907349,18.5900001525879,19.4899997711182,22.8099994659424,132.429992675781,23.2900009155273
8.75,2101.88989257812,13.625,20,20.8799991607666,24.7700004577637,136.589996337891,24.3899993896484
8.39999961853027,2046.01000976562,13.6000003814697,19.1399993896484,20.9799995422363,24.2000007629395,132.850006103516,23.5900001525879
8.64999961853027,2146.59008789062,14.0450000762939,19.7199993133545,21.6499996185303,25.3700008392334,135.080001831055,24.2000007629395
8.35000038146973,2050.3798828125,14.1700000762939,18.1499996185303,21.5300006866455,24.8899993896484,128.660003662109,22.4599990844727
8.35000038146973,2103.39990234375,14.0699996948242,19.2900009155273,20.9799995422363,25.0400009155273,131.710006713867,23.2399997711182
8.35000038146973,2115.89990234375,14.3000001907349,19.0699996948242,21.3899993896484,24.6499996185303,130.279998779297,23.3500003814697
8.14999961853027,2106.64990234375,14.3549995422363,20.2099990844727,20.3299999237061,23.5200004577637,132.350006103516,23.7800006866455
7.80000019073486,2050.06005859375,13.8549995422363,16.7199993133545,19.3500003814697,22.1100006103516,128.279998779297,21.5499992370605
8.14999961853027,2147.21997070312,14.4650001525879,16.6499996185303,19.5699996948242,23.4500007629395,131.740005493164,22.0400009155273
8.55000019073486,2221.51000976562,14.7049999237061,17.6800003051758,21.1100006103516,25.1700000762939,138.470001220703,23.1000003814697
8.80000019073486,2265.97998046875,14.7399997711182,17.7700004577637,21.2999992370605,25.5900001525879,142.25,23.6700000762939
8.5699999332428,2191.3005065918,14.8149995803833,17.6954998493195,21.6660000801086,24.0920001029968,135.424001693726,23.6300000190735
8.5,2243.56005859375,14.2749996185303,17.6800003051758,22.0599994659424,24.8400001525879,140.860000610352,23.2000007629395
8.44999980926514,2238.57006835938,13.9200000762939,17.0599994659424,21.7800006866455,24.2299995422363,138.419998168945,22.9400005340576
8.75,2372.36010742188,13.9200000762939,18.3700008392334,22.1200008392334,25.1299991607666,142.289993286133,24.7399997711182
8.75,2335.8701171875,13.9200000762939,17.3999996185303,21.7299995422363,24.5499992370605,142.169998168945,24.1499996185303
8.94999980926514,2347.30004882812,14,17.1599998474121,22.7700004577637,24.8700008392334,144.419998168945,24.7299995422363
9.25,2326.72998046875,13.8400001525879,17.2099990844727,23.2999992370605,24.6299991607666,143.820007324219,25.2999992370605
9.14999961853027,2345.80004882812,13.4250001907349,17.6299991607666,25.3600006103516,24.4300003051758,140.710006713867,25.8299999237061
8.89999961853027,2277.84008789062,13.3000001907349,16.9400005340576,23.0400009155273,23.3299999237061,135.800003051758,25.4400005340576
8.89999961853027,2104.9599609375,12.8400001525879,15.7700004577637,22.4300003051758,22.1100006103516,127.470001220703,23.7199993133545
8.25,1979.31994628906,12.3000001907349,14.289999961853,20.5400009155273,19.7299995422363,120.849998474121,21.5699996948242
8.10000038146973,1951.51000976562,12,14.1599998474121,22.1800003051758,19.5300006866455,119.139999389648,21.0900001525879
8.39999961853027,1973.23999023438,11.9350004196167,15.1599998474121,21.9200000762939,20,121.889999389648,22.0300006866455
8.05000019073486,1846.23999023438,11.3999996185303,13.8800001144409,20.7900009155273,18.2900009155273,115.419998168945,20.4699993133545
8.44999980926514,1906.86999511719,11.7849998474121,14.8900003433228,21.3500003814697,19.3999996185303,116.279998779297,21.8099994659424
8.21052619030601,1985.00053325452,12.4099998474121,15.2684209723222,23.7305264723928,20.213684182418,121.541578995554,22.5715788791054
7.94999980926514,1937.2900390625,11.9099998474121,14.6700000762939,23.0699996948242,18.7800006866455,114.440002441406,21.7600002288818
7.84999990463257,1889.83996582031,11.8199996948242,14.8299999237061,22.8199996948242,18.3999996185303,112.019996643066,21.5
7.69999980926514,1835.06005859375,11.8100004196167,15.8800001144409,22.7299995422363,18.2999992370605,110.519996643066,22.3700008392334
7.94999980926514,1931.05004882812,12,16.3400001525879,23.6499996185303,19.3199996948242,116.709999084473,23.0300006866455
7.84999990463257,1896.23999023438,12.0699996948242,15.8900003433228,24.5699996948242,19.3600006103516,117.029998779297,22.8600006103516
7.65000009536743,1838.42004394531,11.8199996948242,14.6099996566772,27.2199993133545,18.9099998474121,115.279998779297,22.0799999237061
7.59999990463257,1810.32995605469,11.6000003814697,14.0299997329712,27.8999996185303,18.3999996185303,113.059997558594,21.4699993133545
7.44999980926514,1748.98999023438,11.2749996185303,13.2799997329712,27.4500007629395,17.7999992370605,111.440002441406,20.4599990844727
7.59999990463257,1767.97998046875,11.5,13.4799995422363,27.7900009155273,18.4699993133545,112.98999786377,21.3400001525879
7.56552625706321,1802.32703471937,11.3950004577637,13.9289209742295,25.3150263083609,18.3936840107566,113.886077820627,21.885078997361
7.59999990463257,1787.9599609375,11.2849998474121,14,26,18.8199996948242,112.029998779297,22.5200004577637
7.34999990463257,1750.85998535156,11.6800003051758,13.2200002670288,24.8999996185303,18.1700000762939,109.75,21.5
7.65000009536743,1785.92004394531,12.0649995803833,13.7600002288818,26.6299991607666,18.7099990844727,113.900001525879,22.7399997711182
7.5,1769.47998046875,11.9200000762939,13.3999996185303,26.1599998474121,18.3999996185303,111.589996337891,22.3400001525879
7.15000009536743,1724.55004882812,11.5150003433228,12.3599996566772,24.5100002288818,17.6200008392334,111.589996337891,21.1900005340576
7.25,1738.25,11.835000038147,12.6099996566772,24.5900001525879,17.75,112.639999389648,21.5699996948242
7.30000019073486,1738.03002929688,11.539999961853,12.5100002288818,26.1100006103516,17.7999992370605,114.120002746582,21.5
7.15000009536743,1673.91003417969,12.039999961853,12.0900001525879,25.5,17.2099990844727,113.309997558594,20.6499996185303
7.19999980926514,1698.58996582031,12.1549997329712,12.9399995803833,25.3600006103516,17.3400001525879,116.339996337891,21.6700000762939
7.34999990463257,1738.7900390625,12.2600002288818,13.4099998474121,25.6100006103516,18.1000003814697,117.419998168945,22.5799999237061
7.59999990463257,1834.80004882812,12.5299997329712,13.6599998474121,26.7399997711182,19.0400009155273,121.410003662109,22.6700000762939
7.84999990463257,1834.80004882812,12.7950000762939,14.6999998092651,26.5200004577637,19.3199996948242,122.690002441406,24.1200008392334
7.55000019073486,1829.41003417969,12.5550003051758,14.1700000762939,27.0300006866455,18.7800006866455,121.970001220703,24.2299995422363
7.40000009536743,1809.88000488281,12.8800001144409,13.539999961853,26.5100002288818,18.4799995422363,120.830001831055,23.2999992370605
7.59999990463257,1834.67004394531,12.8699998855591,13.3100004196167,26.8299999237061,18.8299999237061,122.190002441406,23.3500003814697
7.25,1795.80004882812,12.6300001144409,12.5299997329712,26.2399997711182,17.9799995422363,120.220001220703,22.5499992370605
7.5,1877.57995605469,12.6499996185303,13.3100004196167,26.5499992370605,19.2000007629395,129.25,23.0900001525879
7.44999980926514,1912.93005371094,12.5900001525879,13.8800001144409,26.1700000762939,19.0200004577637,128,23.3099994659424
7.40000009536743,1935.68994140625,12.7650003433228,13.8599996566772,25.7800006866455,19.0100002288818,128.070007324219,23.4500007629395
7.59999990463257,1906.67004394531,12.7150001525879,13.8999996185303,25.2299995422363,18.9200000762939,128.690002441406,24.6000003814697
7.65000009536743,1956.30004882812,12.375,16.1599998474121,25.2999992370605,19.4300003051758,128.679992675781,29.25
7.69999980926514,1966.47998046875,12.6599998474121,16.7099990844727,26.2600002288818,20.1700000762939,130.970001220703,30.1900005340576
7.69999980926514,1947.25,12.585000038147,17.3899993896484,26.7999992370605,20.0599994659424,131.050003051758,31.8500003814697
8.25,1924.96997070312,12.6300001144409,20.2800006866455,26.5200004577637,23.8600006103516,130.320007324219,32.0099983215332
8.64999961853027,1955.80004882812,12.6499996185303,19.8299999237061,25.4200000762939,24.8400001525879,130.720001220703,31.8500003814697
8.69999980926514,1957.2099609375,12.3850002288818,18.6700000762939,25.6100006103516,24.9500007629395,131.449996948242,31.0599994659424
8.5,2023.68994140625,12.6350002288818,19.3999996185303,25.3600006103516,26.0699996948242,133.660003662109,32.7999992370605
8.75,2063.76000976562,12.5500001907349,18.8999996185303,25.9400005340576,26.0499992370605,134.690002441406,32.2400016784668
8.69999980926514,2120.97998046875,12.7550001144409,19.3999996185303,26.2800006866455,27.3400001525879,137.440002441406,32.4700012207031
8.75,2129.76000976562,13.1599998474121,19.2900009155273,26.4400005340576,27.2600002288818,137.020004272461,32.4900016784668
8.55000019073486,2151.34008789062,13.3400001525879,19.3400001525879,26.5599994659424,28,139.020004272461,32.3800010681152
8.5,2129.64990234375,12.6000003814697,17.9699993133545,26.1900005340576,27.3199996948242,137.460006713867,30.7199993133545
8.44999980926514,2144.72998046875,12.789999961853,17.6000003814697,25.9300003051758,27.1499996185303,138.770004272461,30.1499996185303
7.90000009536743,2086.919921875,12.2950000762939,16.6499996185303,26.1100006103516,26.3600006103516,135.479995727539,29.0100002288818
7.69999980926514,1972.67004394531,12.2449998855591,15.5200004577637,26.5599994659424,25.3199996948242,131.580001831055,28
7.65000009536743,1992.82995605469,12.4849996566772,15.3500003814697,26.8899993896484,25.1399993896484,132.279998779297,27.8099994659424
7.75,1990.9599609375,12.4700002670288,15.3900003433228,27.8600006103516,25.1599998474121,133.300003051758,28.7099990844727
7.84999990463257,2008.5400390625,12.6000003814697,15.8400001525879,28.6700000762939,25.6100006103516,136.080001831055,29.6200008392334
7.65000009536743,1910.9599609375,12.1049995422363,14.9700002670288,28.8700008392334,25.0400009155273,131.089996337891,28.5799999237061
7.44999980926514,1898.66003417969,12.1049995422363,14.7299995422363,27.3600006103516,24.5799999237061,129.470001220703,28.7399997711182
7.34999990463257,1880.22998046875,12.1049995422363,14.7200002670288,25.5200004577637,23.6900005340576,126.830001831055,28.7099990844727
7.25,1875.81005859375,12.3450002670288,14.7299995422363,25.7199993133545,23.7999992370605,127.360000610352,28.7600002288818
7.19999980926514,1852.51000976562,12.164999961853,14.6700000762939,25.6800003051758,23.5100002288818,127.669998168945,28.9200000762939
7.15000009536743,1837.91003417969,12.4099998474121,14.6000003814697,25.2900009155273,23.3999996185303,127.48999786377,29.0499992370605
7.48999996185303,1921.65700073242,12.0500001907349,15.8070001125336,26.1979999542236,24.6939999580383,131.518000793457,30.0849999427795
7.09999990463257,1814.84997558594,12.5,13.9700002670288,24.9099998474121,23.4699993133545,126.870002746582,28.8899993896484
7.34999990463257,1872.44995117188,12.7349996566772,14.6899995803833,25.3099994659424,24.0799999237061,131.179992675781,30.0300006866455
7.40000009536743,1906.02001953125,12.4499998092651,17.1700000762939,25.1000003814697,24.5200004577637,132.970001220703,30.6800003051758
7.55000019073486,1981.03002929688,12.789999961853,18.1100006103516,25.5499992370605,25.2600002288818,135.910003662109,31.7800006866455
7.84999990463257,2013.31994628906,12.8100004196167,18.1900005340576,25.9599990844727,25.6599998474121,136.649993896484,32.5
7.59999990463257,1920.80004882812,12.4899997711182,16.8799991607666,25.4500007629395,25.25,130.460006713867,31.3199996948242
7.59999990463257,1967.38000488281,12.1800003051758,17.1100006103516,25.9400005340576,25.8199996948242,134.830001831055,33.0499992370605
7.59999990463257,1956.77001953125,12.4700002670288,16.9899997711182,26.4599990844727,25.8600006103516,135.240005493164,33.1300010681152
7.40000009536743,1876.44995117188,11.8699998855591,16.2700004577637,25.1299991607666,24.3899993896484,130.800003051758,31.9300003051758
7.34999990463257,1902.98999023438,12.1400003433228,16.2399997711182,25.7299995422363,24.3199996948242,132.300003051758,31.4899997711182
7.19999980926514,1896.63000488281,12.0299997329712,16.8700008392334,26.7000007629395,24.6200008392334,131.679992675781,31.4899997711182
7.05000019073486,1806.69995117188,11.8549995422363,15.9399995803833,24.4300003051758,23.5300006866455,124.629997253418,30.4699993133545
6.75,1720.57995605469,11.5900001525879,14.6899995803833,25.6000003814697,22.4599990844727,119.419998168945,28.5799999237061
6.55000019073486,1669.88000488281,11.0500001907349,13.9899997711182,25.9899997711182,22.0599994659424,118.330001831055,27.8199996948242
6.09999990463257,1669.25,10.835000038147,13.5200004577637,27.3700008392334,21.8400001525879,117.480003356934,26.8899993896484
6.05000019073486,1669.16003417969,10.8500003814697,14.1599998474121,27.6599998474121,22.2900009155273,118.169998168945,27.5699996948242
6.25,1726.88000488281,10.8500003814697,14.5,28.2999992370605,22.9899997711182,123.669998168945,28.0400009155273
5.94999980926514,1678.92004394531,10.460000038147,13.4799995422363,27.1800003051758,22.3700008392334,121.860000610352,26.4200000762939
5.80000019073486,1643.2099609375,10.4799995422363,13.1700000762939,27.3099994659424,22.0799999237061,120.620002746582,26.5
5.75,1678.93005371094,10.4799995422363,12.9499998092651,27.6800003051758,22,121.769996643066,26.7199993133545
5.94999980926514,1759.0400390625,11.0600004196167,13.8000001907349,28.6900005340576,23.6200008392334,125.970001220703,29.1900005340576
6.05000019073486,1726.7099609375,11.0799999237061,13.75,30.2399997711182,23.3099994659424,125.919998168945,29.1800003051758
5.94999980926514,1709.72998046875,10.8850002288818,13.6999998092651,29.4599990844727,23.2600002288818,123.349998474121,29.7299995422363
5.84999990463257,1685.16003417969,10.6450004577637,12.5100002288818,28.3299999237061,22.8799991607666,121.370002746582,28.0699996948242
5.55000019073486,1671.32995605469,10.6499996185303,12.8100004196167,26.6000003814697,22.3099994659424,120.330001831055,27.5300006866455
5.5,1634.60998535156,10.5900001525879,11.2700004577637,23.6299991607666,22.1700000762939,117.879997253418,24.6599998474121
5.5,1675.61999511719,10.2799997329712,11.8999996185303,23.8600006103516,22.9400005340576,121,25.9799995422363
5.40000009536743,1692.13000488281,10.6099996566772,11.9899997711182,24.2999992370605,22.6700000762939,123.099998474121,25
5.25,1670.48999023438,11.1800003051758,11.7700004577637,23.6700000762939,22.2099990844727,122.580001831055,24.7099990844727
5.40000009536743,1747.48999023438,11.3800001144409,12.6599998474121,24.2399997711182,23.2999992370605,126.410003662109,25.9400005340576
5.5,1773.9599609375,11.4049997329712,13.289999961853,24.5300006866455,24.3899993896484,128.600006103516,27.6100006103516
5.55000019073486,1771.81994628906,11.4200000762939,13.0200004577637,22.6200008392334,23.6100006103516,128.699996948242,27.5300006866455
5.69999980926514,1773.61999511719,11.3249998092651,13.3100004196167,23.2600002288818,23.6800003051758,126.550003051758,27.8700008392334
5.59999990463257,1822.7900390625,11.1750001907349,13.5600004196167,23.9400005340576,24.4400005340576,131.229995727539,28.0200004577637
5.30000019073486,1808.56005859375,11.4350004196167,13.8999996185303,20.3600006103516,23.9899997711182,130.630004882812,27.6499996185303
5.34999990463257,1874.60998535156,11.6899995803833,14.8100004196167,21.8799991607666,24.0100002288818,130.639999389648,28.3600006103516
5.25,1851.52001953125,11.9650001525879,14.7600002288818,23.3199996948242,23.5499992370605,129.990005493164,28.2000007629395
4.94500017166138,1833.73999023438,11.8699998855591,14.6300001144409,23.2000007629395,23.4300003051758,133.399993896484,27.8199996948242
4.84000015258789,1871.71997070312,11.7449998855591,14.5200004577637,22.8299999237061,23.4899997711182,134.639999389648,27.5
5,1869.47998046875,12.2950000762939,14.6400003433228,22.6299991607666,23.6200008392334,135.259994506836,26.5699996948242
5.19999980926514,1889.52001953125,12.2849998474121,15.1499996185303,24.5400009155273,23.9300003051758,133.740005493164,29.75
5.75,1778.18005371094,12.0200004577637,14,25.5,22.7399997711182,129.729995727539,28.8099994659424
6,1825.72998046875,12.1599998474121,13.7200002670288,26.5200004577637,23.1700000762939,128.5,28.7299995422363
6.19999980926514,1874.40002441406,12.3000001907349,13.7399997711182,28,23.7199993133545,130.009994506836,28.3899993896484
5.75,1833.81994628906,12.7650003433228,14.1400003433228,26.9899997711182,23.7999992370605,128.869995117188,27.6900005340576
5.65000009536743,1859.18994140625,13.0150003433228,10.8999996185303,27.1700000762939,19.6800003051758,130.830001831055,27.4400005340576
5.59999990463257,1865.81994628906,12.960000038147,10.6400003433228,25,19.9099998474121,129.889999389648,26.5499992370605
6,1946.51000976562,13.2449998855591,11.2799997329712,27.5,20.8600006103516,136.619995117188,28.8500003814697
6.40000009536743,2015.77001953125,13.0600004196167,12.6999998092651,28.8400001525879,22.1700000762939,140.630004882812,29.1499996185303
6.40000009536743,1979.25,13.1499996185303,12.9499998092651,27.7199993133545,21.5200004577637,138.759994506836,29.0699996948242
6.34999990463257,2001.90002441406,13.1400003433228,13.0699996948242,29.2800006866455,21.3299999237061,138.539993286133,31.5699996948242
6.15000009536743,2013.78002929688,12.7700004577637,11.9700002670288,28.7600002288818,20.3400001525879,138.380004882812,30.0400009155273
6,1940.76000976562,12.5100002288818,11.3500003814697,29.1700000762939,20.2600002288818,137.960006713867,28.8799991607666
6.15000009536743,1940.28002929688,12.7600002288818,11.210000038147,28.3500003814697,19.9099998474121,139.509994506836,28.9599990844727
6.25,1919.48999023438,12.8800001144409,11.0500001907349,27.5,19.0900001525879,137.910003662109,28.25
6.05000019073486,1946.96997070312,12.6899995803833,11.0500001907349,26.7700004577637,19.5400009155273,139.990005493164,28.0799999237061
6,1969.44995117188,13.0699996948242,11.3100004196167,27.1100006103516,19.6399993896484,138.539993286133,28.7900009155273
6.51750001907349,1997.55300292969,13.2749996185303,11.3105000495911,29.606000328064,19.9940000534058,138.768500518799,28.4680000305176
6.19999980926514,1984.63000488281,13.0500001907349,11.1400003433228,25.9500007629395,19.8299999237061,138.25,28.5
6.40000009536743,1984.90002441406,13.0799999237061,10.6999998092651,28.1100006103516,19.4500007629395,137,27.7600002288818
6.69999980926514,2017.16003417969,12.9300003051758,10.7600002288818,29.2000007629395,19.5799999237061,138.75,27.7600002288818
6.94999980926514,2079.44995117188,12.8249998092651,11.2200002670288,31.9500007629395,20.3899993896484,142.619995117188,29.1399993896484
7.30000019073486,2060.2900390625,13.0349998474121,11.1999998092651,31.8700008392334,20.6200008392334,142.300003051758,28.3400001525879
7.34999990463257,2085.43994140625,13.1000003814697,11.1000003814697,32.2599983215332,20.3099994659424,141.419998168945,28.75
6.90000009536743,2056.52001953125,13.1549997329712,10.7799997329712,32.7000007629395,19.5799999237061,139.139999389648,27.7000007629395
6.55000019073486,2042.18994140625,12.9849996566772,10.4099998474121,33.1100006103516,19.0200004577637,137.570007324219,26.9200000762939
7.55000019073486,1955.56005859375,12.8950004577637,10.3199996948242,32.2700004577637,17.7999992370605,134.320007324219,26.3999996185303
6.69999980926514,2010.76000976562,12.875,10.6400003433228,33.7000007629395,18.6399993896484,137.160003662109,26.4500007629395
6.59999990463257,2019.97998046875,13.2299995422363,10.9499998092651,32.4099998474121,18.4899997711182,137.429992675781,26.5499992370605
6.69999980926514,2080,13.1750001907349,11.5100002288818,33.1500015258789,18.5599994659424,138.75,27.0300006866455
6.65000009536743,2047.82995605469,13.0349998474121,11.6000003814697,33.3199996948242,18.9300003051758,138.110000610352,26.9799995422363
6.90000009536743,2006.80004882812,12.8500003814697,11.8900003433228,34.4099998474121,18.6800003051758,136.050003051758,27.4699993133545
6.84999990463257,1965.68994140625,12.9099998474121,11.3500003814697,34.6300010681152,18.1599998474121,133.25,26.2399997711182
6.59999990463257,1938.55004882812,12.6800003051758,11.0900001525879,34.8199996948242,18,130.990005493164,25.9699993133545
6.59999990463257,1931.43994140625,12.8649997711182,10.3199996948242,34.5200004577637,17.2600002288818,129.899993896484,24.9500007629395
6.65000009536743,1958.51000976562,12.539999961853,10.3599996566772,34.5,17.4899997711182,129.490005493164,24.9599990844727
6.65000009536743,1970.90002441406,13.0600004196167,10.4799995422363,34.9599990844727,17.7999992370605,127.25,25.3600006103516
6.69999980926514,1932.98999023438,12.7799997329712,10.1000003814697,34.8199996948242,17.4799995422363,125.940002441406,24.6399993896484
6.90000009536743,1971.52001953125,12.5749998092651,10.210000038147,33.9900016784668,17.8500003814697,126.430000305176,24.6399993896484
6.75,1998.27001953125,12.7234615179209,9.86999988555908,35.4599990844727,17.6100006103516,125.73999786377,24.3999996185303
6.90000009536743,1958.83996582031,12.3249998092651,10.1199998855591,34.5499992370605,17.2600002288818,124.019996643066,24.5900001525879
7,2003.51000976562,12.3999996185303,10.8500003814697,34.7299995422363,17.8600006103516,126.040000915527,24.9099998474121
6.75,2015.28002929688,12.210000038147,11.0200004577637,34.4000015258789,17.9799995422363,126.360000610352,24.7299995422363
